ISO-10303-21;
HEADER;
/* Generated by software containing ST-Developer
 * from STEP Tools, Inc. (www.steptools.com) 
 */

FILE_DESCRIPTION(
/* description */ (''),
/* implementation_level */ '2;1');

FILE_NAME(
/* name */ '',
/* time_stamp */ '2025-08-11T19:50:28+08:00',
/* author */ ('15803'),
/* organization */ (''),
/* preprocessor_version */ 'ST-DEVELOPER v20',
/* originating_system */ 'Autodesk Inventor 2025',
/* authorisation */ '');

FILE_SCHEMA (('AUTOMOTIVE_DESIGN { 1 0 10303 214 3 1 1 }'));
ENDSEC;

DATA;
#10=MECHANICAL_DESIGN_GEOMETRIC_PRESENTATION_REPRESENTATION('',(#13),#2320);
#11=SHAPE_REPRESENTATION_RELATIONSHIP('SRR','None',#2327,#12);
#12=ADVANCED_BREP_SHAPE_REPRESENTATION('',(#14),#2319);
#13=STYLED_ITEM('',(#2336),#14);
#14=MANIFOLD_SOLID_BREP('\X2\5B9E4F53\X0\1',#1323);
#15=FACE_BOUND('',#128,.T.);
#16=FACE_BOUND('',#129,.T.);
#17=FACE_BOUND('',#130,.T.);
#18=FACE_BOUND('',#131,.T.);
#19=FACE_BOUND('',#132,.T.);
#20=FACE_BOUND('',#133,.T.);
#21=FACE_BOUND('',#134,.T.);
#22=FACE_BOUND('',#135,.T.);
#23=FACE_BOUND('',#136,.T.);
#24=FACE_BOUND('',#137,.T.);
#25=FACE_BOUND('',#138,.T.);
#26=FACE_BOUND('',#139,.T.);
#27=FACE_BOUND('',#140,.T.);
#28=FACE_BOUND('',#204,.T.);
#29=FACE_BOUND('',#205,.T.);
#30=FACE_BOUND('',#206,.T.);
#31=FACE_BOUND('',#207,.T.);
#32=FACE_BOUND('',#208,.T.);
#33=FACE_BOUND('',#209,.T.);
#34=FACE_BOUND('',#210,.T.);
#35=FACE_BOUND('',#211,.T.);
#36=FACE_BOUND('',#212,.T.);
#37=FACE_BOUND('',#213,.T.);
#38=FACE_BOUND('',#214,.T.);
#39=FACE_BOUND('',#215,.T.);
#40=FACE_BOUND('',#216,.T.);
#41=PLANE('',#1349);
#42=PLANE('',#1350);
#43=PLANE('',#1400);
#44=PLANE('',#1403);
#45=PLANE('',#1410);
#46=PLANE('',#1413);
#47=PLANE('',#1416);
#48=PLANE('',#1425);
#49=PLANE('',#1428);
#50=PLANE('',#1437);
#51=PLANE('',#1444);
#52=PLANE('',#1477);
#53=PLANE('',#1480);
#54=PLANE('',#1481);
#55=PLANE('',#1484);
#56=PLANE('',#1485);
#57=PLANE('',#1488);
#58=PLANE('',#1507);
#59=FACE_OUTER_BOUND('',#125,.T.);
#60=FACE_OUTER_BOUND('',#126,.T.);
#61=FACE_OUTER_BOUND('',#127,.T.);
#62=FACE_OUTER_BOUND('',#141,.T.);
#63=FACE_OUTER_BOUND('',#142,.T.);
#64=FACE_OUTER_BOUND('',#143,.T.);
#65=FACE_OUTER_BOUND('',#144,.T.);
#66=FACE_OUTER_BOUND('',#145,.T.);
#67=FACE_OUTER_BOUND('',#146,.T.);
#68=FACE_OUTER_BOUND('',#147,.T.);
#69=FACE_OUTER_BOUND('',#148,.T.);
#70=FACE_OUTER_BOUND('',#149,.T.);
#71=FACE_OUTER_BOUND('',#150,.T.);
#72=FACE_OUTER_BOUND('',#151,.T.);
#73=FACE_OUTER_BOUND('',#152,.T.);
#74=FACE_OUTER_BOUND('',#153,.T.);
#75=FACE_OUTER_BOUND('',#154,.T.);
#76=FACE_OUTER_BOUND('',#155,.T.);
#77=FACE_OUTER_BOUND('',#156,.T.);
#78=FACE_OUTER_BOUND('',#157,.T.);
#79=FACE_OUTER_BOUND('',#158,.T.);
#80=FACE_OUTER_BOUND('',#159,.T.);
#81=FACE_OUTER_BOUND('',#160,.T.);
#82=FACE_OUTER_BOUND('',#161,.T.);
#83=FACE_OUTER_BOUND('',#162,.T.);
#84=FACE_OUTER_BOUND('',#163,.T.);
#85=FACE_OUTER_BOUND('',#164,.T.);
#86=FACE_OUTER_BOUND('',#165,.T.);
#87=FACE_OUTER_BOUND('',#166,.T.);
#88=FACE_OUTER_BOUND('',#167,.T.);
#89=FACE_OUTER_BOUND('',#168,.T.);
#90=FACE_OUTER_BOUND('',#169,.T.);
#91=FACE_OUTER_BOUND('',#170,.T.);
#92=FACE_OUTER_BOUND('',#171,.T.);
#93=FACE_OUTER_BOUND('',#172,.T.);
#94=FACE_OUTER_BOUND('',#173,.T.);
#95=FACE_OUTER_BOUND('',#174,.T.);
#96=FACE_OUTER_BOUND('',#175,.T.);
#97=FACE_OUTER_BOUND('',#176,.T.);
#98=FACE_OUTER_BOUND('',#177,.T.);
#99=FACE_OUTER_BOUND('',#178,.T.);
#100=FACE_OUTER_BOUND('',#179,.T.);
#101=FACE_OUTER_BOUND('',#180,.T.);
#102=FACE_OUTER_BOUND('',#181,.T.);
#103=FACE_OUTER_BOUND('',#182,.T.);
#104=FACE_OUTER_BOUND('',#183,.T.);
#105=FACE_OUTER_BOUND('',#184,.T.);
#106=FACE_OUTER_BOUND('',#185,.T.);
#107=FACE_OUTER_BOUND('',#186,.T.);
#108=FACE_OUTER_BOUND('',#187,.T.);
#109=FACE_OUTER_BOUND('',#188,.T.);
#110=FACE_OUTER_BOUND('',#189,.T.);
#111=FACE_OUTER_BOUND('',#190,.T.);
#112=FACE_OUTER_BOUND('',#191,.T.);
#113=FACE_OUTER_BOUND('',#192,.T.);
#114=FACE_OUTER_BOUND('',#193,.T.);
#115=FACE_OUTER_BOUND('',#194,.T.);
#116=FACE_OUTER_BOUND('',#195,.T.);
#117=FACE_OUTER_BOUND('',#196,.T.);
#118=FACE_OUTER_BOUND('',#197,.T.);
#119=FACE_OUTER_BOUND('',#198,.T.);
#120=FACE_OUTER_BOUND('',#199,.T.);
#121=FACE_OUTER_BOUND('',#200,.T.);
#122=FACE_OUTER_BOUND('',#201,.T.);
#123=FACE_OUTER_BOUND('',#202,.T.);
#124=FACE_OUTER_BOUND('',#203,.T.);
#125=EDGE_LOOP('',(#825,#826,#827,#828));
#126=EDGE_LOOP('',(#829,#830,#831,#832));
#127=EDGE_LOOP('',(#833,#834,#835,#836,#837,#838,#839,#840));
#128=EDGE_LOOP('',(#841,#842,#843,#844,#845,#846,#847,#848,#849,#850,#851,
#852,#853,#854,#855,#856,#857,#858,#859,#860,#861,#862,#863,#864));
#129=EDGE_LOOP('',(#865));
#130=EDGE_LOOP('',(#866));
#131=EDGE_LOOP('',(#867));
#132=EDGE_LOOP('',(#868));
#133=EDGE_LOOP('',(#869));
#134=EDGE_LOOP('',(#870));
#135=EDGE_LOOP('',(#871));
#136=EDGE_LOOP('',(#872));
#137=EDGE_LOOP('',(#873,#874,#875,#876,#877,#878));
#138=EDGE_LOOP('',(#879,#880,#881,#882,#883,#884));
#139=EDGE_LOOP('',(#885,#886,#887,#888,#889,#890));
#140=EDGE_LOOP('',(#891,#892,#893,#894,#895,#896));
#141=EDGE_LOOP('',(#897,#898,#899,#900));
#142=EDGE_LOOP('',(#901,#902,#903,#904));
#143=EDGE_LOOP('',(#905,#906,#907,#908));
#144=EDGE_LOOP('',(#909,#910,#911,#912));
#145=EDGE_LOOP('',(#913,#914,#915,#916));
#146=EDGE_LOOP('',(#917,#918,#919,#920));
#147=EDGE_LOOP('',(#921,#922,#923,#924));
#148=EDGE_LOOP('',(#925,#926,#927,#928));
#149=EDGE_LOOP('',(#929,#930,#931,#932));
#150=EDGE_LOOP('',(#933,#934,#935,#936));
#151=EDGE_LOOP('',(#937,#938,#939,#940));
#152=EDGE_LOOP('',(#941,#942,#943,#944));
#153=EDGE_LOOP('',(#945,#946,#947,#948));
#154=EDGE_LOOP('',(#949,#950,#951,#952));
#155=EDGE_LOOP('',(#953,#954,#955,#956));
#156=EDGE_LOOP('',(#957,#958,#959,#960));
#157=EDGE_LOOP('',(#961,#962,#963,#964));
#158=EDGE_LOOP('',(#965,#966,#967,#968));
#159=EDGE_LOOP('',(#969,#970,#971,#972));
#160=EDGE_LOOP('',(#973,#974,#975,#976));
#161=EDGE_LOOP('',(#977,#978,#979,#980));
#162=EDGE_LOOP('',(#981,#982,#983,#984));
#163=EDGE_LOOP('',(#985,#986,#987,#988));
#164=EDGE_LOOP('',(#989,#990,#991,#992));
#165=EDGE_LOOP('',(#993,#994,#995,#996));
#166=EDGE_LOOP('',(#997,#998,#999,#1000));
#167=EDGE_LOOP('',(#1001,#1002,#1003,#1004));
#168=EDGE_LOOP('',(#1005,#1006,#1007,#1008));
#169=EDGE_LOOP('',(#1009,#1010,#1011,#1012));
#170=EDGE_LOOP('',(#1013,#1014,#1015,#1016));
#171=EDGE_LOOP('',(#1017,#1018,#1019,#1020));
#172=EDGE_LOOP('',(#1021,#1022,#1023,#1024));
#173=EDGE_LOOP('',(#1025,#1026,#1027,#1028));
#174=EDGE_LOOP('',(#1029,#1030,#1031,#1032));
#175=EDGE_LOOP('',(#1033,#1034,#1035,#1036));
#176=EDGE_LOOP('',(#1037,#1038,#1039,#1040));
#177=EDGE_LOOP('',(#1041,#1042,#1043,#1044));
#178=EDGE_LOOP('',(#1045,#1046,#1047,#1048));
#179=EDGE_LOOP('',(#1049,#1050,#1051,#1052));
#180=EDGE_LOOP('',(#1053,#1054,#1055,#1056));
#181=EDGE_LOOP('',(#1057,#1058,#1059,#1060));
#182=EDGE_LOOP('',(#1061,#1062,#1063,#1064));
#183=EDGE_LOOP('',(#1065,#1066,#1067,#1068));
#184=EDGE_LOOP('',(#1069,#1070,#1071,#1072));
#185=EDGE_LOOP('',(#1073,#1074,#1075,#1076));
#186=EDGE_LOOP('',(#1077,#1078,#1079,#1080));
#187=EDGE_LOOP('',(#1081,#1082,#1083,#1084));
#188=EDGE_LOOP('',(#1085,#1086,#1087,#1088));
#189=EDGE_LOOP('',(#1089,#1090,#1091,#1092));
#190=EDGE_LOOP('',(#1093,#1094,#1095,#1096));
#191=EDGE_LOOP('',(#1097,#1098,#1099,#1100));
#192=EDGE_LOOP('',(#1101,#1102,#1103,#1104));
#193=EDGE_LOOP('',(#1105,#1106,#1107,#1108));
#194=EDGE_LOOP('',(#1109,#1110,#1111,#1112));
#195=EDGE_LOOP('',(#1113,#1114,#1115,#1116));
#196=EDGE_LOOP('',(#1117,#1118,#1119,#1120));
#197=EDGE_LOOP('',(#1121,#1122,#1123,#1124));
#198=EDGE_LOOP('',(#1125,#1126,#1127,#1128));
#199=EDGE_LOOP('',(#1129,#1130,#1131,#1132));
#200=EDGE_LOOP('',(#1133,#1134,#1135,#1136));
#201=EDGE_LOOP('',(#1137,#1138,#1139,#1140));
#202=EDGE_LOOP('',(#1141,#1142,#1143,#1144));
#203=EDGE_LOOP('',(#1145,#1146,#1147,#1148,#1149,#1150,#1151,#1152));
#204=EDGE_LOOP('',(#1153,#1154,#1155,#1156,#1157,#1158,#1159,#1160,#1161,
#1162,#1163,#1164,#1165,#1166,#1167,#1168,#1169,#1170,#1171,#1172,#1173,
#1174,#1175,#1176));
#205=EDGE_LOOP('',(#1177));
#206=EDGE_LOOP('',(#1178));
#207=EDGE_LOOP('',(#1179));
#208=EDGE_LOOP('',(#1180));
#209=EDGE_LOOP('',(#1181));
#210=EDGE_LOOP('',(#1182));
#211=EDGE_LOOP('',(#1183));
#212=EDGE_LOOP('',(#1184));
#213=EDGE_LOOP('',(#1185,#1186,#1187,#1188,#1189,#1190));
#214=EDGE_LOOP('',(#1191,#1192,#1193,#1194,#1195,#1196));
#215=EDGE_LOOP('',(#1197,#1198,#1199,#1200,#1201,#1202));
#216=EDGE_LOOP('',(#1203,#1204,#1205,#1206,#1207,#1208));
#217=LINE('',#1936,#313);
#218=LINE('',#1939,#314);
#219=LINE('',#1942,#315);
#220=LINE('',#1944,#316);
#221=LINE('',#1945,#317);
#222=LINE('',#1964,#318);
#223=LINE('',#1968,#319);
#224=LINE('',#1972,#320);
#225=LINE('',#1976,#321);
#226=LINE('',#1980,#322);
#227=LINE('',#1984,#323);
#228=LINE('',#1988,#324);
#229=LINE('',#1992,#325);
#230=LINE('',#1996,#326);
#231=LINE('',#2000,#327);
#232=LINE('',#2004,#328);
#233=LINE('',#2032,#329);
#234=LINE('',#2044,#330);
#235=LINE('',#2056,#331);
#236=LINE('',#2068,#332);
#237=LINE('',#2073,#333);
#238=LINE('',#2076,#334);
#239=LINE('',#2077,#335);
#240=LINE('',#2080,#336);
#241=LINE('',#2083,#337);
#242=LINE('',#2086,#338);
#243=LINE('',#2087,#339);
#244=LINE('',#2090,#340);
#245=LINE('',#2094,#341);
#246=LINE('',#2100,#342);
#247=LINE('',#2101,#343);
#248=LINE('',#2104,#344);
#249=LINE('',#2105,#345);
#250=LINE('',#2109,#346);
#251=LINE('',#2112,#347);
#252=LINE('',#2113,#348);
#253=LINE('',#2118,#349);
#254=LINE('',#2119,#350);
#255=LINE('',#2122,#351);
#256=LINE('',#2123,#352);
#257=LINE('',#2127,#353);
#258=LINE('',#2130,#354);
#259=LINE('',#2133,#355);
#260=LINE('',#2136,#356);
#261=LINE('',#2142,#357);
#262=LINE('',#2143,#358);
#263=LINE('',#2145,#359);
#264=LINE('',#2150,#360);
#265=LINE('',#2151,#361);
#266=LINE('',#2154,#362);
#267=LINE('',#2155,#363);
#268=LINE('',#2159,#364);
#269=LINE('',#2162,#365);
#270=LINE('',#2165,#366);
#271=LINE('',#2168,#367);
#272=LINE('',#2172,#368);
#273=LINE('',#2175,#369);
#274=LINE('',#2177,#370);
#275=LINE('',#2180,#371);
#276=LINE('',#2183,#372);
#277=LINE('',#2186,#373);
#278=LINE('',#2190,#374);
#279=LINE('',#2193,#375);
#280=LINE('',#2195,#376);
#281=LINE('',#2198,#377);
#282=LINE('',#2204,#378);
#283=LINE('',#2210,#379);
#284=LINE('',#2216,#380);
#285=LINE('',#2223,#381);
#286=LINE('',#2227,#382);
#287=LINE('',#2231,#383);
#288=LINE('',#2235,#384);
#289=LINE('',#2239,#385);
#290=LINE('',#2243,#386);
#291=LINE('',#2247,#387);
#292=LINE('',#2251,#388);
#293=LINE('',#2254,#389);
#294=LINE('',#2255,#390);
#295=LINE('',#2259,#391);
#296=LINE('',#2261,#392);
#297=LINE('',#2264,#393);
#298=LINE('',#2265,#394);
#299=LINE('',#2269,#395);
#300=LINE('',#2271,#396);
#301=LINE('',#2274,#397);
#302=LINE('',#2275,#398);
#303=LINE('',#2280,#399);
#304=LINE('',#2281,#400);
#305=LINE('',#2286,#401);
#306=LINE('',#2289,#402);
#307=LINE('',#2293,#403);
#308=LINE('',#2297,#404);
#309=LINE('',#2301,#405);
#310=LINE('',#2305,#406);
#311=LINE('',#2309,#407);
#312=LINE('',#2313,#408);
#313=VECTOR('',#1514,10.);
#314=VECTOR('',#1517,10.);
#315=VECTOR('',#1520,10.);
#316=VECTOR('',#1521,10.);
#317=VECTOR('',#1522,10.);
#318=VECTOR('',#1541,10.);
#319=VECTOR('',#1544,10.);
#320=VECTOR('',#1547,10.);
#321=VECTOR('',#1550,10.);
#322=VECTOR('',#1553,10.);
#323=VECTOR('',#1556,10.);
#324=VECTOR('',#1559,10.);
#325=VECTOR('',#1562,10.);
#326=VECTOR('',#1565,10.);
#327=VECTOR('',#1568,10.);
#328=VECTOR('',#1571,10.);
#329=VECTOR('',#1598,10.);
#330=VECTOR('',#1609,10.);
#331=VECTOR('',#1620,10.);
#332=VECTOR('',#1631,10.);
#333=VECTOR('',#1638,10.);
#334=VECTOR('',#1641,10.);
#335=VECTOR('',#1642,10.);
#336=VECTOR('',#1645,10.);
#337=VECTOR('',#1648,10.);
#338=VECTOR('',#1651,10.);
#339=VECTOR('',#1652,10.);
#340=VECTOR('',#1655,10.);
#341=VECTOR('',#1660,10.);
#342=VECTOR('',#1667,10.);
#343=VECTOR('',#1668,10.);
#344=VECTOR('',#1671,10.);
#345=VECTOR('',#1672,10.);
#346=VECTOR('',#1677,10.);
#347=VECTOR('',#1680,10.);
#348=VECTOR('',#1681,10.);
#349=VECTOR('',#1686,10.);
#350=VECTOR('',#1687,10.);
#351=VECTOR('',#1690,10.);
#352=VECTOR('',#1691,10.);
#353=VECTOR('',#1696,10.);
#354=VECTOR('',#1699,10.);
#355=VECTOR('',#1702,10.);
#356=VECTOR('',#1705,10.);
#357=VECTOR('',#1712,1.99999999999999);
#358=VECTOR('',#1713,1.99999999999999);
#359=VECTOR('',#1716,10.);
#360=VECTOR('',#1721,10.);
#361=VECTOR('',#1722,10.);
#362=VECTOR('',#1725,10.);
#363=VECTOR('',#1726,10.);
#364=VECTOR('',#1731,10.);
#365=VECTOR('',#1734,10.);
#366=VECTOR('',#1737,10.);
#367=VECTOR('',#1740,10.);
#368=VECTOR('',#1745,10.);
#369=VECTOR('',#1748,10.);
#370=VECTOR('',#1751,10.);
#371=VECTOR('',#1754,10.);
#372=VECTOR('',#1757,10.);
#373=VECTOR('',#1760,10.);
#374=VECTOR('',#1765,10.);
#375=VECTOR('',#1768,10.);
#376=VECTOR('',#1771,10.);
#377=VECTOR('',#1774,10.);
#378=VECTOR('',#1783,10.);
#379=VECTOR('',#1792,10.);
#380=VECTOR('',#1801,10.);
#381=VECTOR('',#1812,1.05);
#382=VECTOR('',#1817,1.05);
#383=VECTOR('',#1822,1.05);
#384=VECTOR('',#1827,1.05);
#385=VECTOR('',#1832,1.05);
#386=VECTOR('',#1837,1.05);
#387=VECTOR('',#1842,1.05);
#388=VECTOR('',#1847,1.05);
#389=VECTOR('',#1850,10.);
#390=VECTOR('',#1851,10.);
#391=VECTOR('',#1856,10.);
#392=VECTOR('',#1859,10.);
#393=VECTOR('',#1862,10.);
#394=VECTOR('',#1863,10.);
#395=VECTOR('',#1868,10.);
#396=VECTOR('',#1871,10.);
#397=VECTOR('',#1874,10.);
#398=VECTOR('',#1875,10.);
#399=VECTOR('',#1882,10.);
#400=VECTOR('',#1883,10.);
#401=VECTOR('',#1890,10.);
#402=VECTOR('',#1893,10.);
#403=VECTOR('',#1898,10.);
#404=VECTOR('',#1903,10.);
#405=VECTOR('',#1908,10.);
#406=VECTOR('',#1913,10.);
#407=VECTOR('',#1918,10.);
#408=VECTOR('',#1923,10.);
#409=CIRCLE('',#1347,2.);
#410=CIRCLE('',#1348,2.);
#411=CIRCLE('',#1351,40.);
#412=CIRCLE('',#1352,31.1000000000001);
#413=CIRCLE('',#1353,40.);
#414=CIRCLE('',#1354,31.1000000000001);
#415=CIRCLE('',#1355,40.);
#416=CIRCLE('',#1356,31.1000000000001);
#417=CIRCLE('',#1357,40.);
#418=CIRCLE('',#1358,31.1000000000001);
#419=CIRCLE('',#1359,28.1000000000001);
#420=CIRCLE('',#1360,2.);
#421=CIRCLE('',#1361,2.);
#422=CIRCLE('',#1362,28.1000000000001);
#423=CIRCLE('',#1363,2.);
#424=CIRCLE('',#1364,2.);
#425=CIRCLE('',#1365,28.1000000000001);
#426=CIRCLE('',#1366,2.);
#427=CIRCLE('',#1367,2.);
#428=CIRCLE('',#1368,28.1000000000001);
#429=CIRCLE('',#1369,2.);
#430=CIRCLE('',#1370,1.05);
#431=CIRCLE('',#1371,1.05);
#432=CIRCLE('',#1372,1.05);
#433=CIRCLE('',#1373,1.05);
#434=CIRCLE('',#1374,1.05);
#435=CIRCLE('',#1375,1.05);
#436=CIRCLE('',#1376,1.05);
#437=CIRCLE('',#1377,1.05);
#438=CIRCLE('',#1378,31.1000000000001);
#439=CIRCLE('',#1379,43.);
#440=CIRCLE('',#1380,31.1000000000001);
#441=CIRCLE('',#1381,2.);
#442=CIRCLE('',#1382,1.99999999999999);
#443=CIRCLE('',#1383,31.1000000000001);
#444=CIRCLE('',#1384,43.);
#445=CIRCLE('',#1385,31.1000000000001);
#446=CIRCLE('',#1386,2.);
#447=CIRCLE('',#1387,2.);
#448=CIRCLE('',#1388,31.1000000000001);
#449=CIRCLE('',#1389,43.);
#450=CIRCLE('',#1390,31.1000000000001);
#451=CIRCLE('',#1391,2.);
#452=CIRCLE('',#1392,2.);
#453=CIRCLE('',#1393,31.1000000000001);
#454=CIRCLE('',#1394,43.);
#455=CIRCLE('',#1395,31.1000000000001);
#456=CIRCLE('',#1396,2.);
#457=CIRCLE('',#1397,2.);
#458=CIRCLE('',#1399,2.);
#459=CIRCLE('',#1402,2.);
#460=CIRCLE('',#1405,2.);
#461=CIRCLE('',#1407,31.1000000000001);
#462=CIRCLE('',#1409,2.);
#463=CIRCLE('',#1412,2.);
#464=CIRCLE('',#1415,2.);
#465=CIRCLE('',#1418,2.);
#466=CIRCLE('',#1420,2.);
#467=CIRCLE('',#1422,31.1000000000001);
#468=CIRCLE('',#1424,1.99999999999999);
#469=CIRCLE('',#1427,2.);
#470=CIRCLE('',#1430,2.);
#471=CIRCLE('',#1432,2.);
#472=CIRCLE('',#1434,31.1000000000001);
#473=CIRCLE('',#1436,2.);
#474=CIRCLE('',#1439,2.);
#475=CIRCLE('',#1441,31.1000000000001);
#476=CIRCLE('',#1443,2.);
#477=CIRCLE('',#1446,43.);
#478=CIRCLE('',#1448,31.1000000000001);
#479=CIRCLE('',#1450,43.);
#480=CIRCLE('',#1452,31.1000000000001);
#481=CIRCLE('',#1454,43.);
#482=CIRCLE('',#1456,31.1000000000001);
#483=CIRCLE('',#1458,43.);
#484=CIRCLE('',#1460,31.1000000000001);
#485=CIRCLE('',#1462,1.05);
#486=CIRCLE('',#1464,1.05);
#487=CIRCLE('',#1466,1.05);
#488=CIRCLE('',#1468,1.05);
#489=CIRCLE('',#1470,1.05);
#490=CIRCLE('',#1472,1.05);
#491=CIRCLE('',#1474,1.05);
#492=CIRCLE('',#1476,1.05);
#493=CIRCLE('',#1479,28.1000000000001);
#494=CIRCLE('',#1483,28.1000000000001);
#495=CIRCLE('',#1487,28.1000000000001);
#496=CIRCLE('',#1490,28.1000000000001);
#497=CIRCLE('',#1492,31.1000000000001);
#498=CIRCLE('',#1494,40.);
#499=CIRCLE('',#1496,31.1000000000001);
#500=CIRCLE('',#1498,40.);
#501=CIRCLE('',#1500,31.1000000000001);
#502=CIRCLE('',#1502,40.);
#503=CIRCLE('',#1504,31.1000000000001);
#504=CIRCLE('',#1506,40.);
#505=VERTEX_POINT('',#1932);
#506=VERTEX_POINT('',#1933);
#507=VERTEX_POINT('',#1935);
#508=VERTEX_POINT('',#1937);
#509=VERTEX_POINT('',#1941);
#510=VERTEX_POINT('',#1943);
#511=VERTEX_POINT('',#1947);
#512=VERTEX_POINT('',#1948);
#513=VERTEX_POINT('',#1950);
#514=VERTEX_POINT('',#1952);
#515=VERTEX_POINT('',#1954);
#516=VERTEX_POINT('',#1956);
#517=VERTEX_POINT('',#1958);
#518=VERTEX_POINT('',#1960);
#519=VERTEX_POINT('',#1963);
#520=VERTEX_POINT('',#1965);
#521=VERTEX_POINT('',#1967);
#522=VERTEX_POINT('',#1969);
#523=VERTEX_POINT('',#1971);
#524=VERTEX_POINT('',#1973);
#525=VERTEX_POINT('',#1975);
#526=VERTEX_POINT('',#1977);
#527=VERTEX_POINT('',#1979);
#528=VERTEX_POINT('',#1981);
#529=VERTEX_POINT('',#1983);
#530=VERTEX_POINT('',#1985);
#531=VERTEX_POINT('',#1987);
#532=VERTEX_POINT('',#1989);
#533=VERTEX_POINT('',#1991);
#534=VERTEX_POINT('',#1993);
#535=VERTEX_POINT('',#1995);
#536=VERTEX_POINT('',#1997);
#537=VERTEX_POINT('',#1999);
#538=VERTEX_POINT('',#2001);
#539=VERTEX_POINT('',#2003);
#540=VERTEX_POINT('',#2006);
#541=VERTEX_POINT('',#2008);
#542=VERTEX_POINT('',#2010);
#543=VERTEX_POINT('',#2012);
#544=VERTEX_POINT('',#2014);
#545=VERTEX_POINT('',#2016);
#546=VERTEX_POINT('',#2018);
#547=VERTEX_POINT('',#2020);
#548=VERTEX_POINT('',#2022);
#549=VERTEX_POINT('',#2023);
#550=VERTEX_POINT('',#2025);
#551=VERTEX_POINT('',#2027);
#552=VERTEX_POINT('',#2029);
#553=VERTEX_POINT('',#2031);
#554=VERTEX_POINT('',#2034);
#555=VERTEX_POINT('',#2035);
#556=VERTEX_POINT('',#2037);
#557=VERTEX_POINT('',#2039);
#558=VERTEX_POINT('',#2041);
#559=VERTEX_POINT('',#2043);
#560=VERTEX_POINT('',#2046);
#561=VERTEX_POINT('',#2047);
#562=VERTEX_POINT('',#2049);
#563=VERTEX_POINT('',#2051);
#564=VERTEX_POINT('',#2053);
#565=VERTEX_POINT('',#2055);
#566=VERTEX_POINT('',#2058);
#567=VERTEX_POINT('',#2059);
#568=VERTEX_POINT('',#2061);
#569=VERTEX_POINT('',#2063);
#570=VERTEX_POINT('',#2065);
#571=VERTEX_POINT('',#2067);
#572=VERTEX_POINT('',#2071);
#573=VERTEX_POINT('',#2075);
#574=VERTEX_POINT('',#2079);
#575=VERTEX_POINT('',#2081);
#576=VERTEX_POINT('',#2085);
#577=VERTEX_POINT('',#2089);
#578=VERTEX_POINT('',#2093);
#579=VERTEX_POINT('',#2097);
#580=VERTEX_POINT('',#2098);
#581=VERTEX_POINT('',#2103);
#582=VERTEX_POINT('',#2107);
#583=VERTEX_POINT('',#2111);
#584=VERTEX_POINT('',#2115);
#585=VERTEX_POINT('',#2116);
#586=VERTEX_POINT('',#2121);
#587=VERTEX_POINT('',#2125);
#588=VERTEX_POINT('',#2129);
#589=VERTEX_POINT('',#2131);
#590=VERTEX_POINT('',#2135);
#591=VERTEX_POINT('',#2139);
#592=VERTEX_POINT('',#2140);
#593=VERTEX_POINT('',#2147);
#594=VERTEX_POINT('',#2148);
#595=VERTEX_POINT('',#2153);
#596=VERTEX_POINT('',#2157);
#597=VERTEX_POINT('',#2161);
#598=VERTEX_POINT('',#2163);
#599=VERTEX_POINT('',#2167);
#600=VERTEX_POINT('',#2171);
#601=VERTEX_POINT('',#2173);
#602=VERTEX_POINT('',#2179);
#603=VERTEX_POINT('',#2181);
#604=VERTEX_POINT('',#2185);
#605=VERTEX_POINT('',#2189);
#606=VERTEX_POINT('',#2191);
#607=VERTEX_POINT('',#2197);
#608=VERTEX_POINT('',#2203);
#609=VERTEX_POINT('',#2209);
#610=VERTEX_POINT('',#2215);
#611=VERTEX_POINT('',#2221);
#612=VERTEX_POINT('',#2225);
#613=VERTEX_POINT('',#2229);
#614=VERTEX_POINT('',#2233);
#615=VERTEX_POINT('',#2237);
#616=VERTEX_POINT('',#2241);
#617=VERTEX_POINT('',#2245);
#618=VERTEX_POINT('',#2249);
#619=VERTEX_POINT('',#2253);
#620=VERTEX_POINT('',#2257);
#621=VERTEX_POINT('',#2263);
#622=VERTEX_POINT('',#2267);
#623=VERTEX_POINT('',#2273);
#624=VERTEX_POINT('',#2279);
#625=VERTEX_POINT('',#2285);
#626=VERTEX_POINT('',#2287);
#627=VERTEX_POINT('',#2291);
#628=VERTEX_POINT('',#2295);
#629=VERTEX_POINT('',#2299);
#630=VERTEX_POINT('',#2303);
#631=VERTEX_POINT('',#2307);
#632=VERTEX_POINT('',#2311);
#633=EDGE_CURVE('',#505,#506,#409,.T.);
#634=EDGE_CURVE('',#506,#507,#217,.T.);
#635=EDGE_CURVE('',#507,#508,#410,.T.);
#636=EDGE_CURVE('',#508,#505,#218,.T.);
#637=EDGE_CURVE('',#508,#509,#219,.T.);
#638=EDGE_CURVE('',#510,#509,#220,.T.);
#639=EDGE_CURVE('',#505,#510,#221,.T.);
#640=EDGE_CURVE('',#511,#512,#411,.T.);
#641=EDGE_CURVE('',#513,#511,#412,.T.);
#642=EDGE_CURVE('',#514,#513,#413,.T.);
#643=EDGE_CURVE('',#515,#514,#414,.T.);
#644=EDGE_CURVE('',#516,#515,#415,.T.);
#645=EDGE_CURVE('',#517,#516,#416,.T.);
#646=EDGE_CURVE('',#518,#517,#417,.T.);
#647=EDGE_CURVE('',#512,#518,#418,.T.);
#648=EDGE_CURVE('',#519,#507,#222,.T.);
#649=EDGE_CURVE('',#520,#519,#419,.T.);
#650=EDGE_CURVE('',#521,#520,#223,.T.);
#651=EDGE_CURVE('',#522,#521,#420,.T.);
#652=EDGE_CURVE('',#523,#522,#224,.T.);
#653=EDGE_CURVE('',#524,#523,#421,.T.);
#654=EDGE_CURVE('',#525,#524,#225,.T.);
#655=EDGE_CURVE('',#526,#525,#422,.T.);
#656=EDGE_CURVE('',#527,#526,#226,.T.);
#657=EDGE_CURVE('',#528,#527,#423,.T.);
#658=EDGE_CURVE('',#529,#528,#227,.T.);
#659=EDGE_CURVE('',#530,#529,#424,.T.);
#660=EDGE_CURVE('',#531,#530,#228,.T.);
#661=EDGE_CURVE('',#532,#531,#425,.T.);
#662=EDGE_CURVE('',#533,#532,#229,.T.);
#663=EDGE_CURVE('',#534,#533,#426,.T.);
#664=EDGE_CURVE('',#535,#534,#230,.T.);
#665=EDGE_CURVE('',#536,#535,#427,.T.);
#666=EDGE_CURVE('',#537,#536,#231,.T.);
#667=EDGE_CURVE('',#538,#537,#428,.T.);
#668=EDGE_CURVE('',#539,#538,#232,.T.);
#669=EDGE_CURVE('',#509,#539,#429,.T.);
#670=EDGE_CURVE('',#540,#540,#430,.T.);
#671=EDGE_CURVE('',#541,#541,#431,.T.);
#672=EDGE_CURVE('',#542,#542,#432,.T.);
#673=EDGE_CURVE('',#543,#543,#433,.T.);
#674=EDGE_CURVE('',#544,#544,#434,.T.);
#675=EDGE_CURVE('',#545,#545,#435,.T.);
#676=EDGE_CURVE('',#546,#546,#436,.T.);
#677=EDGE_CURVE('',#547,#547,#437,.T.);
#678=EDGE_CURVE('',#548,#549,#438,.T.);
#679=EDGE_CURVE('',#550,#548,#439,.T.);
#680=EDGE_CURVE('',#551,#550,#440,.T.);
#681=EDGE_CURVE('',#552,#551,#441,.T.);
#682=EDGE_CURVE('',#553,#552,#233,.T.);
#683=EDGE_CURVE('',#553,#549,#442,.F.);
#684=EDGE_CURVE('',#554,#555,#443,.T.);
#685=EDGE_CURVE('',#556,#554,#444,.T.);
#686=EDGE_CURVE('',#557,#556,#445,.T.);
#687=EDGE_CURVE('',#558,#557,#446,.T.);
#688=EDGE_CURVE('',#559,#558,#234,.T.);
#689=EDGE_CURVE('',#555,#559,#447,.T.);
#690=EDGE_CURVE('',#560,#561,#448,.T.);
#691=EDGE_CURVE('',#562,#560,#449,.T.);
#692=EDGE_CURVE('',#563,#562,#450,.T.);
#693=EDGE_CURVE('',#564,#563,#451,.T.);
#694=EDGE_CURVE('',#565,#564,#235,.T.);
#695=EDGE_CURVE('',#561,#565,#452,.T.);
#696=EDGE_CURVE('',#566,#567,#453,.T.);
#697=EDGE_CURVE('',#568,#566,#454,.T.);
#698=EDGE_CURVE('',#569,#568,#455,.T.);
#699=EDGE_CURVE('',#570,#569,#456,.T.);
#700=EDGE_CURVE('',#571,#570,#236,.T.);
#701=EDGE_CURVE('',#567,#571,#457,.T.);
#702=EDGE_CURVE('',#572,#510,#458,.T.);
#703=EDGE_CURVE('',#539,#572,#237,.T.);
#704=EDGE_CURVE('',#538,#573,#238,.T.);
#705=EDGE_CURVE('',#572,#573,#239,.T.);
#706=EDGE_CURVE('',#559,#574,#240,.T.);
#707=EDGE_CURVE('',#574,#575,#459,.T.);
#708=EDGE_CURVE('',#575,#555,#241,.T.);
#709=EDGE_CURVE('',#576,#558,#242,.T.);
#710=EDGE_CURVE('',#574,#576,#243,.T.);
#711=EDGE_CURVE('',#557,#577,#244,.T.);
#712=EDGE_CURVE('',#577,#576,#460,.T.);
#713=EDGE_CURVE('',#556,#578,#245,.T.);
#714=EDGE_CURVE('',#577,#578,#461,.T.);
#715=EDGE_CURVE('',#579,#580,#462,.T.);
#716=EDGE_CURVE('',#580,#536,#246,.T.);
#717=EDGE_CURVE('',#535,#579,#247,.T.);
#718=EDGE_CURVE('',#581,#534,#248,.T.);
#719=EDGE_CURVE('',#579,#581,#249,.T.);
#720=EDGE_CURVE('',#582,#581,#463,.T.);
#721=EDGE_CURVE('',#533,#582,#250,.T.);
#722=EDGE_CURVE('',#532,#583,#251,.T.);
#723=EDGE_CURVE('',#582,#583,#252,.T.);
#724=EDGE_CURVE('',#584,#585,#464,.T.);
#725=EDGE_CURVE('',#585,#528,#253,.T.);
#726=EDGE_CURVE('',#527,#584,#254,.T.);
#727=EDGE_CURVE('',#586,#585,#255,.T.);
#728=EDGE_CURVE('',#529,#586,#256,.T.);
#729=EDGE_CURVE('',#586,#587,#465,.T.);
#730=EDGE_CURVE('',#587,#530,#257,.T.);
#731=EDGE_CURVE('',#551,#588,#258,.T.);
#732=EDGE_CURVE('',#588,#589,#466,.T.);
#733=EDGE_CURVE('',#589,#552,#259,.T.);
#734=EDGE_CURVE('',#550,#590,#260,.T.);
#735=EDGE_CURVE('',#588,#590,#467,.T.);
#736=EDGE_CURVE('',#591,#592,#468,.T.);
#737=EDGE_CURVE('',#592,#549,#261,.T.);
#738=EDGE_CURVE('',#553,#591,#262,.T.);
#739=EDGE_CURVE('',#591,#589,#263,.T.);
#740=EDGE_CURVE('',#593,#594,#469,.T.);
#741=EDGE_CURVE('',#594,#524,#264,.T.);
#742=EDGE_CURVE('',#523,#593,#265,.T.);
#743=EDGE_CURVE('',#595,#522,#266,.T.);
#744=EDGE_CURVE('',#593,#595,#267,.T.);
#745=EDGE_CURVE('',#596,#595,#470,.T.);
#746=EDGE_CURVE('',#521,#596,#268,.T.);
#747=EDGE_CURVE('',#563,#597,#269,.T.);
#748=EDGE_CURVE('',#597,#598,#471,.T.);
#749=EDGE_CURVE('',#598,#564,#270,.T.);
#750=EDGE_CURVE('',#562,#599,#271,.T.);
#751=EDGE_CURVE('',#597,#599,#472,.T.);
#752=EDGE_CURVE('',#565,#600,#272,.T.);
#753=EDGE_CURVE('',#600,#601,#473,.T.);
#754=EDGE_CURVE('',#601,#561,#273,.T.);
#755=EDGE_CURVE('',#600,#598,#274,.T.);
#756=EDGE_CURVE('',#569,#602,#275,.T.);
#757=EDGE_CURVE('',#602,#603,#474,.T.);
#758=EDGE_CURVE('',#603,#570,#276,.T.);
#759=EDGE_CURVE('',#568,#604,#277,.T.);
#760=EDGE_CURVE('',#602,#604,#475,.T.);
#761=EDGE_CURVE('',#571,#605,#278,.T.);
#762=EDGE_CURVE('',#605,#606,#476,.T.);
#763=EDGE_CURVE('',#606,#567,#279,.T.);
#764=EDGE_CURVE('',#605,#603,#280,.T.);
#765=EDGE_CURVE('',#566,#607,#281,.T.);
#766=EDGE_CURVE('',#604,#607,#477,.T.);
#767=EDGE_CURVE('',#607,#606,#478,.T.);
#768=EDGE_CURVE('',#560,#608,#282,.T.);
#769=EDGE_CURVE('',#599,#608,#479,.T.);
#770=EDGE_CURVE('',#608,#601,#480,.T.);
#771=EDGE_CURVE('',#554,#609,#283,.T.);
#772=EDGE_CURVE('',#578,#609,#481,.T.);
#773=EDGE_CURVE('',#609,#575,#482,.T.);
#774=EDGE_CURVE('',#548,#610,#284,.T.);
#775=EDGE_CURVE('',#590,#610,#483,.T.);
#776=EDGE_CURVE('',#610,#592,#484,.T.);
#777=EDGE_CURVE('',#611,#611,#485,.T.);
#778=EDGE_CURVE('',#611,#547,#285,.T.);
#779=EDGE_CURVE('',#612,#612,#486,.T.);
#780=EDGE_CURVE('',#612,#546,#286,.T.);
#781=EDGE_CURVE('',#613,#613,#487,.T.);
#782=EDGE_CURVE('',#613,#545,#287,.T.);
#783=EDGE_CURVE('',#614,#614,#488,.T.);
#784=EDGE_CURVE('',#614,#544,#288,.T.);
#785=EDGE_CURVE('',#615,#615,#489,.T.);
#786=EDGE_CURVE('',#615,#543,#289,.T.);
#787=EDGE_CURVE('',#616,#616,#490,.T.);
#788=EDGE_CURVE('',#616,#542,#290,.T.);
#789=EDGE_CURVE('',#617,#617,#491,.T.);
#790=EDGE_CURVE('',#617,#541,#291,.T.);
#791=EDGE_CURVE('',#618,#618,#492,.T.);
#792=EDGE_CURVE('',#618,#540,#292,.T.);
#793=EDGE_CURVE('',#619,#506,#293,.T.);
#794=EDGE_CURVE('',#519,#619,#294,.T.);
#795=EDGE_CURVE('',#620,#619,#493,.T.);
#796=EDGE_CURVE('',#520,#620,#295,.T.);
#797=EDGE_CURVE('',#596,#620,#296,.T.);
#798=EDGE_CURVE('',#621,#594,#297,.T.);
#799=EDGE_CURVE('',#525,#621,#298,.T.);
#800=EDGE_CURVE('',#622,#621,#494,.T.);
#801=EDGE_CURVE('',#526,#622,#299,.T.);
#802=EDGE_CURVE('',#584,#622,#300,.T.);
#803=EDGE_CURVE('',#623,#587,#301,.T.);
#804=EDGE_CURVE('',#531,#623,#302,.T.);
#805=EDGE_CURVE('',#583,#623,#495,.T.);
#806=EDGE_CURVE('',#624,#580,#303,.T.);
#807=EDGE_CURVE('',#537,#624,#304,.T.);
#808=EDGE_CURVE('',#573,#624,#496,.T.);
#809=EDGE_CURVE('',#511,#625,#305,.T.);
#810=EDGE_CURVE('',#626,#625,#497,.T.);
#811=EDGE_CURVE('',#513,#626,#306,.T.);
#812=EDGE_CURVE('',#627,#626,#498,.T.);
#813=EDGE_CURVE('',#514,#627,#307,.T.);
#814=EDGE_CURVE('',#628,#627,#499,.T.);
#815=EDGE_CURVE('',#515,#628,#308,.T.);
#816=EDGE_CURVE('',#629,#628,#500,.T.);
#817=EDGE_CURVE('',#516,#629,#309,.T.);
#818=EDGE_CURVE('',#630,#629,#501,.T.);
#819=EDGE_CURVE('',#517,#630,#310,.T.);
#820=EDGE_CURVE('',#631,#630,#502,.T.);
#821=EDGE_CURVE('',#518,#631,#311,.T.);
#822=EDGE_CURVE('',#632,#631,#503,.T.);
#823=EDGE_CURVE('',#512,#632,#312,.T.);
#824=EDGE_CURVE('',#625,#632,#504,.T.);
#825=ORIENTED_EDGE('',*,*,#633,.T.);
#826=ORIENTED_EDGE('',*,*,#634,.T.);
#827=ORIENTED_EDGE('',*,*,#635,.T.);
#828=ORIENTED_EDGE('',*,*,#636,.T.);
#829=ORIENTED_EDGE('',*,*,#636,.F.);
#830=ORIENTED_EDGE('',*,*,#637,.T.);
#831=ORIENTED_EDGE('',*,*,#638,.F.);
#832=ORIENTED_EDGE('',*,*,#639,.F.);
#833=ORIENTED_EDGE('',*,*,#640,.F.);
#834=ORIENTED_EDGE('',*,*,#641,.F.);
#835=ORIENTED_EDGE('',*,*,#642,.F.);
#836=ORIENTED_EDGE('',*,*,#643,.F.);
#837=ORIENTED_EDGE('',*,*,#644,.F.);
#838=ORIENTED_EDGE('',*,*,#645,.F.);
#839=ORIENTED_EDGE('',*,*,#646,.F.);
#840=ORIENTED_EDGE('',*,*,#647,.F.);
#841=ORIENTED_EDGE('',*,*,#635,.F.);
#842=ORIENTED_EDGE('',*,*,#648,.F.);
#843=ORIENTED_EDGE('',*,*,#649,.F.);
#844=ORIENTED_EDGE('',*,*,#650,.F.);
#845=ORIENTED_EDGE('',*,*,#651,.F.);
#846=ORIENTED_EDGE('',*,*,#652,.F.);
#847=ORIENTED_EDGE('',*,*,#653,.F.);
#848=ORIENTED_EDGE('',*,*,#654,.F.);
#849=ORIENTED_EDGE('',*,*,#655,.F.);
#850=ORIENTED_EDGE('',*,*,#656,.F.);
#851=ORIENTED_EDGE('',*,*,#657,.F.);
#852=ORIENTED_EDGE('',*,*,#658,.F.);
#853=ORIENTED_EDGE('',*,*,#659,.F.);
#854=ORIENTED_EDGE('',*,*,#660,.F.);
#855=ORIENTED_EDGE('',*,*,#661,.F.);
#856=ORIENTED_EDGE('',*,*,#662,.F.);
#857=ORIENTED_EDGE('',*,*,#663,.F.);
#858=ORIENTED_EDGE('',*,*,#664,.F.);
#859=ORIENTED_EDGE('',*,*,#665,.F.);
#860=ORIENTED_EDGE('',*,*,#666,.F.);
#861=ORIENTED_EDGE('',*,*,#667,.F.);
#862=ORIENTED_EDGE('',*,*,#668,.F.);
#863=ORIENTED_EDGE('',*,*,#669,.F.);
#864=ORIENTED_EDGE('',*,*,#637,.F.);
#865=ORIENTED_EDGE('',*,*,#670,.F.);
#866=ORIENTED_EDGE('',*,*,#671,.F.);
#867=ORIENTED_EDGE('',*,*,#672,.F.);
#868=ORIENTED_EDGE('',*,*,#673,.F.);
#869=ORIENTED_EDGE('',*,*,#674,.F.);
#870=ORIENTED_EDGE('',*,*,#675,.F.);
#871=ORIENTED_EDGE('',*,*,#676,.F.);
#872=ORIENTED_EDGE('',*,*,#677,.F.);
#873=ORIENTED_EDGE('',*,*,#678,.F.);
#874=ORIENTED_EDGE('',*,*,#679,.F.);
#875=ORIENTED_EDGE('',*,*,#680,.F.);
#876=ORIENTED_EDGE('',*,*,#681,.F.);
#877=ORIENTED_EDGE('',*,*,#682,.F.);
#878=ORIENTED_EDGE('',*,*,#683,.T.);
#879=ORIENTED_EDGE('',*,*,#684,.F.);
#880=ORIENTED_EDGE('',*,*,#685,.F.);
#881=ORIENTED_EDGE('',*,*,#686,.F.);
#882=ORIENTED_EDGE('',*,*,#687,.F.);
#883=ORIENTED_EDGE('',*,*,#688,.F.);
#884=ORIENTED_EDGE('',*,*,#689,.F.);
#885=ORIENTED_EDGE('',*,*,#690,.F.);
#886=ORIENTED_EDGE('',*,*,#691,.F.);
#887=ORIENTED_EDGE('',*,*,#692,.F.);
#888=ORIENTED_EDGE('',*,*,#693,.F.);
#889=ORIENTED_EDGE('',*,*,#694,.F.);
#890=ORIENTED_EDGE('',*,*,#695,.F.);
#891=ORIENTED_EDGE('',*,*,#696,.F.);
#892=ORIENTED_EDGE('',*,*,#697,.F.);
#893=ORIENTED_EDGE('',*,*,#698,.F.);
#894=ORIENTED_EDGE('',*,*,#699,.F.);
#895=ORIENTED_EDGE('',*,*,#700,.F.);
#896=ORIENTED_EDGE('',*,*,#701,.F.);
#897=ORIENTED_EDGE('',*,*,#702,.T.);
#898=ORIENTED_EDGE('',*,*,#638,.T.);
#899=ORIENTED_EDGE('',*,*,#669,.T.);
#900=ORIENTED_EDGE('',*,*,#703,.T.);
#901=ORIENTED_EDGE('',*,*,#703,.F.);
#902=ORIENTED_EDGE('',*,*,#668,.T.);
#903=ORIENTED_EDGE('',*,*,#704,.T.);
#904=ORIENTED_EDGE('',*,*,#705,.F.);
#905=ORIENTED_EDGE('',*,*,#689,.T.);
#906=ORIENTED_EDGE('',*,*,#706,.T.);
#907=ORIENTED_EDGE('',*,*,#707,.T.);
#908=ORIENTED_EDGE('',*,*,#708,.T.);
#909=ORIENTED_EDGE('',*,*,#706,.F.);
#910=ORIENTED_EDGE('',*,*,#688,.T.);
#911=ORIENTED_EDGE('',*,*,#709,.F.);
#912=ORIENTED_EDGE('',*,*,#710,.F.);
#913=ORIENTED_EDGE('',*,*,#687,.T.);
#914=ORIENTED_EDGE('',*,*,#711,.T.);
#915=ORIENTED_EDGE('',*,*,#712,.T.);
#916=ORIENTED_EDGE('',*,*,#709,.T.);
#917=ORIENTED_EDGE('',*,*,#711,.F.);
#918=ORIENTED_EDGE('',*,*,#686,.T.);
#919=ORIENTED_EDGE('',*,*,#713,.T.);
#920=ORIENTED_EDGE('',*,*,#714,.F.);
#921=ORIENTED_EDGE('',*,*,#715,.T.);
#922=ORIENTED_EDGE('',*,*,#716,.T.);
#923=ORIENTED_EDGE('',*,*,#665,.T.);
#924=ORIENTED_EDGE('',*,*,#717,.T.);
#925=ORIENTED_EDGE('',*,*,#717,.F.);
#926=ORIENTED_EDGE('',*,*,#664,.T.);
#927=ORIENTED_EDGE('',*,*,#718,.F.);
#928=ORIENTED_EDGE('',*,*,#719,.F.);
#929=ORIENTED_EDGE('',*,*,#720,.T.);
#930=ORIENTED_EDGE('',*,*,#718,.T.);
#931=ORIENTED_EDGE('',*,*,#663,.T.);
#932=ORIENTED_EDGE('',*,*,#721,.T.);
#933=ORIENTED_EDGE('',*,*,#721,.F.);
#934=ORIENTED_EDGE('',*,*,#662,.T.);
#935=ORIENTED_EDGE('',*,*,#722,.T.);
#936=ORIENTED_EDGE('',*,*,#723,.F.);
#937=ORIENTED_EDGE('',*,*,#724,.T.);
#938=ORIENTED_EDGE('',*,*,#725,.T.);
#939=ORIENTED_EDGE('',*,*,#657,.T.);
#940=ORIENTED_EDGE('',*,*,#726,.T.);
#941=ORIENTED_EDGE('',*,*,#725,.F.);
#942=ORIENTED_EDGE('',*,*,#727,.F.);
#943=ORIENTED_EDGE('',*,*,#728,.F.);
#944=ORIENTED_EDGE('',*,*,#658,.T.);
#945=ORIENTED_EDGE('',*,*,#729,.T.);
#946=ORIENTED_EDGE('',*,*,#730,.T.);
#947=ORIENTED_EDGE('',*,*,#659,.T.);
#948=ORIENTED_EDGE('',*,*,#728,.T.);
#949=ORIENTED_EDGE('',*,*,#681,.T.);
#950=ORIENTED_EDGE('',*,*,#731,.T.);
#951=ORIENTED_EDGE('',*,*,#732,.T.);
#952=ORIENTED_EDGE('',*,*,#733,.T.);
#953=ORIENTED_EDGE('',*,*,#731,.F.);
#954=ORIENTED_EDGE('',*,*,#680,.T.);
#955=ORIENTED_EDGE('',*,*,#734,.T.);
#956=ORIENTED_EDGE('',*,*,#735,.F.);
#957=ORIENTED_EDGE('',*,*,#736,.T.);
#958=ORIENTED_EDGE('',*,*,#737,.T.);
#959=ORIENTED_EDGE('',*,*,#683,.F.);
#960=ORIENTED_EDGE('',*,*,#738,.T.);
#961=ORIENTED_EDGE('',*,*,#733,.F.);
#962=ORIENTED_EDGE('',*,*,#739,.F.);
#963=ORIENTED_EDGE('',*,*,#738,.F.);
#964=ORIENTED_EDGE('',*,*,#682,.T.);
#965=ORIENTED_EDGE('',*,*,#740,.T.);
#966=ORIENTED_EDGE('',*,*,#741,.T.);
#967=ORIENTED_EDGE('',*,*,#653,.T.);
#968=ORIENTED_EDGE('',*,*,#742,.T.);
#969=ORIENTED_EDGE('',*,*,#742,.F.);
#970=ORIENTED_EDGE('',*,*,#652,.T.);
#971=ORIENTED_EDGE('',*,*,#743,.F.);
#972=ORIENTED_EDGE('',*,*,#744,.F.);
#973=ORIENTED_EDGE('',*,*,#745,.T.);
#974=ORIENTED_EDGE('',*,*,#743,.T.);
#975=ORIENTED_EDGE('',*,*,#651,.T.);
#976=ORIENTED_EDGE('',*,*,#746,.T.);
#977=ORIENTED_EDGE('',*,*,#693,.T.);
#978=ORIENTED_EDGE('',*,*,#747,.T.);
#979=ORIENTED_EDGE('',*,*,#748,.T.);
#980=ORIENTED_EDGE('',*,*,#749,.T.);
#981=ORIENTED_EDGE('',*,*,#747,.F.);
#982=ORIENTED_EDGE('',*,*,#692,.T.);
#983=ORIENTED_EDGE('',*,*,#750,.T.);
#984=ORIENTED_EDGE('',*,*,#751,.F.);
#985=ORIENTED_EDGE('',*,*,#695,.T.);
#986=ORIENTED_EDGE('',*,*,#752,.T.);
#987=ORIENTED_EDGE('',*,*,#753,.T.);
#988=ORIENTED_EDGE('',*,*,#754,.T.);
#989=ORIENTED_EDGE('',*,*,#749,.F.);
#990=ORIENTED_EDGE('',*,*,#755,.F.);
#991=ORIENTED_EDGE('',*,*,#752,.F.);
#992=ORIENTED_EDGE('',*,*,#694,.T.);
#993=ORIENTED_EDGE('',*,*,#699,.T.);
#994=ORIENTED_EDGE('',*,*,#756,.T.);
#995=ORIENTED_EDGE('',*,*,#757,.T.);
#996=ORIENTED_EDGE('',*,*,#758,.T.);
#997=ORIENTED_EDGE('',*,*,#756,.F.);
#998=ORIENTED_EDGE('',*,*,#698,.T.);
#999=ORIENTED_EDGE('',*,*,#759,.T.);
#1000=ORIENTED_EDGE('',*,*,#760,.F.);
#1001=ORIENTED_EDGE('',*,*,#701,.T.);
#1002=ORIENTED_EDGE('',*,*,#761,.T.);
#1003=ORIENTED_EDGE('',*,*,#762,.T.);
#1004=ORIENTED_EDGE('',*,*,#763,.T.);
#1005=ORIENTED_EDGE('',*,*,#758,.F.);
#1006=ORIENTED_EDGE('',*,*,#764,.F.);
#1007=ORIENTED_EDGE('',*,*,#761,.F.);
#1008=ORIENTED_EDGE('',*,*,#700,.T.);
#1009=ORIENTED_EDGE('',*,*,#697,.T.);
#1010=ORIENTED_EDGE('',*,*,#765,.T.);
#1011=ORIENTED_EDGE('',*,*,#766,.F.);
#1012=ORIENTED_EDGE('',*,*,#759,.F.);
#1013=ORIENTED_EDGE('',*,*,#763,.F.);
#1014=ORIENTED_EDGE('',*,*,#767,.F.);
#1015=ORIENTED_EDGE('',*,*,#765,.F.);
#1016=ORIENTED_EDGE('',*,*,#696,.T.);
#1017=ORIENTED_EDGE('',*,*,#691,.T.);
#1018=ORIENTED_EDGE('',*,*,#768,.T.);
#1019=ORIENTED_EDGE('',*,*,#769,.F.);
#1020=ORIENTED_EDGE('',*,*,#750,.F.);
#1021=ORIENTED_EDGE('',*,*,#754,.F.);
#1022=ORIENTED_EDGE('',*,*,#770,.F.);
#1023=ORIENTED_EDGE('',*,*,#768,.F.);
#1024=ORIENTED_EDGE('',*,*,#690,.T.);
#1025=ORIENTED_EDGE('',*,*,#685,.T.);
#1026=ORIENTED_EDGE('',*,*,#771,.T.);
#1027=ORIENTED_EDGE('',*,*,#772,.F.);
#1028=ORIENTED_EDGE('',*,*,#713,.F.);
#1029=ORIENTED_EDGE('',*,*,#708,.F.);
#1030=ORIENTED_EDGE('',*,*,#773,.F.);
#1031=ORIENTED_EDGE('',*,*,#771,.F.);
#1032=ORIENTED_EDGE('',*,*,#684,.T.);
#1033=ORIENTED_EDGE('',*,*,#679,.T.);
#1034=ORIENTED_EDGE('',*,*,#774,.T.);
#1035=ORIENTED_EDGE('',*,*,#775,.F.);
#1036=ORIENTED_EDGE('',*,*,#734,.F.);
#1037=ORIENTED_EDGE('',*,*,#737,.F.);
#1038=ORIENTED_EDGE('',*,*,#776,.F.);
#1039=ORIENTED_EDGE('',*,*,#774,.F.);
#1040=ORIENTED_EDGE('',*,*,#678,.T.);
#1041=ORIENTED_EDGE('',*,*,#777,.F.);
#1042=ORIENTED_EDGE('',*,*,#778,.T.);
#1043=ORIENTED_EDGE('',*,*,#677,.T.);
#1044=ORIENTED_EDGE('',*,*,#778,.F.);
#1045=ORIENTED_EDGE('',*,*,#779,.F.);
#1046=ORIENTED_EDGE('',*,*,#780,.T.);
#1047=ORIENTED_EDGE('',*,*,#676,.T.);
#1048=ORIENTED_EDGE('',*,*,#780,.F.);
#1049=ORIENTED_EDGE('',*,*,#781,.F.);
#1050=ORIENTED_EDGE('',*,*,#782,.T.);
#1051=ORIENTED_EDGE('',*,*,#675,.T.);
#1052=ORIENTED_EDGE('',*,*,#782,.F.);
#1053=ORIENTED_EDGE('',*,*,#783,.F.);
#1054=ORIENTED_EDGE('',*,*,#784,.T.);
#1055=ORIENTED_EDGE('',*,*,#674,.T.);
#1056=ORIENTED_EDGE('',*,*,#784,.F.);
#1057=ORIENTED_EDGE('',*,*,#785,.F.);
#1058=ORIENTED_EDGE('',*,*,#786,.T.);
#1059=ORIENTED_EDGE('',*,*,#673,.T.);
#1060=ORIENTED_EDGE('',*,*,#786,.F.);
#1061=ORIENTED_EDGE('',*,*,#787,.F.);
#1062=ORIENTED_EDGE('',*,*,#788,.T.);
#1063=ORIENTED_EDGE('',*,*,#672,.T.);
#1064=ORIENTED_EDGE('',*,*,#788,.F.);
#1065=ORIENTED_EDGE('',*,*,#789,.F.);
#1066=ORIENTED_EDGE('',*,*,#790,.T.);
#1067=ORIENTED_EDGE('',*,*,#671,.T.);
#1068=ORIENTED_EDGE('',*,*,#790,.F.);
#1069=ORIENTED_EDGE('',*,*,#791,.F.);
#1070=ORIENTED_EDGE('',*,*,#792,.T.);
#1071=ORIENTED_EDGE('',*,*,#670,.T.);
#1072=ORIENTED_EDGE('',*,*,#792,.F.);
#1073=ORIENTED_EDGE('',*,*,#634,.F.);
#1074=ORIENTED_EDGE('',*,*,#793,.F.);
#1075=ORIENTED_EDGE('',*,*,#794,.F.);
#1076=ORIENTED_EDGE('',*,*,#648,.T.);
#1077=ORIENTED_EDGE('',*,*,#649,.T.);
#1078=ORIENTED_EDGE('',*,*,#794,.T.);
#1079=ORIENTED_EDGE('',*,*,#795,.F.);
#1080=ORIENTED_EDGE('',*,*,#796,.F.);
#1081=ORIENTED_EDGE('',*,*,#746,.F.);
#1082=ORIENTED_EDGE('',*,*,#650,.T.);
#1083=ORIENTED_EDGE('',*,*,#796,.T.);
#1084=ORIENTED_EDGE('',*,*,#797,.F.);
#1085=ORIENTED_EDGE('',*,*,#741,.F.);
#1086=ORIENTED_EDGE('',*,*,#798,.F.);
#1087=ORIENTED_EDGE('',*,*,#799,.F.);
#1088=ORIENTED_EDGE('',*,*,#654,.T.);
#1089=ORIENTED_EDGE('',*,*,#655,.T.);
#1090=ORIENTED_EDGE('',*,*,#799,.T.);
#1091=ORIENTED_EDGE('',*,*,#800,.F.);
#1092=ORIENTED_EDGE('',*,*,#801,.F.);
#1093=ORIENTED_EDGE('',*,*,#726,.F.);
#1094=ORIENTED_EDGE('',*,*,#656,.T.);
#1095=ORIENTED_EDGE('',*,*,#801,.T.);
#1096=ORIENTED_EDGE('',*,*,#802,.F.);
#1097=ORIENTED_EDGE('',*,*,#730,.F.);
#1098=ORIENTED_EDGE('',*,*,#803,.F.);
#1099=ORIENTED_EDGE('',*,*,#804,.F.);
#1100=ORIENTED_EDGE('',*,*,#660,.T.);
#1101=ORIENTED_EDGE('',*,*,#661,.T.);
#1102=ORIENTED_EDGE('',*,*,#804,.T.);
#1103=ORIENTED_EDGE('',*,*,#805,.F.);
#1104=ORIENTED_EDGE('',*,*,#722,.F.);
#1105=ORIENTED_EDGE('',*,*,#716,.F.);
#1106=ORIENTED_EDGE('',*,*,#806,.F.);
#1107=ORIENTED_EDGE('',*,*,#807,.F.);
#1108=ORIENTED_EDGE('',*,*,#666,.T.);
#1109=ORIENTED_EDGE('',*,*,#667,.T.);
#1110=ORIENTED_EDGE('',*,*,#807,.T.);
#1111=ORIENTED_EDGE('',*,*,#808,.F.);
#1112=ORIENTED_EDGE('',*,*,#704,.F.);
#1113=ORIENTED_EDGE('',*,*,#641,.T.);
#1114=ORIENTED_EDGE('',*,*,#809,.T.);
#1115=ORIENTED_EDGE('',*,*,#810,.F.);
#1116=ORIENTED_EDGE('',*,*,#811,.F.);
#1117=ORIENTED_EDGE('',*,*,#642,.T.);
#1118=ORIENTED_EDGE('',*,*,#811,.T.);
#1119=ORIENTED_EDGE('',*,*,#812,.F.);
#1120=ORIENTED_EDGE('',*,*,#813,.F.);
#1121=ORIENTED_EDGE('',*,*,#643,.T.);
#1122=ORIENTED_EDGE('',*,*,#813,.T.);
#1123=ORIENTED_EDGE('',*,*,#814,.F.);
#1124=ORIENTED_EDGE('',*,*,#815,.F.);
#1125=ORIENTED_EDGE('',*,*,#644,.T.);
#1126=ORIENTED_EDGE('',*,*,#815,.T.);
#1127=ORIENTED_EDGE('',*,*,#816,.F.);
#1128=ORIENTED_EDGE('',*,*,#817,.F.);
#1129=ORIENTED_EDGE('',*,*,#645,.T.);
#1130=ORIENTED_EDGE('',*,*,#817,.T.);
#1131=ORIENTED_EDGE('',*,*,#818,.F.);
#1132=ORIENTED_EDGE('',*,*,#819,.F.);
#1133=ORIENTED_EDGE('',*,*,#646,.T.);
#1134=ORIENTED_EDGE('',*,*,#819,.T.);
#1135=ORIENTED_EDGE('',*,*,#820,.F.);
#1136=ORIENTED_EDGE('',*,*,#821,.F.);
#1137=ORIENTED_EDGE('',*,*,#647,.T.);
#1138=ORIENTED_EDGE('',*,*,#821,.T.);
#1139=ORIENTED_EDGE('',*,*,#822,.F.);
#1140=ORIENTED_EDGE('',*,*,#823,.F.);
#1141=ORIENTED_EDGE('',*,*,#640,.T.);
#1142=ORIENTED_EDGE('',*,*,#823,.T.);
#1143=ORIENTED_EDGE('',*,*,#824,.F.);
#1144=ORIENTED_EDGE('',*,*,#809,.F.);
#1145=ORIENTED_EDGE('',*,*,#824,.T.);
#1146=ORIENTED_EDGE('',*,*,#822,.T.);
#1147=ORIENTED_EDGE('',*,*,#820,.T.);
#1148=ORIENTED_EDGE('',*,*,#818,.T.);
#1149=ORIENTED_EDGE('',*,*,#816,.T.);
#1150=ORIENTED_EDGE('',*,*,#814,.T.);
#1151=ORIENTED_EDGE('',*,*,#812,.T.);
#1152=ORIENTED_EDGE('',*,*,#810,.T.);
#1153=ORIENTED_EDGE('',*,*,#633,.F.);
#1154=ORIENTED_EDGE('',*,*,#639,.T.);
#1155=ORIENTED_EDGE('',*,*,#702,.F.);
#1156=ORIENTED_EDGE('',*,*,#705,.T.);
#1157=ORIENTED_EDGE('',*,*,#808,.T.);
#1158=ORIENTED_EDGE('',*,*,#806,.T.);
#1159=ORIENTED_EDGE('',*,*,#715,.F.);
#1160=ORIENTED_EDGE('',*,*,#719,.T.);
#1161=ORIENTED_EDGE('',*,*,#720,.F.);
#1162=ORIENTED_EDGE('',*,*,#723,.T.);
#1163=ORIENTED_EDGE('',*,*,#805,.T.);
#1164=ORIENTED_EDGE('',*,*,#803,.T.);
#1165=ORIENTED_EDGE('',*,*,#729,.F.);
#1166=ORIENTED_EDGE('',*,*,#727,.T.);
#1167=ORIENTED_EDGE('',*,*,#724,.F.);
#1168=ORIENTED_EDGE('',*,*,#802,.T.);
#1169=ORIENTED_EDGE('',*,*,#800,.T.);
#1170=ORIENTED_EDGE('',*,*,#798,.T.);
#1171=ORIENTED_EDGE('',*,*,#740,.F.);
#1172=ORIENTED_EDGE('',*,*,#744,.T.);
#1173=ORIENTED_EDGE('',*,*,#745,.F.);
#1174=ORIENTED_EDGE('',*,*,#797,.T.);
#1175=ORIENTED_EDGE('',*,*,#795,.T.);
#1176=ORIENTED_EDGE('',*,*,#793,.T.);
#1177=ORIENTED_EDGE('',*,*,#791,.T.);
#1178=ORIENTED_EDGE('',*,*,#789,.T.);
#1179=ORIENTED_EDGE('',*,*,#787,.T.);
#1180=ORIENTED_EDGE('',*,*,#785,.T.);
#1181=ORIENTED_EDGE('',*,*,#783,.T.);
#1182=ORIENTED_EDGE('',*,*,#781,.T.);
#1183=ORIENTED_EDGE('',*,*,#779,.T.);
#1184=ORIENTED_EDGE('',*,*,#777,.T.);
#1185=ORIENTED_EDGE('',*,*,#776,.T.);
#1186=ORIENTED_EDGE('',*,*,#736,.F.);
#1187=ORIENTED_EDGE('',*,*,#739,.T.);
#1188=ORIENTED_EDGE('',*,*,#732,.F.);
#1189=ORIENTED_EDGE('',*,*,#735,.T.);
#1190=ORIENTED_EDGE('',*,*,#775,.T.);
#1191=ORIENTED_EDGE('',*,*,#773,.T.);
#1192=ORIENTED_EDGE('',*,*,#707,.F.);
#1193=ORIENTED_EDGE('',*,*,#710,.T.);
#1194=ORIENTED_EDGE('',*,*,#712,.F.);
#1195=ORIENTED_EDGE('',*,*,#714,.T.);
#1196=ORIENTED_EDGE('',*,*,#772,.T.);
#1197=ORIENTED_EDGE('',*,*,#770,.T.);
#1198=ORIENTED_EDGE('',*,*,#753,.F.);
#1199=ORIENTED_EDGE('',*,*,#755,.T.);
#1200=ORIENTED_EDGE('',*,*,#748,.F.);
#1201=ORIENTED_EDGE('',*,*,#751,.T.);
#1202=ORIENTED_EDGE('',*,*,#769,.T.);
#1203=ORIENTED_EDGE('',*,*,#767,.T.);
#1204=ORIENTED_EDGE('',*,*,#762,.F.);
#1205=ORIENTED_EDGE('',*,*,#764,.T.);
#1206=ORIENTED_EDGE('',*,*,#757,.F.);
#1207=ORIENTED_EDGE('',*,*,#760,.T.);
#1208=ORIENTED_EDGE('',*,*,#766,.T.);
#1209=CYLINDRICAL_SURFACE('',#1346,2.);
#1210=CYLINDRICAL_SURFACE('',#1398,2.);
#1211=CYLINDRICAL_SURFACE('',#1401,2.);
#1212=CYLINDRICAL_SURFACE('',#1404,2.);
#1213=CYLINDRICAL_SURFACE('',#1406,31.1000000000001);
#1214=CYLINDRICAL_SURFACE('',#1408,2.);
#1215=CYLINDRICAL_SURFACE('',#1411,2.);
#1216=CYLINDRICAL_SURFACE('',#1414,2.);
#1217=CYLINDRICAL_SURFACE('',#1417,2.);
#1218=CYLINDRICAL_SURFACE('',#1419,2.);
#1219=CYLINDRICAL_SURFACE('',#1421,31.1000000000001);
#1220=CYLINDRICAL_SURFACE('',#1423,1.99999999999999);
#1221=CYLINDRICAL_SURFACE('',#1426,2.);
#1222=CYLINDRICAL_SURFACE('',#1429,2.);
#1223=CYLINDRICAL_SURFACE('',#1431,2.);
#1224=CYLINDRICAL_SURFACE('',#1433,31.1000000000001);
#1225=CYLINDRICAL_SURFACE('',#1435,2.);
#1226=CYLINDRICAL_SURFACE('',#1438,2.);
#1227=CYLINDRICAL_SURFACE('',#1440,31.1000000000001);
#1228=CYLINDRICAL_SURFACE('',#1442,2.);
#1229=CYLINDRICAL_SURFACE('',#1445,43.);
#1230=CYLINDRICAL_SURFACE('',#1447,31.1000000000001);
#1231=CYLINDRICAL_SURFACE('',#1449,43.);
#1232=CYLINDRICAL_SURFACE('',#1451,31.1000000000001);
#1233=CYLINDRICAL_SURFACE('',#1453,43.);
#1234=CYLINDRICAL_SURFACE('',#1455,31.1000000000001);
#1235=CYLINDRICAL_SURFACE('',#1457,43.);
#1236=CYLINDRICAL_SURFACE('',#1459,31.1000000000001);
#1237=CYLINDRICAL_SURFACE('',#1461,1.05);
#1238=CYLINDRICAL_SURFACE('',#1463,1.05);
#1239=CYLINDRICAL_SURFACE('',#1465,1.05);
#1240=CYLINDRICAL_SURFACE('',#1467,1.05);
#1241=CYLINDRICAL_SURFACE('',#1469,1.05);
#1242=CYLINDRICAL_SURFACE('',#1471,1.05);
#1243=CYLINDRICAL_SURFACE('',#1473,1.05);
#1244=CYLINDRICAL_SURFACE('',#1475,1.05);
#1245=CYLINDRICAL_SURFACE('',#1478,28.1000000000001);
#1246=CYLINDRICAL_SURFACE('',#1482,28.1000000000001);
#1247=CYLINDRICAL_SURFACE('',#1486,28.1000000000001);
#1248=CYLINDRICAL_SURFACE('',#1489,28.1000000000001);
#1249=CYLINDRICAL_SURFACE('',#1491,31.1000000000001);
#1250=CYLINDRICAL_SURFACE('',#1493,40.);
#1251=CYLINDRICAL_SURFACE('',#1495,31.1000000000001);
#1252=CYLINDRICAL_SURFACE('',#1497,40.);
#1253=CYLINDRICAL_SURFACE('',#1499,31.1000000000001);
#1254=CYLINDRICAL_SURFACE('',#1501,40.);
#1255=CYLINDRICAL_SURFACE('',#1503,31.1000000000001);
#1256=CYLINDRICAL_SURFACE('',#1505,40.);
#1257=ADVANCED_FACE('',(#59),#1209,.T.);
#1258=ADVANCED_FACE('',(#60),#41,.T.);
#1259=ADVANCED_FACE('',(#61,#15,#16,#17,#18,#19,#20,#21,#22,#23,#24,#25,
#26,#27),#42,.F.);
#1260=ADVANCED_FACE('',(#62),#1210,.T.);
#1261=ADVANCED_FACE('',(#63),#43,.T.);
#1262=ADVANCED_FACE('',(#64),#1211,.F.);
#1263=ADVANCED_FACE('',(#65),#44,.T.);
#1264=ADVANCED_FACE('',(#66),#1212,.F.);
#1265=ADVANCED_FACE('',(#67),#1213,.T.);
#1266=ADVANCED_FACE('',(#68),#1214,.T.);
#1267=ADVANCED_FACE('',(#69),#45,.T.);
#1268=ADVANCED_FACE('',(#70),#1215,.T.);
#1269=ADVANCED_FACE('',(#71),#46,.T.);
#1270=ADVANCED_FACE('',(#72),#1216,.T.);
#1271=ADVANCED_FACE('',(#73),#47,.T.);
#1272=ADVANCED_FACE('',(#74),#1217,.T.);
#1273=ADVANCED_FACE('',(#75),#1218,.F.);
#1274=ADVANCED_FACE('',(#76),#1219,.T.);
#1275=ADVANCED_FACE('',(#77),#1220,.F.);
#1276=ADVANCED_FACE('',(#78),#48,.T.);
#1277=ADVANCED_FACE('',(#79),#1221,.T.);
#1278=ADVANCED_FACE('',(#80),#49,.T.);
#1279=ADVANCED_FACE('',(#81),#1222,.T.);
#1280=ADVANCED_FACE('',(#82),#1223,.F.);
#1281=ADVANCED_FACE('',(#83),#1224,.T.);
#1282=ADVANCED_FACE('',(#84),#1225,.F.);
#1283=ADVANCED_FACE('',(#85),#50,.T.);
#1284=ADVANCED_FACE('',(#86),#1226,.F.);
#1285=ADVANCED_FACE('',(#87),#1227,.T.);
#1286=ADVANCED_FACE('',(#88),#1228,.F.);
#1287=ADVANCED_FACE('',(#89),#51,.T.);
#1288=ADVANCED_FACE('',(#90),#1229,.T.);
#1289=ADVANCED_FACE('',(#91),#1230,.T.);
#1290=ADVANCED_FACE('',(#92),#1231,.T.);
#1291=ADVANCED_FACE('',(#93),#1232,.T.);
#1292=ADVANCED_FACE('',(#94),#1233,.T.);
#1293=ADVANCED_FACE('',(#95),#1234,.T.);
#1294=ADVANCED_FACE('',(#96),#1235,.T.);
#1295=ADVANCED_FACE('',(#97),#1236,.T.);
#1296=ADVANCED_FACE('',(#98),#1237,.F.);
#1297=ADVANCED_FACE('',(#99),#1238,.F.);
#1298=ADVANCED_FACE('',(#100),#1239,.F.);
#1299=ADVANCED_FACE('',(#101),#1240,.F.);
#1300=ADVANCED_FACE('',(#102),#1241,.F.);
#1301=ADVANCED_FACE('',(#103),#1242,.F.);
#1302=ADVANCED_FACE('',(#104),#1243,.F.);
#1303=ADVANCED_FACE('',(#105),#1244,.F.);
#1304=ADVANCED_FACE('',(#106),#52,.T.);
#1305=ADVANCED_FACE('',(#107),#1245,.F.);
#1306=ADVANCED_FACE('',(#108),#53,.T.);
#1307=ADVANCED_FACE('',(#109),#54,.T.);
#1308=ADVANCED_FACE('',(#110),#1246,.F.);
#1309=ADVANCED_FACE('',(#111),#55,.T.);
#1310=ADVANCED_FACE('',(#112),#56,.T.);
#1311=ADVANCED_FACE('',(#113),#1247,.F.);
#1312=ADVANCED_FACE('',(#114),#57,.T.);
#1313=ADVANCED_FACE('',(#115),#1248,.F.);
#1314=ADVANCED_FACE('',(#116),#1249,.T.);
#1315=ADVANCED_FACE('',(#117),#1250,.F.);
#1316=ADVANCED_FACE('',(#118),#1251,.T.);
#1317=ADVANCED_FACE('',(#119),#1252,.F.);
#1318=ADVANCED_FACE('',(#120),#1253,.T.);
#1319=ADVANCED_FACE('',(#121),#1254,.F.);
#1320=ADVANCED_FACE('',(#122),#1255,.T.);
#1321=ADVANCED_FACE('',(#123),#1256,.F.);
#1322=ADVANCED_FACE('',(#124,#28,#29,#30,#31,#32,#33,#34,#35,#36,#37,#38,
#39,#40),#58,.T.);
#1323=CLOSED_SHELL('',(#1257,#1258,#1259,#1260,#1261,#1262,#1263,#1264,
#1265,#1266,#1267,#1268,#1269,#1270,#1271,#1272,#1273,#1274,#1275,#1276,
#1277,#1278,#1279,#1280,#1281,#1282,#1283,#1284,#1285,#1286,#1287,#1288,
#1289,#1290,#1291,#1292,#1293,#1294,#1295,#1296,#1297,#1298,#1299,#1300,
#1301,#1302,#1303,#1304,#1305,#1306,#1307,#1308,#1309,#1310,#1311,#1312,
#1313,#1314,#1315,#1316,#1317,#1318,#1319,#1320,#1321,#1322));
#1324=DERIVED_UNIT_ELEMENT(#1327,1.);
#1325=DERIVED_UNIT_ELEMENT(#2322,-3.);
#1326=DIMENSIONAL_EXPONENTS(0.,1.,0.,0.,0.,0.,0.);
#1327=(
CONVERSION_BASED_UNIT('gram',#1329)
MASS_UNIT()
NAMED_UNIT(#1326)
);
#1328=(
MASS_UNIT()
NAMED_UNIT(*)
SI_UNIT(.KILO.,.GRAM.)
);
#1329=MASS_MEASURE_WITH_UNIT(MASS_MEASURE(0.001),#1328);
#1330=DERIVED_UNIT((#1324,#1325));
#1331=MEASURE_REPRESENTATION_ITEM('density measure',
POSITIVE_RATIO_MEASURE(1.),#1330);
#1332=PROPERTY_DEFINITION_REPRESENTATION(#1337,#1334);
#1333=PROPERTY_DEFINITION_REPRESENTATION(#1338,#1335);
#1334=REPRESENTATION('material name',(#1336),#2319);
#1335=REPRESENTATION('density',(#1331),#2319);
#1336=DESCRIPTIVE_REPRESENTATION_ITEM('\X2\5E3889C4\X0\','\X2\5E3889C4\X0\');
#1337=PROPERTY_DEFINITION('material property','material name',#2329);
#1338=PROPERTY_DEFINITION('material property','density of part',#2329);
#1339=DATE_TIME_ROLE('creation_date');
#1340=APPLIED_DATE_AND_TIME_ASSIGNMENT(#1341,#1339,(#2329));
#1341=DATE_AND_TIME(#1342,#1343);
#1342=CALENDAR_DATE(2025,25,3);
#1343=LOCAL_TIME(0,0,0.,#1344);
#1344=COORDINATED_UNIVERSAL_TIME_OFFSET(0,0,.BEHIND.);
#1345=AXIS2_PLACEMENT_3D('',#1930,#1508,#1509);
#1346=AXIS2_PLACEMENT_3D('',#1931,#1510,#1511);
#1347=AXIS2_PLACEMENT_3D('',#1934,#1512,#1513);
#1348=AXIS2_PLACEMENT_3D('',#1938,#1515,#1516);
#1349=AXIS2_PLACEMENT_3D('',#1940,#1518,#1519);
#1350=AXIS2_PLACEMENT_3D('',#1946,#1523,#1524);
#1351=AXIS2_PLACEMENT_3D('',#1949,#1525,#1526);
#1352=AXIS2_PLACEMENT_3D('',#1951,#1527,#1528);
#1353=AXIS2_PLACEMENT_3D('',#1953,#1529,#1530);
#1354=AXIS2_PLACEMENT_3D('',#1955,#1531,#1532);
#1355=AXIS2_PLACEMENT_3D('',#1957,#1533,#1534);
#1356=AXIS2_PLACEMENT_3D('',#1959,#1535,#1536);
#1357=AXIS2_PLACEMENT_3D('',#1961,#1537,#1538);
#1358=AXIS2_PLACEMENT_3D('',#1962,#1539,#1540);
#1359=AXIS2_PLACEMENT_3D('',#1966,#1542,#1543);
#1360=AXIS2_PLACEMENT_3D('',#1970,#1545,#1546);
#1361=AXIS2_PLACEMENT_3D('',#1974,#1548,#1549);
#1362=AXIS2_PLACEMENT_3D('',#1978,#1551,#1552);
#1363=AXIS2_PLACEMENT_3D('',#1982,#1554,#1555);
#1364=AXIS2_PLACEMENT_3D('',#1986,#1557,#1558);
#1365=AXIS2_PLACEMENT_3D('',#1990,#1560,#1561);
#1366=AXIS2_PLACEMENT_3D('',#1994,#1563,#1564);
#1367=AXIS2_PLACEMENT_3D('',#1998,#1566,#1567);
#1368=AXIS2_PLACEMENT_3D('',#2002,#1569,#1570);
#1369=AXIS2_PLACEMENT_3D('',#2005,#1572,#1573);
#1370=AXIS2_PLACEMENT_3D('',#2007,#1574,#1575);
#1371=AXIS2_PLACEMENT_3D('',#2009,#1576,#1577);
#1372=AXIS2_PLACEMENT_3D('',#2011,#1578,#1579);
#1373=AXIS2_PLACEMENT_3D('',#2013,#1580,#1581);
#1374=AXIS2_PLACEMENT_3D('',#2015,#1582,#1583);
#1375=AXIS2_PLACEMENT_3D('',#2017,#1584,#1585);
#1376=AXIS2_PLACEMENT_3D('',#2019,#1586,#1587);
#1377=AXIS2_PLACEMENT_3D('',#2021,#1588,#1589);
#1378=AXIS2_PLACEMENT_3D('',#2024,#1590,#1591);
#1379=AXIS2_PLACEMENT_3D('',#2026,#1592,#1593);
#1380=AXIS2_PLACEMENT_3D('',#2028,#1594,#1595);
#1381=AXIS2_PLACEMENT_3D('',#2030,#1596,#1597);
#1382=AXIS2_PLACEMENT_3D('',#2033,#1599,#1600);
#1383=AXIS2_PLACEMENT_3D('',#2036,#1601,#1602);
#1384=AXIS2_PLACEMENT_3D('',#2038,#1603,#1604);
#1385=AXIS2_PLACEMENT_3D('',#2040,#1605,#1606);
#1386=AXIS2_PLACEMENT_3D('',#2042,#1607,#1608);
#1387=AXIS2_PLACEMENT_3D('',#2045,#1610,#1611);
#1388=AXIS2_PLACEMENT_3D('',#2048,#1612,#1613);
#1389=AXIS2_PLACEMENT_3D('',#2050,#1614,#1615);
#1390=AXIS2_PLACEMENT_3D('',#2052,#1616,#1617);
#1391=AXIS2_PLACEMENT_3D('',#2054,#1618,#1619);
#1392=AXIS2_PLACEMENT_3D('',#2057,#1621,#1622);
#1393=AXIS2_PLACEMENT_3D('',#2060,#1623,#1624);
#1394=AXIS2_PLACEMENT_3D('',#2062,#1625,#1626);
#1395=AXIS2_PLACEMENT_3D('',#2064,#1627,#1628);
#1396=AXIS2_PLACEMENT_3D('',#2066,#1629,#1630);
#1397=AXIS2_PLACEMENT_3D('',#2069,#1632,#1633);
#1398=AXIS2_PLACEMENT_3D('',#2070,#1634,#1635);
#1399=AXIS2_PLACEMENT_3D('',#2072,#1636,#1637);
#1400=AXIS2_PLACEMENT_3D('',#2074,#1639,#1640);
#1401=AXIS2_PLACEMENT_3D('',#2078,#1643,#1644);
#1402=AXIS2_PLACEMENT_3D('',#2082,#1646,#1647);
#1403=AXIS2_PLACEMENT_3D('',#2084,#1649,#1650);
#1404=AXIS2_PLACEMENT_3D('',#2088,#1653,#1654);
#1405=AXIS2_PLACEMENT_3D('',#2091,#1656,#1657);
#1406=AXIS2_PLACEMENT_3D('',#2092,#1658,#1659);
#1407=AXIS2_PLACEMENT_3D('',#2095,#1661,#1662);
#1408=AXIS2_PLACEMENT_3D('',#2096,#1663,#1664);
#1409=AXIS2_PLACEMENT_3D('',#2099,#1665,#1666);
#1410=AXIS2_PLACEMENT_3D('',#2102,#1669,#1670);
#1411=AXIS2_PLACEMENT_3D('',#2106,#1673,#1674);
#1412=AXIS2_PLACEMENT_3D('',#2108,#1675,#1676);
#1413=AXIS2_PLACEMENT_3D('',#2110,#1678,#1679);
#1414=AXIS2_PLACEMENT_3D('',#2114,#1682,#1683);
#1415=AXIS2_PLACEMENT_3D('',#2117,#1684,#1685);
#1416=AXIS2_PLACEMENT_3D('',#2120,#1688,#1689);
#1417=AXIS2_PLACEMENT_3D('',#2124,#1692,#1693);
#1418=AXIS2_PLACEMENT_3D('',#2126,#1694,#1695);
#1419=AXIS2_PLACEMENT_3D('',#2128,#1697,#1698);
#1420=AXIS2_PLACEMENT_3D('',#2132,#1700,#1701);
#1421=AXIS2_PLACEMENT_3D('',#2134,#1703,#1704);
#1422=AXIS2_PLACEMENT_3D('',#2137,#1706,#1707);
#1423=AXIS2_PLACEMENT_3D('',#2138,#1708,#1709);
#1424=AXIS2_PLACEMENT_3D('',#2141,#1710,#1711);
#1425=AXIS2_PLACEMENT_3D('',#2144,#1714,#1715);
#1426=AXIS2_PLACEMENT_3D('',#2146,#1717,#1718);
#1427=AXIS2_PLACEMENT_3D('',#2149,#1719,#1720);
#1428=AXIS2_PLACEMENT_3D('',#2152,#1723,#1724);
#1429=AXIS2_PLACEMENT_3D('',#2156,#1727,#1728);
#1430=AXIS2_PLACEMENT_3D('',#2158,#1729,#1730);
#1431=AXIS2_PLACEMENT_3D('',#2160,#1732,#1733);
#1432=AXIS2_PLACEMENT_3D('',#2164,#1735,#1736);
#1433=AXIS2_PLACEMENT_3D('',#2166,#1738,#1739);
#1434=AXIS2_PLACEMENT_3D('',#2169,#1741,#1742);
#1435=AXIS2_PLACEMENT_3D('',#2170,#1743,#1744);
#1436=AXIS2_PLACEMENT_3D('',#2174,#1746,#1747);
#1437=AXIS2_PLACEMENT_3D('',#2176,#1749,#1750);
#1438=AXIS2_PLACEMENT_3D('',#2178,#1752,#1753);
#1439=AXIS2_PLACEMENT_3D('',#2182,#1755,#1756);
#1440=AXIS2_PLACEMENT_3D('',#2184,#1758,#1759);
#1441=AXIS2_PLACEMENT_3D('',#2187,#1761,#1762);
#1442=AXIS2_PLACEMENT_3D('',#2188,#1763,#1764);
#1443=AXIS2_PLACEMENT_3D('',#2192,#1766,#1767);
#1444=AXIS2_PLACEMENT_3D('',#2194,#1769,#1770);
#1445=AXIS2_PLACEMENT_3D('',#2196,#1772,#1773);
#1446=AXIS2_PLACEMENT_3D('',#2199,#1775,#1776);
#1447=AXIS2_PLACEMENT_3D('',#2200,#1777,#1778);
#1448=AXIS2_PLACEMENT_3D('',#2201,#1779,#1780);
#1449=AXIS2_PLACEMENT_3D('',#2202,#1781,#1782);
#1450=AXIS2_PLACEMENT_3D('',#2205,#1784,#1785);
#1451=AXIS2_PLACEMENT_3D('',#2206,#1786,#1787);
#1452=AXIS2_PLACEMENT_3D('',#2207,#1788,#1789);
#1453=AXIS2_PLACEMENT_3D('',#2208,#1790,#1791);
#1454=AXIS2_PLACEMENT_3D('',#2211,#1793,#1794);
#1455=AXIS2_PLACEMENT_3D('',#2212,#1795,#1796);
#1456=AXIS2_PLACEMENT_3D('',#2213,#1797,#1798);
#1457=AXIS2_PLACEMENT_3D('',#2214,#1799,#1800);
#1458=AXIS2_PLACEMENT_3D('',#2217,#1802,#1803);
#1459=AXIS2_PLACEMENT_3D('',#2218,#1804,#1805);
#1460=AXIS2_PLACEMENT_3D('',#2219,#1806,#1807);
#1461=AXIS2_PLACEMENT_3D('',#2220,#1808,#1809);
#1462=AXIS2_PLACEMENT_3D('',#2222,#1810,#1811);
#1463=AXIS2_PLACEMENT_3D('',#2224,#1813,#1814);
#1464=AXIS2_PLACEMENT_3D('',#2226,#1815,#1816);
#1465=AXIS2_PLACEMENT_3D('',#2228,#1818,#1819);
#1466=AXIS2_PLACEMENT_3D('',#2230,#1820,#1821);
#1467=AXIS2_PLACEMENT_3D('',#2232,#1823,#1824);
#1468=AXIS2_PLACEMENT_3D('',#2234,#1825,#1826);
#1469=AXIS2_PLACEMENT_3D('',#2236,#1828,#1829);
#1470=AXIS2_PLACEMENT_3D('',#2238,#1830,#1831);
#1471=AXIS2_PLACEMENT_3D('',#2240,#1833,#1834);
#1472=AXIS2_PLACEMENT_3D('',#2242,#1835,#1836);
#1473=AXIS2_PLACEMENT_3D('',#2244,#1838,#1839);
#1474=AXIS2_PLACEMENT_3D('',#2246,#1840,#1841);
#1475=AXIS2_PLACEMENT_3D('',#2248,#1843,#1844);
#1476=AXIS2_PLACEMENT_3D('',#2250,#1845,#1846);
#1477=AXIS2_PLACEMENT_3D('',#2252,#1848,#1849);
#1478=AXIS2_PLACEMENT_3D('',#2256,#1852,#1853);
#1479=AXIS2_PLACEMENT_3D('',#2258,#1854,#1855);
#1480=AXIS2_PLACEMENT_3D('',#2260,#1857,#1858);
#1481=AXIS2_PLACEMENT_3D('',#2262,#1860,#1861);
#1482=AXIS2_PLACEMENT_3D('',#2266,#1864,#1865);
#1483=AXIS2_PLACEMENT_3D('',#2268,#1866,#1867);
#1484=AXIS2_PLACEMENT_3D('',#2270,#1869,#1870);
#1485=AXIS2_PLACEMENT_3D('',#2272,#1872,#1873);
#1486=AXIS2_PLACEMENT_3D('',#2276,#1876,#1877);
#1487=AXIS2_PLACEMENT_3D('',#2277,#1878,#1879);
#1488=AXIS2_PLACEMENT_3D('',#2278,#1880,#1881);
#1489=AXIS2_PLACEMENT_3D('',#2282,#1884,#1885);
#1490=AXIS2_PLACEMENT_3D('',#2283,#1886,#1887);
#1491=AXIS2_PLACEMENT_3D('',#2284,#1888,#1889);
#1492=AXIS2_PLACEMENT_3D('',#2288,#1891,#1892);
#1493=AXIS2_PLACEMENT_3D('',#2290,#1894,#1895);
#1494=AXIS2_PLACEMENT_3D('',#2292,#1896,#1897);
#1495=AXIS2_PLACEMENT_3D('',#2294,#1899,#1900);
#1496=AXIS2_PLACEMENT_3D('',#2296,#1901,#1902);
#1497=AXIS2_PLACEMENT_3D('',#2298,#1904,#1905);
#1498=AXIS2_PLACEMENT_3D('',#2300,#1906,#1907);
#1499=AXIS2_PLACEMENT_3D('',#2302,#1909,#1910);
#1500=AXIS2_PLACEMENT_3D('',#2304,#1911,#1912);
#1501=AXIS2_PLACEMENT_3D('',#2306,#1914,#1915);
#1502=AXIS2_PLACEMENT_3D('',#2308,#1916,#1917);
#1503=AXIS2_PLACEMENT_3D('',#2310,#1919,#1920);
#1504=AXIS2_PLACEMENT_3D('',#2312,#1921,#1922);
#1505=AXIS2_PLACEMENT_3D('',#2314,#1924,#1925);
#1506=AXIS2_PLACEMENT_3D('',#2315,#1926,#1927);
#1507=AXIS2_PLACEMENT_3D('',#2316,#1928,#1929);
#1508=DIRECTION('axis',(0.,0.,1.));
#1509=DIRECTION('refdir',(1.,0.,0.));
#1510=DIRECTION('center_axis',(0.,0.,1.));
#1511=DIRECTION('ref_axis',(-0.707106781186548,0.707106781186547,0.));
#1512=DIRECTION('center_axis',(0.,0.,-1.));
#1513=DIRECTION('ref_axis',(-0.707106781186548,0.707106781186547,0.));
#1514=DIRECTION('',(0.,0.,-1.));
#1515=DIRECTION('center_axis',(0.,0.,1.));
#1516=DIRECTION('ref_axis',(-0.707106781186548,0.707106781186547,0.));
#1517=DIRECTION('',(0.,0.,1.));
#1518=DIRECTION('center_axis',(-1.,-6.12086087526325E-16,0.));
#1519=DIRECTION('ref_axis',(6.12086087526325E-16,-1.,0.));
#1520=DIRECTION('',(6.12086087526325E-16,-1.,0.));
#1521=DIRECTION('',(0.,0.,-1.));
#1522=DIRECTION('',(6.12086087526325E-16,-1.,0.));
#1523=DIRECTION('center_axis',(0.,0.,1.));
#1524=DIRECTION('ref_axis',(1.,0.,0.));
#1525=DIRECTION('center_axis',(0.,0.,-1.));
#1526=DIRECTION('ref_axis',(-1.,0.,0.));
#1527=DIRECTION('center_axis',(0.,0.,1.));
#1528=DIRECTION('ref_axis',(1.,0.,0.));
#1529=DIRECTION('center_axis',(0.,0.,-1.));
#1530=DIRECTION('ref_axis',(-1.,0.,0.));
#1531=DIRECTION('center_axis',(0.,0.,1.));
#1532=DIRECTION('ref_axis',(1.,0.,0.));
#1533=DIRECTION('center_axis',(0.,0.,-1.));
#1534=DIRECTION('ref_axis',(-1.,0.,0.));
#1535=DIRECTION('center_axis',(0.,0.,1.));
#1536=DIRECTION('ref_axis',(1.,0.,0.));
#1537=DIRECTION('center_axis',(0.,0.,-1.));
#1538=DIRECTION('ref_axis',(-1.,0.,0.));
#1539=DIRECTION('center_axis',(0.,0.,1.));
#1540=DIRECTION('ref_axis',(1.,0.,0.));
#1541=DIRECTION('',(-1.,0.,0.));
#1542=DIRECTION('center_axis',(0.,0.,-1.));
#1543=DIRECTION('ref_axis',(-1.,0.,0.));
#1544=DIRECTION('',(0.,1.,0.));
#1545=DIRECTION('center_axis',(0.,0.,1.));
#1546=DIRECTION('ref_axis',(0.707106781186548,-0.707106781186548,0.));
#1547=DIRECTION('',(1.,6.12086087526325E-16,0.));
#1548=DIRECTION('center_axis',(0.,0.,1.));
#1549=DIRECTION('ref_axis',(-0.707106781186547,-0.707106781186548,0.));
#1550=DIRECTION('',(0.,-1.,0.));
#1551=DIRECTION('center_axis',(0.,0.,-1.));
#1552=DIRECTION('ref_axis',(-1.,0.,0.));
#1553=DIRECTION('',(-1.,0.,0.));
#1554=DIRECTION('center_axis',(0.,0.,1.));
#1555=DIRECTION('ref_axis',(0.707106781186548,0.707106781186548,0.));
#1556=DIRECTION('',(-6.12086087526325E-16,1.,0.));
#1557=DIRECTION('center_axis',(0.,0.,1.));
#1558=DIRECTION('ref_axis',(0.707106781186548,-0.707106781186547,0.));
#1559=DIRECTION('',(1.,0.,0.));
#1560=DIRECTION('center_axis',(0.,0.,-1.));
#1561=DIRECTION('ref_axis',(-1.,0.,0.));
#1562=DIRECTION('',(-1.8503717077086E-16,-1.,0.));
#1563=DIRECTION('center_axis',(0.,0.,1.));
#1564=DIRECTION('ref_axis',(-0.707106781186548,0.707106781186548,0.));
#1565=DIRECTION('',(-1.,-6.12086087526325E-16,0.));
#1566=DIRECTION('center_axis',(0.,0.,1.));
#1567=DIRECTION('ref_axis',(0.707106781186547,0.707106781186548,0.));
#1568=DIRECTION('',(1.8503717077086E-16,1.,0.));
#1569=DIRECTION('center_axis',(0.,0.,-1.));
#1570=DIRECTION('ref_axis',(-1.,0.,0.));
#1571=DIRECTION('',(1.,0.,0.));
#1572=DIRECTION('center_axis',(0.,0.,1.));
#1573=DIRECTION('ref_axis',(-0.707106781186548,-0.707106781186548,0.));
#1574=DIRECTION('center_axis',(0.,0.,-1.));
#1575=DIRECTION('ref_axis',(-1.,0.,0.));
#1576=DIRECTION('center_axis',(0.,0.,-1.));
#1577=DIRECTION('ref_axis',(-1.,0.,0.));
#1578=DIRECTION('center_axis',(0.,0.,-1.));
#1579=DIRECTION('ref_axis',(-1.,0.,0.));
#1580=DIRECTION('center_axis',(0.,0.,-1.));
#1581=DIRECTION('ref_axis',(-1.,0.,0.));
#1582=DIRECTION('center_axis',(0.,0.,-1.));
#1583=DIRECTION('ref_axis',(-1.,0.,0.));
#1584=DIRECTION('center_axis',(0.,0.,-1.));
#1585=DIRECTION('ref_axis',(-1.,0.,0.));
#1586=DIRECTION('center_axis',(0.,0.,-1.));
#1587=DIRECTION('ref_axis',(-1.,0.,0.));
#1588=DIRECTION('center_axis',(0.,0.,-1.));
#1589=DIRECTION('ref_axis',(-1.,0.,0.));
#1590=DIRECTION('center_axis',(0.,0.,1.));
#1591=DIRECTION('ref_axis',(1.,0.,0.));
#1592=DIRECTION('center_axis',(0.,0.,1.));
#1593=DIRECTION('ref_axis',(1.,0.,0.));
#1594=DIRECTION('center_axis',(0.,0.,1.));
#1595=DIRECTION('ref_axis',(1.,0.,0.));
#1596=DIRECTION('center_axis',(0.,0.,-1.));
#1597=DIRECTION('ref_axis',(0.758636079359758,-0.651514619247838,0.));
#1598=DIRECTION('',(7.40148683083435E-16,-1.,0.));
#1599=DIRECTION('center_axis',(0.,0.,-1.));
#1600=DIRECTION('ref_axis',(-1.,-8.3266726846887E-16,0.));
#1601=DIRECTION('center_axis',(0.,0.,1.));
#1602=DIRECTION('ref_axis',(1.,0.,0.));
#1603=DIRECTION('center_axis',(0.,0.,1.));
#1604=DIRECTION('ref_axis',(1.,0.,0.));
#1605=DIRECTION('center_axis',(0.,0.,1.));
#1606=DIRECTION('ref_axis',(1.,0.,0.));
#1607=DIRECTION('center_axis',(0.,0.,-1.));
#1608=DIRECTION('ref_axis',(0.651514619247838,0.758636079359758,0.));
#1609=DIRECTION('',(1.,0.,0.));
#1610=DIRECTION('center_axis',(0.,0.,-1.));
#1611=DIRECTION('ref_axis',(-0.651514619247839,0.758636079359757,0.));
#1612=DIRECTION('center_axis',(0.,0.,1.));
#1613=DIRECTION('ref_axis',(1.,0.,0.));
#1614=DIRECTION('center_axis',(0.,0.,1.));
#1615=DIRECTION('ref_axis',(1.,0.,0.));
#1616=DIRECTION('center_axis',(0.,0.,1.));
#1617=DIRECTION('ref_axis',(1.,0.,0.));
#1618=DIRECTION('center_axis',(0.,0.,-1.));
#1619=DIRECTION('ref_axis',(-0.651514619247838,-0.758636079359758,0.));
#1620=DIRECTION('',(-1.,0.,0.));
#1621=DIRECTION('center_axis',(0.,0.,-1.));
#1622=DIRECTION('ref_axis',(0.651514619247839,-0.758636079359757,0.));
#1623=DIRECTION('center_axis',(0.,0.,1.));
#1624=DIRECTION('ref_axis',(1.,0.,0.));
#1625=DIRECTION('center_axis',(0.,0.,1.));
#1626=DIRECTION('ref_axis',(1.,0.,0.));
#1627=DIRECTION('center_axis',(0.,0.,1.));
#1628=DIRECTION('ref_axis',(1.,0.,0.));
#1629=DIRECTION('center_axis',(0.,0.,-1.));
#1630=DIRECTION('ref_axis',(-0.758636079359758,0.651514619247838,0.));
#1631=DIRECTION('',(0.,1.,0.));
#1632=DIRECTION('center_axis',(0.,0.,-1.));
#1633=DIRECTION('ref_axis',(-0.758636079359757,-0.651514619247839,0.));
#1634=DIRECTION('center_axis',(0.,0.,1.));
#1635=DIRECTION('ref_axis',(-0.707106781186548,-0.707106781186548,0.));
#1636=DIRECTION('center_axis',(0.,0.,-1.));
#1637=DIRECTION('ref_axis',(-0.707106781186548,-0.707106781186548,0.));
#1638=DIRECTION('',(0.,0.,1.));
#1639=DIRECTION('center_axis',(0.,-1.,0.));
#1640=DIRECTION('ref_axis',(1.,0.,0.));
#1641=DIRECTION('',(0.,0.,1.));
#1642=DIRECTION('',(1.,0.,0.));
#1643=DIRECTION('center_axis',(0.,0.,1.));
#1644=DIRECTION('ref_axis',(-0.651514619247839,0.758636079359757,0.));
#1645=DIRECTION('',(0.,0.,1.));
#1646=DIRECTION('center_axis',(0.,0.,1.));
#1647=DIRECTION('ref_axis',(-0.651514619247839,0.758636079359757,0.));
#1648=DIRECTION('',(0.,0.,-1.));
#1649=DIRECTION('center_axis',(0.,-1.,0.));
#1650=DIRECTION('ref_axis',(1.,0.,0.));
#1651=DIRECTION('',(0.,0.,-1.));
#1652=DIRECTION('',(1.,0.,0.));
#1653=DIRECTION('center_axis',(0.,0.,1.));
#1654=DIRECTION('ref_axis',(0.651514619247838,0.758636079359758,0.));
#1655=DIRECTION('',(0.,0.,1.));
#1656=DIRECTION('center_axis',(0.,0.,1.));
#1657=DIRECTION('ref_axis',(0.651514619247838,0.758636079359758,0.));
#1658=DIRECTION('center_axis',(0.,0.,1.));
#1659=DIRECTION('ref_axis',(1.,0.,0.));
#1660=DIRECTION('',(0.,0.,1.));
#1661=DIRECTION('center_axis',(0.,0.,1.));
#1662=DIRECTION('ref_axis',(1.,0.,0.));
#1663=DIRECTION('center_axis',(0.,0.,1.));
#1664=DIRECTION('ref_axis',(0.707106781186547,0.707106781186548,0.));
#1665=DIRECTION('center_axis',(0.,0.,-1.));
#1666=DIRECTION('ref_axis',(0.707106781186547,0.707106781186548,0.));
#1667=DIRECTION('',(0.,0.,-1.));
#1668=DIRECTION('',(0.,0.,1.));
#1669=DIRECTION('center_axis',(-6.12086087526325E-16,1.,0.));
#1670=DIRECTION('ref_axis',(-1.,-6.12086087526325E-16,0.));
#1671=DIRECTION('',(0.,0.,-1.));
#1672=DIRECTION('',(-1.,-6.12086087526325E-16,0.));
#1673=DIRECTION('center_axis',(0.,0.,1.));
#1674=DIRECTION('ref_axis',(-0.707106781186548,0.707106781186548,0.));
#1675=DIRECTION('center_axis',(0.,0.,-1.));
#1676=DIRECTION('ref_axis',(-0.707106781186548,0.707106781186548,0.));
#1677=DIRECTION('',(0.,0.,1.));
#1678=DIRECTION('center_axis',(-1.,1.8503717077086E-16,0.));
#1679=DIRECTION('ref_axis',(-1.8503717077086E-16,-1.,0.));
#1680=DIRECTION('',(0.,0.,1.));
#1681=DIRECTION('',(-1.8503717077086E-16,-1.,0.));
#1682=DIRECTION('center_axis',(0.,0.,1.));
#1683=DIRECTION('ref_axis',(0.707106781186548,0.707106781186548,0.));
#1684=DIRECTION('center_axis',(0.,0.,-1.));
#1685=DIRECTION('ref_axis',(0.707106781186548,0.707106781186548,0.));
#1686=DIRECTION('',(0.,0.,-1.));
#1687=DIRECTION('',(0.,0.,1.));
#1688=DIRECTION('center_axis',(1.,6.12086087526325E-16,0.));
#1689=DIRECTION('ref_axis',(-6.12086087526325E-16,1.,0.));
#1690=DIRECTION('',(-6.12086087526325E-16,1.,0.));
#1691=DIRECTION('',(0.,0.,1.));
#1692=DIRECTION('center_axis',(0.,0.,1.));
#1693=DIRECTION('ref_axis',(0.707106781186548,-0.707106781186547,0.));
#1694=DIRECTION('center_axis',(0.,0.,-1.));
#1695=DIRECTION('ref_axis',(0.707106781186548,-0.707106781186547,0.));
#1696=DIRECTION('',(0.,0.,-1.));
#1697=DIRECTION('center_axis',(0.,0.,1.));
#1698=DIRECTION('ref_axis',(0.758636079359758,-0.651514619247838,0.));
#1699=DIRECTION('',(0.,0.,1.));
#1700=DIRECTION('center_axis',(0.,0.,1.));
#1701=DIRECTION('ref_axis',(0.758636079359758,-0.651514619247838,0.));
#1702=DIRECTION('',(0.,0.,-1.));
#1703=DIRECTION('center_axis',(0.,0.,1.));
#1704=DIRECTION('ref_axis',(1.,0.,0.));
#1705=DIRECTION('',(0.,0.,1.));
#1706=DIRECTION('center_axis',(0.,0.,1.));
#1707=DIRECTION('ref_axis',(1.,0.,0.));
#1708=DIRECTION('center_axis',(0.,0.,1.));
#1709=DIRECTION('ref_axis',(-1.,-8.3266726846887E-16,0.));
#1710=DIRECTION('center_axis',(0.,0.,1.));
#1711=DIRECTION('ref_axis',(-1.,-8.3266726846887E-16,0.));
#1712=DIRECTION('',(0.,0.,-1.));
#1713=DIRECTION('',(0.,0.,1.));
#1714=DIRECTION('center_axis',(-1.,-7.40148683083435E-16,0.));
#1715=DIRECTION('ref_axis',(7.40148683083435E-16,-1.,0.));
#1716=DIRECTION('',(7.40148683083435E-16,-1.,0.));
#1717=DIRECTION('center_axis',(0.,0.,1.));
#1718=DIRECTION('ref_axis',(-0.707106781186547,-0.707106781186548,0.));
#1719=DIRECTION('center_axis',(0.,0.,-1.));
#1720=DIRECTION('ref_axis',(-0.707106781186547,-0.707106781186548,0.));
#1721=DIRECTION('',(0.,0.,-1.));
#1722=DIRECTION('',(0.,0.,1.));
#1723=DIRECTION('center_axis',(6.12086087526325E-16,-1.,0.));
#1724=DIRECTION('ref_axis',(1.,6.12086087526325E-16,0.));
#1725=DIRECTION('',(0.,0.,-1.));
#1726=DIRECTION('',(1.,6.12086087526325E-16,0.));
#1727=DIRECTION('center_axis',(0.,0.,1.));
#1728=DIRECTION('ref_axis',(0.707106781186548,-0.707106781186548,0.));
#1729=DIRECTION('center_axis',(0.,0.,-1.));
#1730=DIRECTION('ref_axis',(0.707106781186548,-0.707106781186548,0.));
#1731=DIRECTION('',(0.,0.,1.));
#1732=DIRECTION('center_axis',(0.,0.,1.));
#1733=DIRECTION('ref_axis',(-0.651514619247838,-0.758636079359758,0.));
#1734=DIRECTION('',(0.,0.,1.));
#1735=DIRECTION('center_axis',(0.,0.,1.));
#1736=DIRECTION('ref_axis',(-0.651514619247838,-0.758636079359758,0.));
#1737=DIRECTION('',(0.,0.,-1.));
#1738=DIRECTION('center_axis',(0.,0.,1.));
#1739=DIRECTION('ref_axis',(1.,0.,0.));
#1740=DIRECTION('',(0.,0.,1.));
#1741=DIRECTION('center_axis',(0.,0.,1.));
#1742=DIRECTION('ref_axis',(1.,0.,0.));
#1743=DIRECTION('center_axis',(0.,0.,1.));
#1744=DIRECTION('ref_axis',(0.651514619247839,-0.758636079359757,0.));
#1745=DIRECTION('',(0.,0.,1.));
#1746=DIRECTION('center_axis',(0.,0.,1.));
#1747=DIRECTION('ref_axis',(0.651514619247839,-0.758636079359757,0.));
#1748=DIRECTION('',(0.,0.,-1.));
#1749=DIRECTION('center_axis',(0.,1.,0.));
#1750=DIRECTION('ref_axis',(-1.,0.,0.));
#1751=DIRECTION('',(-1.,0.,0.));
#1752=DIRECTION('center_axis',(0.,0.,1.));
#1753=DIRECTION('ref_axis',(-0.758636079359758,0.651514619247838,0.));
#1754=DIRECTION('',(0.,0.,1.));
#1755=DIRECTION('center_axis',(0.,0.,1.));
#1756=DIRECTION('ref_axis',(-0.758636079359758,0.651514619247838,0.));
#1757=DIRECTION('',(0.,0.,-1.));
#1758=DIRECTION('center_axis',(0.,0.,1.));
#1759=DIRECTION('ref_axis',(1.,0.,0.));
#1760=DIRECTION('',(0.,0.,1.));
#1761=DIRECTION('center_axis',(0.,0.,1.));
#1762=DIRECTION('ref_axis',(1.,0.,0.));
#1763=DIRECTION('center_axis',(0.,0.,1.));
#1764=DIRECTION('ref_axis',(-0.758636079359757,-0.651514619247839,0.));
#1765=DIRECTION('',(0.,0.,1.));
#1766=DIRECTION('center_axis',(0.,0.,1.));
#1767=DIRECTION('ref_axis',(-0.758636079359757,-0.651514619247839,0.));
#1768=DIRECTION('',(0.,0.,-1.));
#1769=DIRECTION('center_axis',(1.,0.,0.));
#1770=DIRECTION('ref_axis',(0.,1.,0.));
#1771=DIRECTION('',(0.,1.,0.));
#1772=DIRECTION('center_axis',(0.,0.,1.));
#1773=DIRECTION('ref_axis',(-1.,-3.21624529935327E-16,0.));
#1774=DIRECTION('',(0.,0.,1.));
#1775=DIRECTION('center_axis',(0.,0.,1.));
#1776=DIRECTION('ref_axis',(1.,0.,0.));
#1777=DIRECTION('center_axis',(0.,0.,1.));
#1778=DIRECTION('ref_axis',(1.,0.,0.));
#1779=DIRECTION('center_axis',(0.,0.,1.));
#1780=DIRECTION('ref_axis',(1.,0.,0.));
#1781=DIRECTION('center_axis',(0.,0.,1.));
#1782=DIRECTION('ref_axis',(1.,0.,0.));
#1783=DIRECTION('',(0.,0.,1.));
#1784=DIRECTION('center_axis',(0.,0.,1.));
#1785=DIRECTION('ref_axis',(1.,0.,0.));
#1786=DIRECTION('center_axis',(0.,0.,1.));
#1787=DIRECTION('ref_axis',(1.,0.,0.));
#1788=DIRECTION('center_axis',(0.,0.,1.));
#1789=DIRECTION('ref_axis',(1.,0.,0.));
#1790=DIRECTION('center_axis',(0.,0.,1.));
#1791=DIRECTION('ref_axis',(1.,0.,0.));
#1792=DIRECTION('',(0.,0.,1.));
#1793=DIRECTION('center_axis',(0.,0.,1.));
#1794=DIRECTION('ref_axis',(1.,0.,0.));
#1795=DIRECTION('center_axis',(0.,0.,1.));
#1796=DIRECTION('ref_axis',(1.,0.,0.));
#1797=DIRECTION('center_axis',(0.,0.,1.));
#1798=DIRECTION('ref_axis',(1.,0.,0.));
#1799=DIRECTION('center_axis',(0.,0.,1.));
#1800=DIRECTION('ref_axis',(1.,0.,0.));
#1801=DIRECTION('',(0.,0.,1.));
#1802=DIRECTION('center_axis',(0.,0.,1.));
#1803=DIRECTION('ref_axis',(1.,0.,0.));
#1804=DIRECTION('center_axis',(0.,0.,1.));
#1805=DIRECTION('ref_axis',(1.,0.,0.));
#1806=DIRECTION('center_axis',(0.,0.,1.));
#1807=DIRECTION('ref_axis',(1.,0.,0.));
#1808=DIRECTION('center_axis',(0.,0.,1.));
#1809=DIRECTION('ref_axis',(-1.,0.,0.));
#1810=DIRECTION('center_axis',(0.,0.,-1.));
#1811=DIRECTION('ref_axis',(-1.,0.,0.));
#1812=DIRECTION('',(0.,0.,-1.));
#1813=DIRECTION('center_axis',(0.,0.,1.));
#1814=DIRECTION('ref_axis',(-1.,0.,0.));
#1815=DIRECTION('center_axis',(0.,0.,-1.));
#1816=DIRECTION('ref_axis',(-1.,0.,0.));
#1817=DIRECTION('',(0.,0.,-1.));
#1818=DIRECTION('center_axis',(0.,0.,1.));
#1819=DIRECTION('ref_axis',(-1.,0.,0.));
#1820=DIRECTION('center_axis',(0.,0.,-1.));
#1821=DIRECTION('ref_axis',(-1.,0.,0.));
#1822=DIRECTION('',(0.,0.,-1.));
#1823=DIRECTION('center_axis',(0.,0.,1.));
#1824=DIRECTION('ref_axis',(-1.,0.,0.));
#1825=DIRECTION('center_axis',(0.,0.,-1.));
#1826=DIRECTION('ref_axis',(-1.,0.,0.));
#1827=DIRECTION('',(0.,0.,-1.));
#1828=DIRECTION('center_axis',(0.,0.,1.));
#1829=DIRECTION('ref_axis',(-1.,0.,0.));
#1830=DIRECTION('center_axis',(0.,0.,-1.));
#1831=DIRECTION('ref_axis',(-1.,0.,0.));
#1832=DIRECTION('',(0.,0.,-1.));
#1833=DIRECTION('center_axis',(0.,0.,1.));
#1834=DIRECTION('ref_axis',(-1.,0.,0.));
#1835=DIRECTION('center_axis',(0.,0.,-1.));
#1836=DIRECTION('ref_axis',(-1.,0.,0.));
#1837=DIRECTION('',(0.,0.,-1.));
#1838=DIRECTION('center_axis',(0.,0.,1.));
#1839=DIRECTION('ref_axis',(-1.,0.,0.));
#1840=DIRECTION('center_axis',(0.,0.,-1.));
#1841=DIRECTION('ref_axis',(-1.,0.,0.));
#1842=DIRECTION('',(0.,0.,-1.));
#1843=DIRECTION('center_axis',(0.,0.,1.));
#1844=DIRECTION('ref_axis',(-1.,0.,0.));
#1845=DIRECTION('center_axis',(0.,0.,-1.));
#1846=DIRECTION('ref_axis',(-1.,0.,0.));
#1847=DIRECTION('',(0.,0.,-1.));
#1848=DIRECTION('center_axis',(0.,1.,0.));
#1849=DIRECTION('ref_axis',(-1.,0.,0.));
#1850=DIRECTION('',(-1.,0.,0.));
#1851=DIRECTION('',(0.,0.,1.));
#1852=DIRECTION('center_axis',(0.,0.,1.));
#1853=DIRECTION('ref_axis',(0.707106781186548,0.707106781186547,0.));
#1854=DIRECTION('center_axis',(0.,0.,-1.));
#1855=DIRECTION('ref_axis',(-1.,0.,0.));
#1856=DIRECTION('',(0.,0.,1.));
#1857=DIRECTION('center_axis',(1.,0.,0.));
#1858=DIRECTION('ref_axis',(0.,1.,0.));
#1859=DIRECTION('',(0.,1.,0.));
#1860=DIRECTION('center_axis',(-1.,0.,0.));
#1861=DIRECTION('ref_axis',(0.,-1.,0.));
#1862=DIRECTION('',(0.,-1.,0.));
#1863=DIRECTION('',(0.,0.,1.));
#1864=DIRECTION('center_axis',(0.,0.,1.));
#1865=DIRECTION('ref_axis',(-1.,0.,0.));
#1866=DIRECTION('center_axis',(0.,0.,-1.));
#1867=DIRECTION('ref_axis',(-1.,0.,0.));
#1868=DIRECTION('',(0.,0.,1.));
#1869=DIRECTION('center_axis',(0.,1.,0.));
#1870=DIRECTION('ref_axis',(-1.,0.,0.));
#1871=DIRECTION('',(-1.,0.,0.));
#1872=DIRECTION('center_axis',(0.,-1.,0.));
#1873=DIRECTION('ref_axis',(1.,0.,0.));
#1874=DIRECTION('',(1.,0.,0.));
#1875=DIRECTION('',(0.,0.,1.));
#1876=DIRECTION('center_axis',(0.,0.,1.));
#1877=DIRECTION('ref_axis',(-1.,0.,0.));
#1878=DIRECTION('center_axis',(0.,0.,-1.));
#1879=DIRECTION('ref_axis',(-1.,0.,0.));
#1880=DIRECTION('center_axis',(1.,-1.8503717077086E-16,0.));
#1881=DIRECTION('ref_axis',(1.8503717077086E-16,1.,0.));
#1882=DIRECTION('',(1.8503717077086E-16,1.,0.));
#1883=DIRECTION('',(0.,0.,1.));
#1884=DIRECTION('center_axis',(0.,0.,1.));
#1885=DIRECTION('ref_axis',(0.707106781186547,-0.707106781186548,0.));
#1886=DIRECTION('center_axis',(0.,0.,-1.));
#1887=DIRECTION('ref_axis',(-1.,0.,0.));
#1888=DIRECTION('center_axis',(0.,0.,1.));
#1889=DIRECTION('ref_axis',(1.,0.,0.));
#1890=DIRECTION('',(0.,0.,1.));
#1891=DIRECTION('center_axis',(0.,0.,1.));
#1892=DIRECTION('ref_axis',(1.,0.,0.));
#1893=DIRECTION('',(0.,0.,1.));
#1894=DIRECTION('center_axis',(0.,0.,1.));
#1895=DIRECTION('ref_axis',(-1.,0.,0.));
#1896=DIRECTION('center_axis',(0.,0.,-1.));
#1897=DIRECTION('ref_axis',(-1.,0.,0.));
#1898=DIRECTION('',(0.,0.,1.));
#1899=DIRECTION('center_axis',(0.,0.,1.));
#1900=DIRECTION('ref_axis',(-0.707106781186547,-0.707106781186548,0.));
#1901=DIRECTION('center_axis',(0.,0.,1.));
#1902=DIRECTION('ref_axis',(1.,0.,0.));
#1903=DIRECTION('',(0.,0.,1.));
#1904=DIRECTION('center_axis',(0.,0.,1.));
#1905=DIRECTION('ref_axis',(1.,-1.22464679914735E-16,0.));
#1906=DIRECTION('center_axis',(0.,0.,-1.));
#1907=DIRECTION('ref_axis',(-1.,0.,0.));
#1908=DIRECTION('',(0.,0.,1.));
#1909=DIRECTION('center_axis',(0.,0.,1.));
#1910=DIRECTION('ref_axis',(-0.707106781186547,0.707106781186548,0.));
#1911=DIRECTION('center_axis',(0.,0.,1.));
#1912=DIRECTION('ref_axis',(1.,0.,0.));
#1913=DIRECTION('',(0.,0.,1.));
#1914=DIRECTION('center_axis',(0.,0.,1.));
#1915=DIRECTION('ref_axis',(-1.,0.,0.));
#1916=DIRECTION('center_axis',(0.,0.,-1.));
#1917=DIRECTION('ref_axis',(-1.,0.,0.));
#1918=DIRECTION('',(0.,0.,1.));
#1919=DIRECTION('center_axis',(0.,0.,1.));
#1920=DIRECTION('ref_axis',(1.,0.,0.));
#1921=DIRECTION('center_axis',(0.,0.,1.));
#1922=DIRECTION('ref_axis',(1.,0.,0.));
#1923=DIRECTION('',(0.,0.,1.));
#1924=DIRECTION('center_axis',(0.,0.,1.));
#1925=DIRECTION('ref_axis',(-1.,0.,0.));
#1926=DIRECTION('center_axis',(0.,0.,-1.));
#1927=DIRECTION('ref_axis',(-1.,0.,0.));
#1928=DIRECTION('center_axis',(0.,0.,1.));
#1929=DIRECTION('ref_axis',(1.,0.,0.));
#1930=CARTESIAN_POINT('',(0.,0.,0.));
#1931=CARTESIAN_POINT('Origin',(34.3553390593275,5.25533905932739,0.));
#1932=CARTESIAN_POINT('',(32.3553390593275,5.25533905932739,3.));
#1933=CARTESIAN_POINT('',(34.3553390593275,7.25533905932739,3.));
#1934=CARTESIAN_POINT('Origin',(34.3553390593275,5.25533905932739,3.));
#1935=CARTESIAN_POINT('',(34.3553390593275,7.25533905932739,0.));
#1936=CARTESIAN_POINT('',(34.3553390593275,7.25533905932739,0.));
#1937=CARTESIAN_POINT('',(32.3553390593275,5.25533905932739,0.));
#1938=CARTESIAN_POINT('Origin',(34.3553390593275,5.25533905932739,0.));
#1939=CARTESIAN_POINT('',(32.3553390593275,5.25533905932739,0.));
#1940=CARTESIAN_POINT('Origin',(32.3553390593275,7.25533905932739,0.));
#1941=CARTESIAN_POINT('',(32.3553390593275,-5.25533905932737,0.));
#1942=CARTESIAN_POINT('',(32.3553390593275,7.25533905932739,0.));
#1943=CARTESIAN_POINT('',(32.3553390593275,-5.25533905932737,3.));
#1944=CARTESIAN_POINT('',(32.3553390593275,-5.25533905932737,0.));
#1945=CARTESIAN_POINT('',(32.3553390593275,7.25533905932739,3.));
#1946=CARTESIAN_POINT('Origin',(-4.44089209850063E-15,4.44089209850063E-15,
0.));
#1947=CARTESIAN_POINT('',(62.3377096600521,-19.8904861093262,0.));
#1948=CARTESIAN_POINT('',(62.337709660052,19.8904861093263,0.));
#1949=CARTESIAN_POINT('Origin',(97.0417232944244,3.04728955844506E-14,0.));
#1950=CARTESIAN_POINT('',(19.8904861093263,-62.337709660052,0.));
#1951=CARTESIAN_POINT('Origin',(35.3553390593275,-35.3553390593275,0.));
#1952=CARTESIAN_POINT('',(-19.8904861093263,-62.337709660052,0.));
#1953=CARTESIAN_POINT('Origin',(1.26466202120116E-14,-97.0417232944244,
0.));
#1954=CARTESIAN_POINT('',(-62.337709660052,-19.8904861093263,0.));
#1955=CARTESIAN_POINT('Origin',(-35.3553390593275,-35.3553390593275,0.));
#1956=CARTESIAN_POINT('',(-62.337709660052,19.8904861093262,0.));
#1957=CARTESIAN_POINT('Origin',(-97.0417232944244,-1.85887120028246E-14,
0.));
#1958=CARTESIAN_POINT('',(-19.8904861093263,62.337709660052,0.));
#1959=CARTESIAN_POINT('Origin',(-35.3553390593275,35.3553390593275,0.));
#1960=CARTESIAN_POINT('',(19.8904861093262,62.337709660052,0.));
#1961=CARTESIAN_POINT('Origin',(-2.45308037936376E-14,97.0417232944244,
0.));
#1962=CARTESIAN_POINT('Origin',(35.3553390593275,35.3553390593275,0.));
#1963=CARTESIAN_POINT('',(35.3553390593275,7.25533905932739,0.));
#1964=CARTESIAN_POINT('',(38.3553390593274,7.25533905932739,0.));
#1965=CARTESIAN_POINT('',(7.25533905932737,35.3553390593275,0.));
#1966=CARTESIAN_POINT('Origin',(35.3553390593275,35.3553390593275,0.));
#1967=CARTESIAN_POINT('',(7.25533905932737,34.3553390593275,0.));
#1968=CARTESIAN_POINT('',(7.25533905932737,32.3553390593275,0.));
#1969=CARTESIAN_POINT('',(5.25533905932738,32.3553390593275,0.));
#1970=CARTESIAN_POINT('Origin',(5.25533905932738,34.3553390593275,0.));
#1971=CARTESIAN_POINT('',(-5.25533905932739,32.3553390593275,0.));
#1972=CARTESIAN_POINT('',(-7.25533905932739,32.3553390593275,0.));
#1973=CARTESIAN_POINT('',(-7.25533905932739,34.3553390593275,0.));
#1974=CARTESIAN_POINT('Origin',(-5.25533905932739,34.3553390593275,0.));
#1975=CARTESIAN_POINT('',(-7.25533905932739,35.3553390593275,0.));
#1976=CARTESIAN_POINT('',(-7.25533905932739,38.3553390593274,0.));
#1977=CARTESIAN_POINT('',(-35.3553390593275,7.25533905932737,0.));
#1978=CARTESIAN_POINT('Origin',(-35.3553390593275,35.3553390593275,0.));
#1979=CARTESIAN_POINT('',(-34.3553390593275,7.25533905932738,0.));
#1980=CARTESIAN_POINT('',(-32.3553390593275,7.25533905932738,0.));
#1981=CARTESIAN_POINT('',(-32.3553390593275,5.25533905932738,0.));
#1982=CARTESIAN_POINT('Origin',(-34.3553390593275,5.25533905932738,0.));
#1983=CARTESIAN_POINT('',(-32.3553390593275,-5.25533905932739,0.));
#1984=CARTESIAN_POINT('',(-32.3553390593275,-7.25533905932739,0.));
#1985=CARTESIAN_POINT('',(-34.3553390593275,-7.25533905932739,0.));
#1986=CARTESIAN_POINT('Origin',(-34.3553390593275,-5.25533905932739,0.));
#1987=CARTESIAN_POINT('',(-35.3553390593275,-7.25533905932739,0.));
#1988=CARTESIAN_POINT('',(-38.3553390593274,-7.25533905932739,0.));
#1989=CARTESIAN_POINT('',(-7.25533905932737,-35.3553390593275,0.));
#1990=CARTESIAN_POINT('Origin',(-35.3553390593275,-35.3553390593275,0.));
#1991=CARTESIAN_POINT('',(-7.25533905932738,-34.3553390593275,0.));
#1992=CARTESIAN_POINT('',(-7.25533905932738,-32.3553390593275,0.));
#1993=CARTESIAN_POINT('',(-5.25533905932738,-32.3553390593275,0.));
#1994=CARTESIAN_POINT('Origin',(-5.25533905932738,-34.3553390593275,0.));
#1995=CARTESIAN_POINT('',(5.25533905932738,-32.3553390593275,0.));
#1996=CARTESIAN_POINT('',(7.25533905932739,-32.3553390593275,0.));
#1997=CARTESIAN_POINT('',(7.25533905932739,-34.3553390593275,0.));
#1998=CARTESIAN_POINT('Origin',(5.25533905932739,-34.3553390593275,0.));
#1999=CARTESIAN_POINT('',(7.25533905932739,-35.3553390593275,0.));
#2000=CARTESIAN_POINT('',(7.25533905932739,-38.3553390593274,0.));
#2001=CARTESIAN_POINT('',(35.3553390593275,-7.25533905932737,0.));
#2002=CARTESIAN_POINT('Origin',(35.3553390593275,-35.3553390593275,0.));
#2003=CARTESIAN_POINT('',(34.3553390593275,-7.25533905932737,0.));
#2004=CARTESIAN_POINT('',(32.3553390593275,-7.25533905932737,0.));
#2005=CARTESIAN_POINT('Origin',(34.3553390593275,-5.25533905932737,0.));
#2006=CARTESIAN_POINT('',(36.4053390593274,3.00000000000001,0.));
#2007=CARTESIAN_POINT('Origin',(35.3553390593274,3.00000000000001,0.));
#2008=CARTESIAN_POINT('',(36.4053390593274,-3.00000000000001,0.));
#2009=CARTESIAN_POINT('Origin',(35.3553390593274,-3.00000000000001,0.));
#2010=CARTESIAN_POINT('',(-1.95000000000004,-35.3553390593275,0.));
#2011=CARTESIAN_POINT('Origin',(-3.00000000000004,-35.3553390593275,0.));
#2012=CARTESIAN_POINT('',(4.04999999999998,-35.3553390593275,0.));
#2013=CARTESIAN_POINT('Origin',(2.99999999999998,-35.3553390593275,0.));
#2014=CARTESIAN_POINT('',(-34.3053390593274,-3.,0.));
#2015=CARTESIAN_POINT('Origin',(-35.3553390593274,-3.,0.));
#2016=CARTESIAN_POINT('',(-34.3053390593274,3.00000000000002,0.));
#2017=CARTESIAN_POINT('Origin',(-35.3553390593274,3.00000000000002,0.));
#2018=CARTESIAN_POINT('',(-1.94999999999998,35.3553390593275,0.));
#2019=CARTESIAN_POINT('Origin',(-2.99999999999998,35.3553390593275,0.));
#2020=CARTESIAN_POINT('',(4.05000000000004,35.3553390593275,0.));
#2021=CARTESIAN_POINT('Origin',(3.00000000000003,35.3553390593275,0.));
#2022=CARTESIAN_POINT('',(-55.7025043732503,11.8350741014682,0.));
#2023=CARTESIAN_POINT('',(-40.0532242557021,4.61221178376081,0.));
#2024=CARTESIAN_POINT('Origin',(-35.3553390593275,35.3553390593275,0.));
#2025=CARTESIAN_POINT('',(-55.7025043732503,-11.8350741014682,0.));
#2026=CARTESIAN_POINT('Origin',(-97.0417232944244,-1.85887120028246E-14,
0.));
#2027=CARTESIAN_POINT('',(-40.0532242557021,-4.61221178376083,0.));
#2028=CARTESIAN_POINT('Origin',(-35.3553390593275,-35.3553390593275,0.));
#2029=CARTESIAN_POINT('',(-38.3553390593274,-2.63516179819384,0.));
#2030=CARTESIAN_POINT('Origin',(-40.3553390593274,-2.63516179819384,0.));
#2031=CARTESIAN_POINT('',(-38.3553390593274,2.63516179819383,0.));
#2032=CARTESIAN_POINT('',(-38.3553390593274,3.00000000000001,0.));
#2033=CARTESIAN_POINT('Origin',(-40.3553390593274,2.63516179819383,0.));
#2034=CARTESIAN_POINT('',(-11.8350741014682,-55.7025043732503,0.));
#2035=CARTESIAN_POINT('',(-4.61221178376081,-40.0532242557021,0.));
#2036=CARTESIAN_POINT('Origin',(-35.3553390593275,-35.3553390593275,0.));
#2037=CARTESIAN_POINT('',(11.8350741014682,-55.7025043732503,0.));
#2038=CARTESIAN_POINT('Origin',(1.26466202120116E-14,-97.0417232944244,
0.));
#2039=CARTESIAN_POINT('',(4.61221178376083,-40.0532242557021,0.));
#2040=CARTESIAN_POINT('Origin',(35.3553390593275,-35.3553390593275,0.));
#2041=CARTESIAN_POINT('',(2.63516179819384,-38.3553390593274,0.));
#2042=CARTESIAN_POINT('Origin',(2.63516179819384,-40.3553390593274,0.));
#2043=CARTESIAN_POINT('',(-2.63516179819383,-38.3553390593274,0.));
#2044=CARTESIAN_POINT('',(-7.25533905932738,-38.3553390593274,0.));
#2045=CARTESIAN_POINT('Origin',(-2.63516179819383,-40.3553390593274,0.));
#2046=CARTESIAN_POINT('',(11.8350741014682,55.7025043732503,0.));
#2047=CARTESIAN_POINT('',(4.61221178376081,40.0532242557021,0.));
#2048=CARTESIAN_POINT('Origin',(35.3553390593275,35.3553390593275,0.));
#2049=CARTESIAN_POINT('',(-11.8350741014682,55.7025043732502,0.));
#2050=CARTESIAN_POINT('Origin',(-2.45308037936376E-14,97.0417232944244,
0.));
#2051=CARTESIAN_POINT('',(-4.61221178376083,40.0532242557021,0.));
#2052=CARTESIAN_POINT('Origin',(-35.3553390593275,35.3553390593275,0.));
#2053=CARTESIAN_POINT('',(-2.63516179819385,38.3553390593274,0.));
#2054=CARTESIAN_POINT('Origin',(-2.63516179819385,40.3553390593274,0.));
#2055=CARTESIAN_POINT('',(2.63516179819382,38.3553390593274,0.));
#2056=CARTESIAN_POINT('',(7.25533905932737,38.3553390593274,0.));
#2057=CARTESIAN_POINT('Origin',(2.63516179819382,40.3553390593274,0.));
#2058=CARTESIAN_POINT('',(55.7025043732503,-11.8350741014682,0.));
#2059=CARTESIAN_POINT('',(40.0532242557021,-4.61221178376081,0.));
#2060=CARTESIAN_POINT('Origin',(35.3553390593275,-35.3553390593275,0.));
#2061=CARTESIAN_POINT('',(55.7025043732502,11.8350741014682,0.));
#2062=CARTESIAN_POINT('Origin',(97.0417232944244,3.04728955844506E-14,0.));
#2063=CARTESIAN_POINT('',(40.0532242557021,4.61221178376083,0.));
#2064=CARTESIAN_POINT('Origin',(35.3553390593275,35.3553390593275,0.));
#2065=CARTESIAN_POINT('',(38.3553390593274,2.63516179819385,0.));
#2066=CARTESIAN_POINT('Origin',(40.3553390593274,2.63516179819385,0.));
#2067=CARTESIAN_POINT('',(38.3553390593274,-2.63516179819383,0.));
#2068=CARTESIAN_POINT('',(38.3553390593274,-7.25533905932737,0.));
#2069=CARTESIAN_POINT('Origin',(40.3553390593274,-2.63516179819383,0.));
#2070=CARTESIAN_POINT('Origin',(34.3553390593275,-5.25533905932737,0.));
#2071=CARTESIAN_POINT('',(34.3553390593275,-7.25533905932737,3.));
#2072=CARTESIAN_POINT('Origin',(34.3553390593275,-5.25533905932737,3.));
#2073=CARTESIAN_POINT('',(34.3553390593275,-7.25533905932737,0.));
#2074=CARTESIAN_POINT('Origin',(32.3553390593275,-7.25533905932737,0.));
#2075=CARTESIAN_POINT('',(35.3553390593275,-7.25533905932737,3.));
#2076=CARTESIAN_POINT('',(35.3553390593275,-7.25533905932737,0.));
#2077=CARTESIAN_POINT('',(32.3553390593275,-7.25533905932737,3.));
#2078=CARTESIAN_POINT('Origin',(-2.63516179819383,-40.3553390593274,0.));
#2079=CARTESIAN_POINT('',(-2.63516179819383,-38.3553390593274,3.));
#2080=CARTESIAN_POINT('',(-2.63516179819383,-38.3553390593274,0.));
#2081=CARTESIAN_POINT('',(-4.61221178376081,-40.0532242557021,3.));
#2082=CARTESIAN_POINT('Origin',(-2.63516179819383,-40.3553390593274,3.));
#2083=CARTESIAN_POINT('',(-4.61221178376081,-40.0532242557021,0.));
#2084=CARTESIAN_POINT('Origin',(-4.40037176811544,-38.3553390593274,0.));
#2085=CARTESIAN_POINT('',(2.63516179819384,-38.3553390593274,3.));
#2086=CARTESIAN_POINT('',(2.63516179819384,-38.3553390593274,0.));
#2087=CARTESIAN_POINT('',(-7.25533905932738,-38.3553390593274,3.));
#2088=CARTESIAN_POINT('Origin',(2.63516179819384,-40.3553390593274,0.));
#2089=CARTESIAN_POINT('',(4.61221178376083,-40.0532242557021,3.));
#2090=CARTESIAN_POINT('',(4.61221178376082,-40.0532242557021,0.));
#2091=CARTESIAN_POINT('Origin',(2.63516179819384,-40.3553390593274,3.));
#2092=CARTESIAN_POINT('Origin',(35.3553390593275,-35.3553390593275,0.));
#2093=CARTESIAN_POINT('',(11.8350741014682,-55.7025043732503,3.));
#2094=CARTESIAN_POINT('',(11.8350741014682,-55.7025043732503,0.));
#2095=CARTESIAN_POINT('Origin',(35.3553390593275,-35.3553390593275,3.));
#2096=CARTESIAN_POINT('Origin',(5.25533905932739,-34.3553390593275,0.));
#2097=CARTESIAN_POINT('',(5.25533905932738,-32.3553390593275,3.));
#2098=CARTESIAN_POINT('',(7.25533905932739,-34.3553390593275,3.));
#2099=CARTESIAN_POINT('Origin',(5.25533905932739,-34.3553390593275,3.));
#2100=CARTESIAN_POINT('',(7.25533905932739,-34.3553390593275,0.));
#2101=CARTESIAN_POINT('',(5.25533905932738,-32.3553390593275,0.));
#2102=CARTESIAN_POINT('Origin',(7.25533905932739,-32.3553390593275,0.));
#2103=CARTESIAN_POINT('',(-5.25533905932738,-32.3553390593275,3.));
#2104=CARTESIAN_POINT('',(-5.25533905932738,-32.3553390593275,0.));
#2105=CARTESIAN_POINT('',(7.25533905932739,-32.3553390593275,3.));
#2106=CARTESIAN_POINT('Origin',(-5.25533905932738,-34.3553390593275,0.));
#2107=CARTESIAN_POINT('',(-7.25533905932738,-34.3553390593275,3.));
#2108=CARTESIAN_POINT('Origin',(-5.25533905932738,-34.3553390593275,3.));
#2109=CARTESIAN_POINT('',(-7.25533905932738,-34.3553390593275,0.));
#2110=CARTESIAN_POINT('Origin',(-7.25533905932738,-32.3553390593275,0.));
#2111=CARTESIAN_POINT('',(-7.25533905932737,-35.3553390593275,3.));
#2112=CARTESIAN_POINT('',(-7.25533905932737,-35.3553390593275,0.));
#2113=CARTESIAN_POINT('',(-7.25533905932738,-32.3553390593275,3.));
#2114=CARTESIAN_POINT('Origin',(-34.3553390593275,5.25533905932738,0.));
#2115=CARTESIAN_POINT('',(-34.3553390593275,7.25533905932738,3.));
#2116=CARTESIAN_POINT('',(-32.3553390593275,5.25533905932738,3.));
#2117=CARTESIAN_POINT('Origin',(-34.3553390593275,5.25533905932738,3.));
#2118=CARTESIAN_POINT('',(-32.3553390593275,5.25533905932738,0.));
#2119=CARTESIAN_POINT('',(-34.3553390593275,7.25533905932738,0.));
#2120=CARTESIAN_POINT('Origin',(-32.3553390593275,-7.25533905932739,0.));
#2121=CARTESIAN_POINT('',(-32.3553390593275,-5.25533905932739,3.));
#2122=CARTESIAN_POINT('',(-32.3553390593275,-7.25533905932739,3.));
#2123=CARTESIAN_POINT('',(-32.3553390593275,-5.25533905932739,0.));
#2124=CARTESIAN_POINT('Origin',(-34.3553390593275,-5.25533905932739,0.));
#2125=CARTESIAN_POINT('',(-34.3553390593275,-7.25533905932739,3.));
#2126=CARTESIAN_POINT('Origin',(-34.3553390593275,-5.25533905932739,3.));
#2127=CARTESIAN_POINT('',(-34.3553390593275,-7.25533905932739,0.));
#2128=CARTESIAN_POINT('Origin',(-40.3553390593274,-2.63516179819384,0.));
#2129=CARTESIAN_POINT('',(-40.0532242557021,-4.61221178376083,3.));
#2130=CARTESIAN_POINT('',(-40.0532242557021,-4.61221178376082,0.));
#2131=CARTESIAN_POINT('',(-38.3553390593274,-2.63516179819384,3.));
#2132=CARTESIAN_POINT('Origin',(-40.3553390593274,-2.63516179819384,3.));
#2133=CARTESIAN_POINT('',(-38.3553390593274,-2.63516179819384,0.));
#2134=CARTESIAN_POINT('Origin',(-35.3553390593275,-35.3553390593275,0.));
#2135=CARTESIAN_POINT('',(-55.7025043732503,-11.8350741014682,3.));
#2136=CARTESIAN_POINT('',(-55.7025043732503,-11.8350741014682,0.));
#2137=CARTESIAN_POINT('Origin',(-35.3553390593275,-35.3553390593275,3.));
#2138=CARTESIAN_POINT('Origin',(-40.3553390593274,2.63516179819383,0.));
#2139=CARTESIAN_POINT('',(-38.3553390593274,2.63516179819383,3.));
#2140=CARTESIAN_POINT('',(-40.0532242557021,4.61221178376081,3.));
#2141=CARTESIAN_POINT('Origin',(-40.3553390593274,2.63516179819383,3.));
#2142=CARTESIAN_POINT('',(-40.0532242557021,4.6122117837608,0.));
#2143=CARTESIAN_POINT('',(-38.3553390593274,2.63516179819383,0.));
#2144=CARTESIAN_POINT('Origin',(-38.3553390593274,3.00000000000001,0.));
#2145=CARTESIAN_POINT('',(-38.3553390593274,3.00000000000001,3.));
#2146=CARTESIAN_POINT('Origin',(-5.25533905932739,34.3553390593275,0.));
#2147=CARTESIAN_POINT('',(-5.25533905932739,32.3553390593275,3.));
#2148=CARTESIAN_POINT('',(-7.25533905932739,34.3553390593275,3.));
#2149=CARTESIAN_POINT('Origin',(-5.25533905932739,34.3553390593275,3.));
#2150=CARTESIAN_POINT('',(-7.25533905932739,34.3553390593275,0.));
#2151=CARTESIAN_POINT('',(-5.25533905932739,32.3553390593275,0.));
#2152=CARTESIAN_POINT('Origin',(-7.25533905932739,32.3553390593275,0.));
#2153=CARTESIAN_POINT('',(5.25533905932738,32.3553390593275,3.));
#2154=CARTESIAN_POINT('',(5.25533905932738,32.3553390593275,0.));
#2155=CARTESIAN_POINT('',(-7.25533905932739,32.3553390593275,3.));
#2156=CARTESIAN_POINT('Origin',(5.25533905932738,34.3553390593275,0.));
#2157=CARTESIAN_POINT('',(7.25533905932737,34.3553390593275,3.));
#2158=CARTESIAN_POINT('Origin',(5.25533905932738,34.3553390593275,3.));
#2159=CARTESIAN_POINT('',(7.25533905932737,34.3553390593275,0.));
#2160=CARTESIAN_POINT('Origin',(-2.63516179819385,40.3553390593274,0.));
#2161=CARTESIAN_POINT('',(-4.61221178376083,40.0532242557021,3.));
#2162=CARTESIAN_POINT('',(-4.61221178376083,40.0532242557021,0.));
#2163=CARTESIAN_POINT('',(-2.63516179819385,38.3553390593274,3.));
#2164=CARTESIAN_POINT('Origin',(-2.63516179819385,40.3553390593274,3.));
#2165=CARTESIAN_POINT('',(-2.63516179819385,38.3553390593274,0.));
#2166=CARTESIAN_POINT('Origin',(-35.3553390593275,35.3553390593275,0.));
#2167=CARTESIAN_POINT('',(-11.8350741014682,55.7025043732502,3.));
#2168=CARTESIAN_POINT('',(-11.8350741014682,55.7025043732502,0.));
#2169=CARTESIAN_POINT('Origin',(-35.3553390593275,35.3553390593275,3.));
#2170=CARTESIAN_POINT('Origin',(2.63516179819382,40.3553390593274,0.));
#2171=CARTESIAN_POINT('',(2.63516179819382,38.3553390593274,3.));
#2172=CARTESIAN_POINT('',(2.63516179819382,38.3553390593274,0.));
#2173=CARTESIAN_POINT('',(4.61221178376081,40.0532242557021,3.));
#2174=CARTESIAN_POINT('Origin',(2.63516179819382,40.3553390593274,3.));
#2175=CARTESIAN_POINT('',(4.61221178376081,40.0532242557021,0.));
#2176=CARTESIAN_POINT('Origin',(4.40037176811544,38.3553390593274,0.));
#2177=CARTESIAN_POINT('',(7.25533905932737,38.3553390593274,3.));
#2178=CARTESIAN_POINT('Origin',(40.3553390593274,2.63516179819385,0.));
#2179=CARTESIAN_POINT('',(40.0532242557021,4.61221178376083,3.));
#2180=CARTESIAN_POINT('',(40.0532242557021,4.61221178376083,0.));
#2181=CARTESIAN_POINT('',(38.3553390593274,2.63516179819385,3.));
#2182=CARTESIAN_POINT('Origin',(40.3553390593274,2.63516179819385,3.));
#2183=CARTESIAN_POINT('',(38.3553390593274,2.63516179819385,0.));
#2184=CARTESIAN_POINT('Origin',(35.3553390593275,35.3553390593275,0.));
#2185=CARTESIAN_POINT('',(55.7025043732502,11.8350741014682,3.));
#2186=CARTESIAN_POINT('',(55.7025043732502,11.8350741014682,0.));
#2187=CARTESIAN_POINT('Origin',(35.3553390593275,35.3553390593275,3.));
#2188=CARTESIAN_POINT('Origin',(40.3553390593274,-2.63516179819383,0.));
#2189=CARTESIAN_POINT('',(38.3553390593274,-2.63516179819383,3.));
#2190=CARTESIAN_POINT('',(38.3553390593274,-2.63516179819383,0.));
#2191=CARTESIAN_POINT('',(40.0532242557021,-4.61221178376081,3.));
#2192=CARTESIAN_POINT('Origin',(40.3553390593274,-2.63516179819383,3.));
#2193=CARTESIAN_POINT('',(40.0532242557021,-4.61221178376081,0.));
#2194=CARTESIAN_POINT('Origin',(38.3553390593274,-4.40037176811544,0.));
#2195=CARTESIAN_POINT('',(38.3553390593274,-7.25533905932737,3.));
#2196=CARTESIAN_POINT('Origin',(97.0417232944244,3.04728955844506E-14,0.));
#2197=CARTESIAN_POINT('',(55.7025043732503,-11.8350741014682,3.));
#2198=CARTESIAN_POINT('',(55.7025043732503,-11.8350741014682,0.));
#2199=CARTESIAN_POINT('Origin',(97.0417232944244,3.04728955844506E-14,3.));
#2200=CARTESIAN_POINT('Origin',(35.3553390593275,-35.3553390593275,0.));
#2201=CARTESIAN_POINT('Origin',(35.3553390593275,-35.3553390593275,3.));
#2202=CARTESIAN_POINT('Origin',(-2.45308037936376E-14,97.0417232944244,
0.));
#2203=CARTESIAN_POINT('',(11.8350741014682,55.7025043732503,3.));
#2204=CARTESIAN_POINT('',(11.8350741014682,55.7025043732503,0.));
#2205=CARTESIAN_POINT('Origin',(-2.45308037936376E-14,97.0417232944244,
3.));
#2206=CARTESIAN_POINT('Origin',(35.3553390593275,35.3553390593275,0.));
#2207=CARTESIAN_POINT('Origin',(35.3553390593275,35.3553390593275,3.));
#2208=CARTESIAN_POINT('Origin',(1.26466202120116E-14,-97.0417232944244,
0.));
#2209=CARTESIAN_POINT('',(-11.8350741014682,-55.7025043732503,3.));
#2210=CARTESIAN_POINT('',(-11.8350741014682,-55.7025043732503,0.));
#2211=CARTESIAN_POINT('Origin',(1.26466202120116E-14,-97.0417232944244,
3.));
#2212=CARTESIAN_POINT('Origin',(-35.3553390593275,-35.3553390593275,0.));
#2213=CARTESIAN_POINT('Origin',(-35.3553390593275,-35.3553390593275,3.));
#2214=CARTESIAN_POINT('Origin',(-97.0417232944244,-1.85887120028246E-14,
0.));
#2215=CARTESIAN_POINT('',(-55.7025043732503,11.8350741014682,3.));
#2216=CARTESIAN_POINT('',(-55.7025043732503,11.8350741014682,0.));
#2217=CARTESIAN_POINT('Origin',(-97.0417232944244,-1.85887120028246E-14,
3.));
#2218=CARTESIAN_POINT('Origin',(-35.3553390593275,35.3553390593275,0.));
#2219=CARTESIAN_POINT('Origin',(-35.3553390593275,35.3553390593275,3.));
#2220=CARTESIAN_POINT('Origin',(3.00000000000003,35.3553390593275,0.));
#2221=CARTESIAN_POINT('',(4.05000000000004,35.3553390593275,3.));
#2222=CARTESIAN_POINT('Origin',(3.00000000000003,35.3553390593275,3.));
#2223=CARTESIAN_POINT('',(4.05000000000004,35.3553390593275,0.));
#2224=CARTESIAN_POINT('Origin',(-2.99999999999998,35.3553390593275,0.));
#2225=CARTESIAN_POINT('',(-1.94999999999998,35.3553390593275,3.));
#2226=CARTESIAN_POINT('Origin',(-2.99999999999998,35.3553390593275,3.));
#2227=CARTESIAN_POINT('',(-1.94999999999998,35.3553390593275,0.));
#2228=CARTESIAN_POINT('Origin',(-35.3553390593274,3.00000000000002,0.));
#2229=CARTESIAN_POINT('',(-34.3053390593274,3.00000000000002,3.));
#2230=CARTESIAN_POINT('Origin',(-35.3553390593274,3.00000000000002,3.));
#2231=CARTESIAN_POINT('',(-34.3053390593274,3.00000000000002,0.));
#2232=CARTESIAN_POINT('Origin',(-35.3553390593274,-3.,0.));
#2233=CARTESIAN_POINT('',(-34.3053390593274,-3.,3.));
#2234=CARTESIAN_POINT('Origin',(-35.3553390593274,-3.,3.));
#2235=CARTESIAN_POINT('',(-34.3053390593274,-3.,0.));
#2236=CARTESIAN_POINT('Origin',(2.99999999999998,-35.3553390593275,0.));
#2237=CARTESIAN_POINT('',(4.04999999999998,-35.3553390593275,3.));
#2238=CARTESIAN_POINT('Origin',(2.99999999999998,-35.3553390593275,3.));
#2239=CARTESIAN_POINT('',(4.04999999999998,-35.3553390593275,0.));
#2240=CARTESIAN_POINT('Origin',(-3.00000000000004,-35.3553390593275,0.));
#2241=CARTESIAN_POINT('',(-1.95000000000004,-35.3553390593275,3.));
#2242=CARTESIAN_POINT('Origin',(-3.00000000000004,-35.3553390593275,3.));
#2243=CARTESIAN_POINT('',(-1.95000000000004,-35.3553390593275,0.));
#2244=CARTESIAN_POINT('Origin',(35.3553390593274,-3.00000000000001,0.));
#2245=CARTESIAN_POINT('',(36.4053390593274,-3.00000000000001,3.));
#2246=CARTESIAN_POINT('Origin',(35.3553390593274,-3.00000000000001,3.));
#2247=CARTESIAN_POINT('',(36.4053390593274,-3.00000000000001,0.));
#2248=CARTESIAN_POINT('Origin',(35.3553390593274,3.00000000000001,0.));
#2249=CARTESIAN_POINT('',(36.4053390593274,3.00000000000001,3.));
#2250=CARTESIAN_POINT('Origin',(35.3553390593274,3.00000000000001,3.));
#2251=CARTESIAN_POINT('',(36.4053390593274,3.00000000000001,0.));
#2252=CARTESIAN_POINT('Origin',(35.3553390593275,7.25533905932739,0.));
#2253=CARTESIAN_POINT('',(35.3553390593275,7.25533905932739,3.));
#2254=CARTESIAN_POINT('',(38.3553390593274,7.25533905932739,3.));
#2255=CARTESIAN_POINT('',(35.3553390593275,7.25533905932739,0.));
#2256=CARTESIAN_POINT('Origin',(35.3553390593275,35.3553390593275,0.));
#2257=CARTESIAN_POINT('',(7.25533905932736,35.3553390593275,3.));
#2258=CARTESIAN_POINT('Origin',(35.3553390593275,35.3553390593275,3.));
#2259=CARTESIAN_POINT('',(7.25533905932737,35.3553390593275,0.));
#2260=CARTESIAN_POINT('Origin',(7.25533905932737,32.3553390593275,0.));
#2261=CARTESIAN_POINT('',(7.25533905932737,32.3553390593275,3.));
#2262=CARTESIAN_POINT('Origin',(-7.25533905932739,35.3553390593275,0.));
#2263=CARTESIAN_POINT('',(-7.25533905932739,35.3553390593275,3.));
#2264=CARTESIAN_POINT('',(-7.25533905932739,38.3553390593274,3.));
#2265=CARTESIAN_POINT('',(-7.25533905932739,35.3553390593275,0.));
#2266=CARTESIAN_POINT('Origin',(-35.3553390593275,35.3553390593275,0.));
#2267=CARTESIAN_POINT('',(-35.3553390593275,7.25533905932737,3.));
#2268=CARTESIAN_POINT('Origin',(-35.3553390593275,35.3553390593275,3.));
#2269=CARTESIAN_POINT('',(-35.3553390593275,7.25533905932737,0.));
#2270=CARTESIAN_POINT('Origin',(-32.3553390593275,7.25533905932738,0.));
#2271=CARTESIAN_POINT('',(-32.3553390593275,7.25533905932738,3.));
#2272=CARTESIAN_POINT('Origin',(-35.3553390593275,-7.25533905932739,0.));
#2273=CARTESIAN_POINT('',(-35.3553390593275,-7.25533905932739,3.));
#2274=CARTESIAN_POINT('',(-38.3553390593274,-7.25533905932739,3.));
#2275=CARTESIAN_POINT('',(-35.3553390593275,-7.25533905932739,0.));
#2276=CARTESIAN_POINT('Origin',(-35.3553390593275,-35.3553390593275,0.));
#2277=CARTESIAN_POINT('Origin',(-35.3553390593275,-35.3553390593275,3.));
#2278=CARTESIAN_POINT('Origin',(7.25533905932739,-35.3553390593275,0.));
#2279=CARTESIAN_POINT('',(7.25533905932738,-35.3553390593275,3.));
#2280=CARTESIAN_POINT('',(7.25533905932739,-38.3553390593274,3.));
#2281=CARTESIAN_POINT('',(7.25533905932739,-35.3553390593275,0.));
#2282=CARTESIAN_POINT('Origin',(35.3553390593275,-35.3553390593275,0.));
#2283=CARTESIAN_POINT('Origin',(35.3553390593275,-35.3553390593275,3.));
#2284=CARTESIAN_POINT('Origin',(35.3553390593275,-35.3553390593275,0.));
#2285=CARTESIAN_POINT('',(62.3377096600521,-19.8904861093262,3.));
#2286=CARTESIAN_POINT('',(62.3377096600521,-19.8904861093262,0.));
#2287=CARTESIAN_POINT('',(19.8904861093263,-62.337709660052,3.));
#2288=CARTESIAN_POINT('Origin',(35.3553390593275,-35.3553390593275,3.));
#2289=CARTESIAN_POINT('',(19.8904861093263,-62.337709660052,0.));
#2290=CARTESIAN_POINT('Origin',(1.26466202120116E-14,-97.0417232944244,
0.));
#2291=CARTESIAN_POINT('',(-19.8904861093262,-62.337709660052,3.));
#2292=CARTESIAN_POINT('Origin',(1.26466202120116E-14,-97.0417232944244,
3.));
#2293=CARTESIAN_POINT('',(-19.8904861093263,-62.337709660052,0.));
#2294=CARTESIAN_POINT('Origin',(-35.3553390593275,-35.3553390593275,0.));
#2295=CARTESIAN_POINT('',(-62.337709660052,-19.8904861093263,3.));
#2296=CARTESIAN_POINT('Origin',(-35.3553390593275,-35.3553390593275,3.));
#2297=CARTESIAN_POINT('',(-62.337709660052,-19.8904861093263,0.));
#2298=CARTESIAN_POINT('Origin',(-97.0417232944244,-1.85887120028246E-14,
0.));
#2299=CARTESIAN_POINT('',(-62.337709660052,19.8904861093262,3.));
#2300=CARTESIAN_POINT('Origin',(-97.0417232944244,-1.85887120028246E-14,
3.));
#2301=CARTESIAN_POINT('',(-62.337709660052,19.8904861093262,0.));
#2302=CARTESIAN_POINT('Origin',(-35.3553390593275,35.3553390593275,0.));
#2303=CARTESIAN_POINT('',(-19.8904861093263,62.337709660052,3.));
#2304=CARTESIAN_POINT('Origin',(-35.3553390593275,35.3553390593275,3.));
#2305=CARTESIAN_POINT('',(-19.8904861093263,62.337709660052,0.));
#2306=CARTESIAN_POINT('Origin',(-2.45308037936376E-14,97.0417232944244,
0.));
#2307=CARTESIAN_POINT('',(19.8904861093262,62.337709660052,3.));
#2308=CARTESIAN_POINT('Origin',(-2.45308037936376E-14,97.0417232944244,
3.));
#2309=CARTESIAN_POINT('',(19.8904861093262,62.337709660052,0.));
#2310=CARTESIAN_POINT('Origin',(35.3553390593275,35.3553390593275,0.));
#2311=CARTESIAN_POINT('',(62.337709660052,19.8904861093263,3.));
#2312=CARTESIAN_POINT('Origin',(35.3553390593275,35.3553390593275,3.));
#2313=CARTESIAN_POINT('',(62.337709660052,19.8904861093263,0.));
#2314=CARTESIAN_POINT('Origin',(97.0417232944244,3.04728955844506E-14,0.));
#2315=CARTESIAN_POINT('Origin',(97.0417232944244,3.04728955844506E-14,3.));
#2316=CARTESIAN_POINT('Origin',(-4.44089209850063E-15,4.44089209850063E-15,
3.));
#2317=UNCERTAINTY_MEASURE_WITH_UNIT(LENGTH_MEASURE(0.01),#2321,
'DISTANCE_ACCURACY_VALUE',
'Maximum model space distance between geometric entities at asserted c
onnectivities');
#2318=UNCERTAINTY_MEASURE_WITH_UNIT(LENGTH_MEASURE(0.01),#2321,
'DISTANCE_ACCURACY_VALUE',
'Maximum model space distance between geometric entities at asserted c
onnectivities');
#2319=(
GEOMETRIC_REPRESENTATION_CONTEXT(3)
GLOBAL_UNCERTAINTY_ASSIGNED_CONTEXT((#2317))
GLOBAL_UNIT_ASSIGNED_CONTEXT((#2321,#2323,#2324))
REPRESENTATION_CONTEXT('','3D')
);
#2320=(
GEOMETRIC_REPRESENTATION_CONTEXT(3)
GLOBAL_UNCERTAINTY_ASSIGNED_CONTEXT((#2318))
GLOBAL_UNIT_ASSIGNED_CONTEXT((#2321,#2323,#2324))
REPRESENTATION_CONTEXT('','3D')
);
#2321=(
LENGTH_UNIT()
NAMED_UNIT(*)
SI_UNIT(.MILLI.,.METRE.)
);
#2322=(
LENGTH_UNIT()
NAMED_UNIT(*)
SI_UNIT(.CENTI.,.METRE.)
);
#2323=(
NAMED_UNIT(*)
PLANE_ANGLE_UNIT()
SI_UNIT($,.RADIAN.)
);
#2324=(
NAMED_UNIT(*)
SI_UNIT($,.STERADIAN.)
SOLID_ANGLE_UNIT()
);
#2325=SHAPE_DEFINITION_REPRESENTATION(#2326,#2327);
#2326=PRODUCT_DEFINITION_SHAPE('',$,#2329);
#2327=SHAPE_REPRESENTATION('',(#1345),#2319);
#2328=PRODUCT_DEFINITION_CONTEXT('part definition',#2333,'design');
#2329=PRODUCT_DEFINITION('\X2\5708\X0\','\X2\5708\X0\',#2330,#2328);
#2330=PRODUCT_DEFINITION_FORMATION('',$,#2335);
#2331=PRODUCT_RELATED_PRODUCT_CATEGORY('\X2\5708\X0\','\X2\5708\X0\',(#2335));
#2332=APPLICATION_PROTOCOL_DEFINITION('international standard',
'automotive_design',2009,#2333);
#2333=APPLICATION_CONTEXT(
'Core Data for Automotive Mechanical Design Process');
#2334=PRODUCT_CONTEXT('part definition',#2333,'mechanical');
#2335=PRODUCT('\X2\5708\X0\','\X2\5708\X0\',$,(#2334));
#2336=PRESENTATION_STYLE_ASSIGNMENT((#2337));
#2337=SURFACE_STYLE_USAGE(.BOTH.,#2340);
#2338=SURFACE_STYLE_RENDERING_WITH_PROPERTIES($,#2344,(#2339));
#2339=SURFACE_STYLE_TRANSPARENT(0.);
#2340=SURFACE_SIDE_STYLE('',(#2341,#2338));
#2341=SURFACE_STYLE_FILL_AREA(#2342);
#2342=FILL_AREA_STYLE('',(#2343));
#2343=FILL_AREA_STYLE_COLOUR('',#2344);
#2344=COLOUR_RGB('',0.749019607843137,0.749019607843137,0.749019607843137);
ENDSEC;
END-ISO-10303-21;
