ISO-10303-21;
HEADER;
/* Generated by software containing ST-Developer
 * from STEP Tools, Inc. (www.steptools.com) 
 */

FILE_DESCRIPTION(
/* description */ (''),
/* implementation_level */ '2;1');

FILE_NAME(
/* name */ '',
/* time_stamp */ '2025-09-11T10:46:41+08:00',
/* author */ (''),
/* organization */ (''),
/* preprocessor_version */ 'ST-DEVELOPER v20.1',
/* originating_system */ 'Autodesk Translation Framework v14.10.0.0',
/* authorisation */ '');

FILE_SCHEMA (('AUTOMOTIVE_DESIGN { 1 0 10303 214 3 1 1 }'));
ENDSEC;

DATA;
#10=MECHANICAL_DESIGN_GEOMETRIC_PRESENTATION_REPRESENTATION('',(#13),#2735);
#11=SHAPE_REPRESENTATION_RELATIONSHIP('SRR','None',#2742,#12);
#12=ADVANCED_BREP_SHAPE_REPRESENTATION('',(#14),#2734);
#13=STYLED_ITEM('',(#2752),#14);
#14=MANIFOLD_SOLID_BREP('\X2\5B9E4F53\X0\1',#1579);
#15=CYLINDRICAL_SURFACE('',#1662,2.);
#16=CYLINDRICAL_SURFACE('',#1665,2.);
#17=CYLINDRICAL_SURFACE('',#1668,2.);
#18=CYLINDRICAL_SURFACE('',#1671,2.);
#19=CYLINDRICAL_SURFACE('',#1673,31.1000000000001);
#20=CYLINDRICAL_SURFACE('',#1675,2.);
#21=CYLINDRICAL_SURFACE('',#1678,2.);
#22=CYLINDRICAL_SURFACE('',#1681,2.);
#23=CYLINDRICAL_SURFACE('',#1684,2.);
#24=CYLINDRICAL_SURFACE('',#1686,2.);
#25=CYLINDRICAL_SURFACE('',#1688,31.1000000000001);
#26=CYLINDRICAL_SURFACE('',#1690,1.99999999999999);
#27=CYLINDRICAL_SURFACE('',#1693,2.);
#28=CYLINDRICAL_SURFACE('',#1696,2.);
#29=CYLINDRICAL_SURFACE('',#1698,2.);
#30=CYLINDRICAL_SURFACE('',#1700,31.1000000000001);
#31=CYLINDRICAL_SURFACE('',#1702,2.);
#32=CYLINDRICAL_SURFACE('',#1705,2.);
#33=CYLINDRICAL_SURFACE('',#1707,31.1000000000001);
#34=CYLINDRICAL_SURFACE('',#1709,2.);
#35=CYLINDRICAL_SURFACE('',#1712,43.);
#36=CYLINDRICAL_SURFACE('',#1714,31.1000000000001);
#37=CYLINDRICAL_SURFACE('',#1716,43.);
#38=CYLINDRICAL_SURFACE('',#1718,31.1000000000001);
#39=CYLINDRICAL_SURFACE('',#1720,43.);
#40=CYLINDRICAL_SURFACE('',#1722,31.1000000000001);
#41=CYLINDRICAL_SURFACE('',#1724,43.);
#42=CYLINDRICAL_SURFACE('',#1726,31.1000000000001);
#43=CYLINDRICAL_SURFACE('',#1728,1.05);
#44=CYLINDRICAL_SURFACE('',#1730,1.05);
#45=CYLINDRICAL_SURFACE('',#1732,1.05);
#46=CYLINDRICAL_SURFACE('',#1734,1.05);
#47=CYLINDRICAL_SURFACE('',#1736,1.05);
#48=CYLINDRICAL_SURFACE('',#1738,1.05);
#49=CYLINDRICAL_SURFACE('',#1740,1.05);
#50=CYLINDRICAL_SURFACE('',#1742,1.05);
#51=CYLINDRICAL_SURFACE('',#1745,28.1000000000001);
#52=CYLINDRICAL_SURFACE('',#1749,28.1000000000001);
#53=CYLINDRICAL_SURFACE('',#1753,28.1000000000001);
#54=CYLINDRICAL_SURFACE('',#1756,28.1000000000001);
#55=CYLINDRICAL_SURFACE('',#1758,31.1000000000001);
#56=CYLINDRICAL_SURFACE('',#1760,40.);
#57=CYLINDRICAL_SURFACE('',#1762,31.1000000000001);
#58=CYLINDRICAL_SURFACE('',#1764,40.);
#59=CYLINDRICAL_SURFACE('',#1766,31.1000000000001);
#60=CYLINDRICAL_SURFACE('',#1768,40.);
#61=CYLINDRICAL_SURFACE('',#1770,31.1000000000001);
#62=CYLINDRICAL_SURFACE('',#1772,40.);
#63=FACE_BOUND('',#271,.T.);
#64=FACE_BOUND('',#272,.T.);
#65=FACE_BOUND('',#273,.T.);
#66=FACE_BOUND('',#274,.T.);
#67=FACE_BOUND('',#275,.T.);
#68=FACE_BOUND('',#276,.T.);
#69=FACE_BOUND('',#277,.T.);
#70=FACE_BOUND('',#278,.T.);
#71=FACE_BOUND('',#279,.T.);
#72=FACE_BOUND('',#354,.T.);
#73=FACE_BOUND('',#355,.T.);
#74=FACE_BOUND('',#356,.T.);
#75=FACE_BOUND('',#357,.T.);
#76=FACE_BOUND('',#358,.T.);
#77=FACE_BOUND('',#359,.T.);
#78=FACE_BOUND('',#360,.T.);
#79=FACE_BOUND('',#361,.T.);
#80=FACE_BOUND('',#362,.T.);
#81=FACE_BOUND('',#363,.T.);
#82=FACE_BOUND('',#364,.T.);
#83=FACE_BOUND('',#365,.T.);
#84=FACE_BOUND('',#366,.T.);
#85=CIRCLE('',#1596,40.);
#86=CIRCLE('',#1597,42.9999999999999);
#87=CIRCLE('',#1599,31.1000000000001);
#88=CIRCLE('',#1600,2.);
#89=CIRCLE('',#1601,2.);
#90=CIRCLE('',#1602,31.1000000000001);
#91=CIRCLE('',#1603,40.);
#92=CIRCLE('',#1604,31.1000000000001);
#93=CIRCLE('',#1605,40.);
#94=CIRCLE('',#1606,31.1000000000001);
#95=CIRCLE('',#1607,2.);
#96=CIRCLE('',#1608,2.);
#97=CIRCLE('',#1609,31.1000000000001);
#98=CIRCLE('',#1610,40.);
#99=CIRCLE('',#1611,31.1000000000001);
#100=CIRCLE('',#1612,40.);
#101=CIRCLE('',#1613,31.1000000000001);
#102=CIRCLE('',#1614,2.);
#103=CIRCLE('',#1615,2.);
#104=CIRCLE('',#1616,31.1000000000001);
#105=CIRCLE('',#1617,40.);
#106=CIRCLE('',#1618,31.1000000000001);
#107=CIRCLE('',#1619,40.);
#108=CIRCLE('',#1620,31.1000000000001);
#109=CIRCLE('',#1621,2.);
#110=CIRCLE('',#1622,1.99999999999999);
#111=CIRCLE('',#1623,31.1000000000001);
#112=CIRCLE('',#1624,40.);
#113=CIRCLE('',#1625,31.1000000000001);
#114=CIRCLE('',#1626,40.);
#115=CIRCLE('',#1627,2.);
#116=CIRCLE('',#1628,28.1000000000001);
#117=CIRCLE('',#1629,2.);
#118=CIRCLE('',#1630,2.);
#119=CIRCLE('',#1631,28.1000000000001);
#120=CIRCLE('',#1632,2.);
#121=CIRCLE('',#1633,2.);
#122=CIRCLE('',#1634,28.1000000000001);
#123=CIRCLE('',#1635,2.);
#124=CIRCLE('',#1636,2.);
#125=CIRCLE('',#1637,28.1000000000001);
#126=CIRCLE('',#1638,2.);
#127=CIRCLE('',#1639,1.05);
#128=CIRCLE('',#1640,1.05);
#129=CIRCLE('',#1641,1.05);
#130=CIRCLE('',#1642,1.05);
#131=CIRCLE('',#1643,1.05);
#132=CIRCLE('',#1644,1.05);
#133=CIRCLE('',#1645,1.05);
#134=CIRCLE('',#1646,1.05);
#135=CIRCLE('',#1650,43.);
#136=CIRCLE('',#1651,40.);
#137=CIRCLE('',#1655,42.9999999999999);
#138=CIRCLE('',#1656,40.);
#139=CIRCLE('',#1660,43.0000000000001);
#140=CIRCLE('',#1661,40.);
#141=CIRCLE('',#1663,2.);
#142=CIRCLE('',#1666,2.);
#143=CIRCLE('',#1669,2.);
#144=CIRCLE('',#1672,2.);
#145=CIRCLE('',#1674,31.1000000000001);
#146=CIRCLE('',#1676,2.);
#147=CIRCLE('',#1679,2.);
#148=CIRCLE('',#1682,2.);
#149=CIRCLE('',#1685,2.);
#150=CIRCLE('',#1687,2.);
#151=CIRCLE('',#1689,31.1000000000001);
#152=CIRCLE('',#1691,1.99999999999999);
#153=CIRCLE('',#1694,2.);
#154=CIRCLE('',#1697,2.);
#155=CIRCLE('',#1699,2.);
#156=CIRCLE('',#1701,31.1000000000001);
#157=CIRCLE('',#1703,2.);
#158=CIRCLE('',#1706,2.);
#159=CIRCLE('',#1708,31.1000000000001);
#160=CIRCLE('',#1710,2.);
#161=CIRCLE('',#1713,43.);
#162=CIRCLE('',#1715,31.1000000000001);
#163=CIRCLE('',#1717,43.);
#164=CIRCLE('',#1719,31.1000000000001);
#165=CIRCLE('',#1721,43.);
#166=CIRCLE('',#1723,31.1000000000001);
#167=CIRCLE('',#1725,43.);
#168=CIRCLE('',#1727,31.1000000000001);
#169=CIRCLE('',#1729,1.05);
#170=CIRCLE('',#1731,1.05);
#171=CIRCLE('',#1733,1.05);
#172=CIRCLE('',#1735,1.05);
#173=CIRCLE('',#1737,1.05);
#174=CIRCLE('',#1739,1.05);
#175=CIRCLE('',#1741,1.05);
#176=CIRCLE('',#1743,1.05);
#177=CIRCLE('',#1746,28.1000000000001);
#178=CIRCLE('',#1750,28.1000000000001);
#179=CIRCLE('',#1754,28.1000000000001);
#180=CIRCLE('',#1757,28.1000000000001);
#181=CIRCLE('',#1759,31.1000000000001);
#182=CIRCLE('',#1761,40.);
#183=CIRCLE('',#1763,31.1000000000001);
#184=CIRCLE('',#1765,40.);
#185=CIRCLE('',#1767,31.1000000000001);
#186=CIRCLE('',#1769,40.);
#187=CIRCLE('',#1771,31.1000000000001);
#188=CIRCLE('',#1773,40.);
#189=FACE_OUTER_BOUND('',#267,.T.);
#190=FACE_OUTER_BOUND('',#268,.T.);
#191=FACE_OUTER_BOUND('',#269,.T.);
#192=FACE_OUTER_BOUND('',#270,.T.);
#193=FACE_OUTER_BOUND('',#280,.T.);
#194=FACE_OUTER_BOUND('',#281,.T.);
#195=FACE_OUTER_BOUND('',#282,.T.);
#196=FACE_OUTER_BOUND('',#283,.T.);
#197=FACE_OUTER_BOUND('',#284,.T.);
#198=FACE_OUTER_BOUND('',#285,.T.);
#199=FACE_OUTER_BOUND('',#286,.T.);
#200=FACE_OUTER_BOUND('',#287,.T.);
#201=FACE_OUTER_BOUND('',#288,.T.);
#202=FACE_OUTER_BOUND('',#289,.T.);
#203=FACE_OUTER_BOUND('',#290,.T.);
#204=FACE_OUTER_BOUND('',#291,.T.);
#205=FACE_OUTER_BOUND('',#292,.T.);
#206=FACE_OUTER_BOUND('',#293,.T.);
#207=FACE_OUTER_BOUND('',#294,.T.);
#208=FACE_OUTER_BOUND('',#295,.T.);
#209=FACE_OUTER_BOUND('',#296,.T.);
#210=FACE_OUTER_BOUND('',#297,.T.);
#211=FACE_OUTER_BOUND('',#298,.T.);
#212=FACE_OUTER_BOUND('',#299,.T.);
#213=FACE_OUTER_BOUND('',#300,.T.);
#214=FACE_OUTER_BOUND('',#301,.T.);
#215=FACE_OUTER_BOUND('',#302,.T.);
#216=FACE_OUTER_BOUND('',#303,.T.);
#217=FACE_OUTER_BOUND('',#304,.T.);
#218=FACE_OUTER_BOUND('',#305,.T.);
#219=FACE_OUTER_BOUND('',#306,.T.);
#220=FACE_OUTER_BOUND('',#307,.T.);
#221=FACE_OUTER_BOUND('',#308,.T.);
#222=FACE_OUTER_BOUND('',#309,.T.);
#223=FACE_OUTER_BOUND('',#310,.T.);
#224=FACE_OUTER_BOUND('',#311,.T.);
#225=FACE_OUTER_BOUND('',#312,.T.);
#226=FACE_OUTER_BOUND('',#313,.T.);
#227=FACE_OUTER_BOUND('',#314,.T.);
#228=FACE_OUTER_BOUND('',#315,.T.);
#229=FACE_OUTER_BOUND('',#316,.T.);
#230=FACE_OUTER_BOUND('',#317,.T.);
#231=FACE_OUTER_BOUND('',#318,.T.);
#232=FACE_OUTER_BOUND('',#319,.T.);
#233=FACE_OUTER_BOUND('',#320,.T.);
#234=FACE_OUTER_BOUND('',#321,.T.);
#235=FACE_OUTER_BOUND('',#322,.T.);
#236=FACE_OUTER_BOUND('',#323,.T.);
#237=FACE_OUTER_BOUND('',#324,.T.);
#238=FACE_OUTER_BOUND('',#325,.T.);
#239=FACE_OUTER_BOUND('',#326,.T.);
#240=FACE_OUTER_BOUND('',#327,.T.);
#241=FACE_OUTER_BOUND('',#328,.T.);
#242=FACE_OUTER_BOUND('',#329,.T.);
#243=FACE_OUTER_BOUND('',#330,.T.);
#244=FACE_OUTER_BOUND('',#331,.T.);
#245=FACE_OUTER_BOUND('',#332,.T.);
#246=FACE_OUTER_BOUND('',#333,.T.);
#247=FACE_OUTER_BOUND('',#334,.T.);
#248=FACE_OUTER_BOUND('',#335,.T.);
#249=FACE_OUTER_BOUND('',#336,.T.);
#250=FACE_OUTER_BOUND('',#337,.T.);
#251=FACE_OUTER_BOUND('',#338,.T.);
#252=FACE_OUTER_BOUND('',#339,.T.);
#253=FACE_OUTER_BOUND('',#340,.T.);
#254=FACE_OUTER_BOUND('',#341,.T.);
#255=FACE_OUTER_BOUND('',#342,.T.);
#256=FACE_OUTER_BOUND('',#343,.T.);
#257=FACE_OUTER_BOUND('',#344,.T.);
#258=FACE_OUTER_BOUND('',#345,.T.);
#259=FACE_OUTER_BOUND('',#346,.T.);
#260=FACE_OUTER_BOUND('',#347,.T.);
#261=FACE_OUTER_BOUND('',#348,.T.);
#262=FACE_OUTER_BOUND('',#349,.T.);
#263=FACE_OUTER_BOUND('',#350,.T.);
#264=FACE_OUTER_BOUND('',#351,.T.);
#265=FACE_OUTER_BOUND('',#352,.T.);
#266=FACE_OUTER_BOUND('',#353,.T.);
#267=EDGE_LOOP('',(#1007,#1008,#1009,#1010));
#268=EDGE_LOOP('',(#1011,#1012,#1013,#1014));
#269=EDGE_LOOP('',(#1015,#1016,#1017,#1018));
#270=EDGE_LOOP('',(#1019,#1020,#1021,#1022,#1023,#1024,#1025,#1026,#1027,
#1028,#1029,#1030,#1031,#1032,#1033,#1034,#1035,#1036,#1037,#1038,#1039,
#1040,#1041,#1042,#1043,#1044,#1045,#1046,#1047,#1048,#1049,#1050,#1051,
#1052,#1053,#1054,#1055,#1056,#1057,#1058));
#271=EDGE_LOOP('',(#1059,#1060,#1061,#1062,#1063,#1064,#1065,#1066,#1067,
#1068,#1069,#1070,#1071,#1072,#1073,#1074,#1075,#1076,#1077,#1078,#1079,
#1080,#1081,#1082));
#272=EDGE_LOOP('',(#1083));
#273=EDGE_LOOP('',(#1084));
#274=EDGE_LOOP('',(#1085));
#275=EDGE_LOOP('',(#1086));
#276=EDGE_LOOP('',(#1087));
#277=EDGE_LOOP('',(#1088));
#278=EDGE_LOOP('',(#1089));
#279=EDGE_LOOP('',(#1090));
#280=EDGE_LOOP('',(#1091,#1092,#1093,#1094));
#281=EDGE_LOOP('',(#1095,#1096,#1097,#1098));
#282=EDGE_LOOP('',(#1099,#1100,#1101,#1102));
#283=EDGE_LOOP('',(#1103,#1104,#1105,#1106));
#284=EDGE_LOOP('',(#1107,#1108,#1109,#1110));
#285=EDGE_LOOP('',(#1111,#1112,#1113,#1114));
#286=EDGE_LOOP('',(#1115,#1116,#1117,#1118));
#287=EDGE_LOOP('',(#1119,#1120,#1121,#1122));
#288=EDGE_LOOP('',(#1123,#1124,#1125,#1126));
#289=EDGE_LOOP('',(#1127,#1128,#1129,#1130));
#290=EDGE_LOOP('',(#1131,#1132,#1133,#1134));
#291=EDGE_LOOP('',(#1135,#1136,#1137,#1138));
#292=EDGE_LOOP('',(#1139,#1140,#1141,#1142));
#293=EDGE_LOOP('',(#1143,#1144,#1145,#1146));
#294=EDGE_LOOP('',(#1147,#1148,#1149,#1150));
#295=EDGE_LOOP('',(#1151,#1152,#1153,#1154));
#296=EDGE_LOOP('',(#1155,#1156,#1157,#1158));
#297=EDGE_LOOP('',(#1159,#1160,#1161,#1162));
#298=EDGE_LOOP('',(#1163,#1164,#1165,#1166));
#299=EDGE_LOOP('',(#1167,#1168,#1169,#1170));
#300=EDGE_LOOP('',(#1171,#1172,#1173,#1174));
#301=EDGE_LOOP('',(#1175,#1176,#1177,#1178));
#302=EDGE_LOOP('',(#1179,#1180,#1181,#1182));
#303=EDGE_LOOP('',(#1183,#1184,#1185,#1186));
#304=EDGE_LOOP('',(#1187,#1188,#1189,#1190));
#305=EDGE_LOOP('',(#1191,#1192,#1193,#1194));
#306=EDGE_LOOP('',(#1195,#1196,#1197,#1198));
#307=EDGE_LOOP('',(#1199,#1200,#1201,#1202));
#308=EDGE_LOOP('',(#1203,#1204,#1205,#1206));
#309=EDGE_LOOP('',(#1207,#1208,#1209,#1210));
#310=EDGE_LOOP('',(#1211,#1212,#1213,#1214));
#311=EDGE_LOOP('',(#1215,#1216,#1217,#1218));
#312=EDGE_LOOP('',(#1219,#1220,#1221,#1222));
#313=EDGE_LOOP('',(#1223,#1224,#1225,#1226));
#314=EDGE_LOOP('',(#1227,#1228,#1229,#1230));
#315=EDGE_LOOP('',(#1231,#1232,#1233,#1234));
#316=EDGE_LOOP('',(#1235,#1236,#1237,#1238));
#317=EDGE_LOOP('',(#1239,#1240,#1241,#1242));
#318=EDGE_LOOP('',(#1243,#1244,#1245,#1246));
#319=EDGE_LOOP('',(#1247,#1248,#1249,#1250,#1251,#1252));
#320=EDGE_LOOP('',(#1253,#1254,#1255,#1256));
#321=EDGE_LOOP('',(#1257,#1258,#1259,#1260,#1261,#1262));
#322=EDGE_LOOP('',(#1263,#1264,#1265,#1266));
#323=EDGE_LOOP('',(#1267,#1268,#1269,#1270,#1271,#1272));
#324=EDGE_LOOP('',(#1273,#1274,#1275,#1276));
#325=EDGE_LOOP('',(#1277,#1278,#1279,#1280,#1281,#1282));
#326=EDGE_LOOP('',(#1283,#1284,#1285,#1286));
#327=EDGE_LOOP('',(#1287,#1288,#1289,#1290));
#328=EDGE_LOOP('',(#1291,#1292,#1293,#1294));
#329=EDGE_LOOP('',(#1295,#1296,#1297,#1298));
#330=EDGE_LOOP('',(#1299,#1300,#1301,#1302));
#331=EDGE_LOOP('',(#1303,#1304,#1305,#1306));
#332=EDGE_LOOP('',(#1307,#1308,#1309,#1310));
#333=EDGE_LOOP('',(#1311,#1312,#1313,#1314));
#334=EDGE_LOOP('',(#1315,#1316,#1317,#1318));
#335=EDGE_LOOP('',(#1319,#1320,#1321,#1322));
#336=EDGE_LOOP('',(#1323,#1324,#1325,#1326));
#337=EDGE_LOOP('',(#1327,#1328,#1329,#1330));
#338=EDGE_LOOP('',(#1331,#1332,#1333,#1334));
#339=EDGE_LOOP('',(#1335,#1336,#1337,#1338));
#340=EDGE_LOOP('',(#1339,#1340,#1341,#1342));
#341=EDGE_LOOP('',(#1343,#1344,#1345,#1346));
#342=EDGE_LOOP('',(#1347,#1348,#1349,#1350));
#343=EDGE_LOOP('',(#1351,#1352,#1353,#1354));
#344=EDGE_LOOP('',(#1355,#1356,#1357,#1358));
#345=EDGE_LOOP('',(#1359,#1360,#1361,#1362));
#346=EDGE_LOOP('',(#1363,#1364,#1365,#1366,#1367,#1368,#1369,#1370));
#347=EDGE_LOOP('',(#1371,#1372,#1373,#1374));
#348=EDGE_LOOP('',(#1375,#1376,#1377,#1378,#1379,#1380,#1381,#1382));
#349=EDGE_LOOP('',(#1383,#1384,#1385,#1386));
#350=EDGE_LOOP('',(#1387,#1388,#1389,#1390,#1391,#1392,#1393,#1394));
#351=EDGE_LOOP('',(#1395,#1396,#1397,#1398));
#352=EDGE_LOOP('',(#1399,#1400,#1401,#1402,#1403,#1404,#1405,#1406));
#353=EDGE_LOOP('',(#1407,#1408,#1409,#1410,#1411,#1412,#1413,#1414));
#354=EDGE_LOOP('',(#1415,#1416,#1417,#1418,#1419,#1420,#1421,#1422,#1423,
#1424,#1425,#1426,#1427,#1428,#1429,#1430,#1431,#1432,#1433,#1434,#1435,
#1436,#1437,#1438));
#355=EDGE_LOOP('',(#1439));
#356=EDGE_LOOP('',(#1440));
#357=EDGE_LOOP('',(#1441));
#358=EDGE_LOOP('',(#1442));
#359=EDGE_LOOP('',(#1443));
#360=EDGE_LOOP('',(#1444));
#361=EDGE_LOOP('',(#1445));
#362=EDGE_LOOP('',(#1446));
#363=EDGE_LOOP('',(#1447,#1448,#1449,#1450,#1451,#1452));
#364=EDGE_LOOP('',(#1453,#1454,#1455,#1456,#1457,#1458));
#365=EDGE_LOOP('',(#1459,#1460,#1461,#1462,#1463,#1464));
#366=EDGE_LOOP('',(#1465,#1466,#1467,#1468,#1469,#1470));
#367=LINE('',#2273,#495);
#368=LINE('',#2275,#496);
#369=LINE('',#2277,#497);
#370=LINE('',#2278,#498);
#371=LINE('',#2282,#499);
#372=LINE('',#2284,#500);
#373=LINE('',#2286,#501);
#374=LINE('',#2287,#502);
#375=LINE('',#2297,#503);
#376=LINE('',#2308,#504);
#377=LINE('',#2314,#505);
#378=LINE('',#2320,#506);
#379=LINE('',#2328,#507);
#380=LINE('',#2334,#508);
#381=LINE('',#2340,#509);
#382=LINE('',#2348,#510);
#383=LINE('',#2354,#511);
#384=LINE('',#2360,#512);
#385=LINE('',#2370,#513);
#386=LINE('',#2374,#514);
#387=LINE('',#2378,#515);
#388=LINE('',#2382,#516);
#389=LINE('',#2386,#517);
#390=LINE('',#2390,#518);
#391=LINE('',#2394,#519);
#392=LINE('',#2398,#520);
#393=LINE('',#2402,#521);
#394=LINE('',#2406,#522);
#395=LINE('',#2410,#523);
#396=LINE('',#2413,#524);
#397=LINE('',#2432,#525);
#398=LINE('',#2434,#526);
#399=LINE('',#2435,#527);
#400=LINE('',#2438,#528);
#401=LINE('',#2440,#529);
#402=LINE('',#2441,#530);
#403=LINE('',#2447,#531);
#404=LINE('',#2449,#532);
#405=LINE('',#2450,#533);
#406=LINE('',#2453,#534);
#407=LINE('',#2455,#535);
#408=LINE('',#2456,#536);
#409=LINE('',#2462,#537);
#410=LINE('',#2464,#538);
#411=LINE('',#2465,#539);
#412=LINE('',#2468,#540);
#413=LINE('',#2470,#541);
#414=LINE('',#2471,#542);
#415=LINE('',#2479,#543);
#416=LINE('',#2480,#544);
#417=LINE('',#2483,#545);
#418=LINE('',#2484,#546);
#419=LINE('',#2488,#547);
#420=LINE('',#2491,#548);
#421=LINE('',#2492,#549);
#422=LINE('',#2495,#550);
#423=LINE('',#2498,#551);
#424=LINE('',#2501,#552);
#425=LINE('',#2502,#553);
#426=LINE('',#2505,#554);
#427=LINE('',#2509,#555);
#428=LINE('',#2515,#556);
#429=LINE('',#2516,#557);
#430=LINE('',#2519,#558);
#431=LINE('',#2520,#559);
#432=LINE('',#2524,#560);
#433=LINE('',#2527,#561);
#434=LINE('',#2528,#562);
#435=LINE('',#2533,#563);
#436=LINE('',#2534,#564);
#437=LINE('',#2537,#565);
#438=LINE('',#2538,#566);
#439=LINE('',#2542,#567);
#440=LINE('',#2545,#568);
#441=LINE('',#2548,#569);
#442=LINE('',#2551,#570);
#443=LINE('',#2557,#571);
#444=LINE('',#2558,#572);
#445=LINE('',#2560,#573);
#446=LINE('',#2565,#574);
#447=LINE('',#2566,#575);
#448=LINE('',#2569,#576);
#449=LINE('',#2570,#577);
#450=LINE('',#2574,#578);
#451=LINE('',#2577,#579);
#452=LINE('',#2580,#580);
#453=LINE('',#2583,#581);
#454=LINE('',#2587,#582);
#455=LINE('',#2590,#583);
#456=LINE('',#2592,#584);
#457=LINE('',#2595,#585);
#458=LINE('',#2598,#586);
#459=LINE('',#2601,#587);
#460=LINE('',#2605,#588);
#461=LINE('',#2608,#589);
#462=LINE('',#2610,#590);
#463=LINE('',#2613,#591);
#464=LINE('',#2619,#592);
#465=LINE('',#2625,#593);
#466=LINE('',#2631,#594);
#467=LINE('',#2637,#595);
#468=LINE('',#2641,#596);
#469=LINE('',#2645,#597);
#470=LINE('',#2649,#598);
#471=LINE('',#2653,#599);
#472=LINE('',#2657,#600);
#473=LINE('',#2661,#601);
#474=LINE('',#2665,#602);
#475=LINE('',#2669,#603);
#476=LINE('',#2670,#604);
#477=LINE('',#2674,#605);
#478=LINE('',#2676,#606);
#479=LINE('',#2679,#607);
#480=LINE('',#2680,#608);
#481=LINE('',#2684,#609);
#482=LINE('',#2686,#610);
#483=LINE('',#2689,#611);
#484=LINE('',#2690,#612);
#485=LINE('',#2695,#613);
#486=LINE('',#2696,#614);
#487=LINE('',#2701,#615);
#488=LINE('',#2704,#616);
#489=LINE('',#2708,#617);
#490=LINE('',#2712,#618);
#491=LINE('',#2716,#619);
#492=LINE('',#2720,#620);
#493=LINE('',#2724,#621);
#494=LINE('',#2728,#622);
#495=VECTOR('',#1779,10.);
#496=VECTOR('',#1780,10.);
#497=VECTOR('',#1781,10.);
#498=VECTOR('',#1782,10.);
#499=VECTOR('',#1785,10.);
#500=VECTOR('',#1786,10.);
#501=VECTOR('',#1787,10.);
#502=VECTOR('',#1788,10.);
#503=VECTOR('',#1801,10.);
#504=VECTOR('',#1812,10.);
#505=VECTOR('',#1817,10.);
#506=VECTOR('',#1822,10.);
#507=VECTOR('',#1829,10.);
#508=VECTOR('',#1834,10.);
#509=VECTOR('',#1839,10.);
#510=VECTOR('',#1846,10.);
#511=VECTOR('',#1851,10.);
#512=VECTOR('',#1856,10.);
#513=VECTOR('',#1865,10.);
#514=VECTOR('',#1868,10.);
#515=VECTOR('',#1871,10.);
#516=VECTOR('',#1874,10.);
#517=VECTOR('',#1877,10.);
#518=VECTOR('',#1880,10.);
#519=VECTOR('',#1883,10.);
#520=VECTOR('',#1886,10.);
#521=VECTOR('',#1889,10.);
#522=VECTOR('',#1892,10.);
#523=VECTOR('',#1895,10.);
#524=VECTOR('',#1898,10.);
#525=VECTOR('',#1917,10.);
#526=VECTOR('',#1918,10.);
#527=VECTOR('',#1919,10.);
#528=VECTOR('',#1922,10.);
#529=VECTOR('',#1923,10.);
#530=VECTOR('',#1924,10.);
#531=VECTOR('',#1933,10.);
#532=VECTOR('',#1934,10.);
#533=VECTOR('',#1935,10.);
#534=VECTOR('',#1938,10.);
#535=VECTOR('',#1939,10.);
#536=VECTOR('',#1940,10.);
#537=VECTOR('',#1949,10.);
#538=VECTOR('',#1950,10.);
#539=VECTOR('',#1951,10.);
#540=VECTOR('',#1954,10.);
#541=VECTOR('',#1955,10.);
#542=VECTOR('',#1956,10.);
#543=VECTOR('',#1967,10.);
#544=VECTOR('',#1968,10.);
#545=VECTOR('',#1971,10.);
#546=VECTOR('',#1972,10.);
#547=VECTOR('',#1977,10.);
#548=VECTOR('',#1980,10.);
#549=VECTOR('',#1981,10.);
#550=VECTOR('',#1984,10.);
#551=VECTOR('',#1987,10.);
#552=VECTOR('',#1990,10.);
#553=VECTOR('',#1991,10.);
#554=VECTOR('',#1994,10.);
#555=VECTOR('',#1999,10.);
#556=VECTOR('',#2006,10.);
#557=VECTOR('',#2007,10.);
#558=VECTOR('',#2010,10.);
#559=VECTOR('',#2011,10.);
#560=VECTOR('',#2016,10.);
#561=VECTOR('',#2019,10.);
#562=VECTOR('',#2020,10.);
#563=VECTOR('',#2025,10.);
#564=VECTOR('',#2026,10.);
#565=VECTOR('',#2029,10.);
#566=VECTOR('',#2030,10.);
#567=VECTOR('',#2035,10.);
#568=VECTOR('',#2038,10.);
#569=VECTOR('',#2041,10.);
#570=VECTOR('',#2044,10.);
#571=VECTOR('',#2051,1.99999999999999);
#572=VECTOR('',#2052,1.99999999999999);
#573=VECTOR('',#2055,10.);
#574=VECTOR('',#2060,10.);
#575=VECTOR('',#2061,10.);
#576=VECTOR('',#2064,10.);
#577=VECTOR('',#2065,10.);
#578=VECTOR('',#2070,10.);
#579=VECTOR('',#2073,10.);
#580=VECTOR('',#2076,10.);
#581=VECTOR('',#2079,10.);
#582=VECTOR('',#2084,10.);
#583=VECTOR('',#2087,10.);
#584=VECTOR('',#2090,10.);
#585=VECTOR('',#2093,10.);
#586=VECTOR('',#2096,10.);
#587=VECTOR('',#2099,10.);
#588=VECTOR('',#2104,10.);
#589=VECTOR('',#2107,10.);
#590=VECTOR('',#2110,10.);
#591=VECTOR('',#2113,10.);
#592=VECTOR('',#2122,10.);
#593=VECTOR('',#2131,10.);
#594=VECTOR('',#2140,10.);
#595=VECTOR('',#2149,1.05);
#596=VECTOR('',#2154,1.05);
#597=VECTOR('',#2159,1.05);
#598=VECTOR('',#2164,1.05);
#599=VECTOR('',#2169,1.05);
#600=VECTOR('',#2174,1.05);
#601=VECTOR('',#2179,1.05);
#602=VECTOR('',#2184,1.05);
#603=VECTOR('',#2189,10.);
#604=VECTOR('',#2190,10.);
#605=VECTOR('',#2195,10.);
#606=VECTOR('',#2198,10.);
#607=VECTOR('',#2201,10.);
#608=VECTOR('',#2202,10.);
#609=VECTOR('',#2207,10.);
#610=VECTOR('',#2210,10.);
#611=VECTOR('',#2213,10.);
#612=VECTOR('',#2214,10.);
#613=VECTOR('',#2221,10.);
#614=VECTOR('',#2222,10.);
#615=VECTOR('',#2229,10.);
#616=VECTOR('',#2232,10.);
#617=VECTOR('',#2237,10.);
#618=VECTOR('',#2242,10.);
#619=VECTOR('',#2247,10.);
#620=VECTOR('',#2252,10.);
#621=VECTOR('',#2257,10.);
#622=VECTOR('',#2262,10.);
#623=VERTEX_POINT('',#2271);
#624=VERTEX_POINT('',#2272);
#625=VERTEX_POINT('',#2274);
#626=VERTEX_POINT('',#2276);
#627=VERTEX_POINT('',#2280);
#628=VERTEX_POINT('',#2281);
#629=VERTEX_POINT('',#2283);
#630=VERTEX_POINT('',#2285);
#631=VERTEX_POINT('',#2292);
#632=VERTEX_POINT('',#2294);
#633=VERTEX_POINT('',#2296);
#634=VERTEX_POINT('',#2298);
#635=VERTEX_POINT('',#2301);
#636=VERTEX_POINT('',#2303);
#637=VERTEX_POINT('',#2305);
#638=VERTEX_POINT('',#2307);
#639=VERTEX_POINT('',#2309);
#640=VERTEX_POINT('',#2311);
#641=VERTEX_POINT('',#2313);
#642=VERTEX_POINT('',#2315);
#643=VERTEX_POINT('',#2317);
#644=VERTEX_POINT('',#2319);
#645=VERTEX_POINT('',#2321);
#646=VERTEX_POINT('',#2323);
#647=VERTEX_POINT('',#2325);
#648=VERTEX_POINT('',#2327);
#649=VERTEX_POINT('',#2329);
#650=VERTEX_POINT('',#2331);
#651=VERTEX_POINT('',#2333);
#652=VERTEX_POINT('',#2335);
#653=VERTEX_POINT('',#2337);
#654=VERTEX_POINT('',#2339);
#655=VERTEX_POINT('',#2341);
#656=VERTEX_POINT('',#2343);
#657=VERTEX_POINT('',#2345);
#658=VERTEX_POINT('',#2347);
#659=VERTEX_POINT('',#2349);
#660=VERTEX_POINT('',#2351);
#661=VERTEX_POINT('',#2353);
#662=VERTEX_POINT('',#2355);
#663=VERTEX_POINT('',#2357);
#664=VERTEX_POINT('',#2359);
#665=VERTEX_POINT('',#2361);
#666=VERTEX_POINT('',#2363);
#667=VERTEX_POINT('',#2366);
#668=VERTEX_POINT('',#2367);
#669=VERTEX_POINT('',#2369);
#670=VERTEX_POINT('',#2371);
#671=VERTEX_POINT('',#2373);
#672=VERTEX_POINT('',#2375);
#673=VERTEX_POINT('',#2377);
#674=VERTEX_POINT('',#2379);
#675=VERTEX_POINT('',#2381);
#676=VERTEX_POINT('',#2383);
#677=VERTEX_POINT('',#2385);
#678=VERTEX_POINT('',#2387);
#679=VERTEX_POINT('',#2389);
#680=VERTEX_POINT('',#2391);
#681=VERTEX_POINT('',#2393);
#682=VERTEX_POINT('',#2395);
#683=VERTEX_POINT('',#2397);
#684=VERTEX_POINT('',#2399);
#685=VERTEX_POINT('',#2401);
#686=VERTEX_POINT('',#2403);
#687=VERTEX_POINT('',#2405);
#688=VERTEX_POINT('',#2407);
#689=VERTEX_POINT('',#2409);
#690=VERTEX_POINT('',#2411);
#691=VERTEX_POINT('',#2414);
#692=VERTEX_POINT('',#2416);
#693=VERTEX_POINT('',#2418);
#694=VERTEX_POINT('',#2420);
#695=VERTEX_POINT('',#2422);
#696=VERTEX_POINT('',#2424);
#697=VERTEX_POINT('',#2426);
#698=VERTEX_POINT('',#2428);
#699=VERTEX_POINT('',#2431);
#700=VERTEX_POINT('',#2433);
#701=VERTEX_POINT('',#2437);
#702=VERTEX_POINT('',#2439);
#703=VERTEX_POINT('',#2446);
#704=VERTEX_POINT('',#2448);
#705=VERTEX_POINT('',#2452);
#706=VERTEX_POINT('',#2454);
#707=VERTEX_POINT('',#2461);
#708=VERTEX_POINT('',#2463);
#709=VERTEX_POINT('',#2467);
#710=VERTEX_POINT('',#2469);
#711=VERTEX_POINT('',#2476);
#712=VERTEX_POINT('',#2477);
#713=VERTEX_POINT('',#2482);
#714=VERTEX_POINT('',#2486);
#715=VERTEX_POINT('',#2490);
#716=VERTEX_POINT('',#2494);
#717=VERTEX_POINT('',#2496);
#718=VERTEX_POINT('',#2500);
#719=VERTEX_POINT('',#2504);
#720=VERTEX_POINT('',#2508);
#721=VERTEX_POINT('',#2512);
#722=VERTEX_POINT('',#2513);
#723=VERTEX_POINT('',#2518);
#724=VERTEX_POINT('',#2522);
#725=VERTEX_POINT('',#2526);
#726=VERTEX_POINT('',#2530);
#727=VERTEX_POINT('',#2531);
#728=VERTEX_POINT('',#2536);
#729=VERTEX_POINT('',#2540);
#730=VERTEX_POINT('',#2544);
#731=VERTEX_POINT('',#2546);
#732=VERTEX_POINT('',#2550);
#733=VERTEX_POINT('',#2554);
#734=VERTEX_POINT('',#2555);
#735=VERTEX_POINT('',#2562);
#736=VERTEX_POINT('',#2563);
#737=VERTEX_POINT('',#2568);
#738=VERTEX_POINT('',#2572);
#739=VERTEX_POINT('',#2576);
#740=VERTEX_POINT('',#2578);
#741=VERTEX_POINT('',#2582);
#742=VERTEX_POINT('',#2586);
#743=VERTEX_POINT('',#2588);
#744=VERTEX_POINT('',#2594);
#745=VERTEX_POINT('',#2596);
#746=VERTEX_POINT('',#2600);
#747=VERTEX_POINT('',#2604);
#748=VERTEX_POINT('',#2606);
#749=VERTEX_POINT('',#2612);
#750=VERTEX_POINT('',#2618);
#751=VERTEX_POINT('',#2624);
#752=VERTEX_POINT('',#2630);
#753=VERTEX_POINT('',#2636);
#754=VERTEX_POINT('',#2640);
#755=VERTEX_POINT('',#2644);
#756=VERTEX_POINT('',#2648);
#757=VERTEX_POINT('',#2652);
#758=VERTEX_POINT('',#2656);
#759=VERTEX_POINT('',#2660);
#760=VERTEX_POINT('',#2664);
#761=VERTEX_POINT('',#2668);
#762=VERTEX_POINT('',#2672);
#763=VERTEX_POINT('',#2678);
#764=VERTEX_POINT('',#2682);
#765=VERTEX_POINT('',#2688);
#766=VERTEX_POINT('',#2694);
#767=VERTEX_POINT('',#2700);
#768=VERTEX_POINT('',#2702);
#769=VERTEX_POINT('',#2706);
#770=VERTEX_POINT('',#2710);
#771=VERTEX_POINT('',#2714);
#772=VERTEX_POINT('',#2718);
#773=VERTEX_POINT('',#2722);
#774=VERTEX_POINT('',#2726);
#775=EDGE_CURVE('',#623,#624,#367,.T.);
#776=EDGE_CURVE('',#623,#625,#368,.T.);
#777=EDGE_CURVE('',#626,#625,#369,.T.);
#778=EDGE_CURVE('',#624,#626,#370,.T.);
#779=EDGE_CURVE('',#627,#628,#371,.T.);
#780=EDGE_CURVE('',#627,#629,#372,.T.);
#781=EDGE_CURVE('',#630,#629,#373,.T.);
#782=EDGE_CURVE('',#628,#630,#374,.T.);
#783=EDGE_CURVE('',#629,#626,#85,.T.);
#784=EDGE_CURVE('',#625,#630,#86,.T.);
#785=EDGE_CURVE('',#631,#628,#87,.T.);
#786=EDGE_CURVE('',#632,#631,#88,.T.);
#787=EDGE_CURVE('',#633,#632,#375,.T.);
#788=EDGE_CURVE('',#634,#633,#89,.T.);
#789=EDGE_CURVE('',#623,#634,#90,.T.);
#790=EDGE_CURVE('',#635,#624,#91,.T.);
#791=EDGE_CURVE('',#636,#635,#92,.T.);
#792=EDGE_CURVE('',#637,#636,#93,.T.);
#793=EDGE_CURVE('',#637,#638,#376,.T.);
#794=EDGE_CURVE('',#639,#638,#94,.T.);
#795=EDGE_CURVE('',#640,#639,#95,.T.);
#796=EDGE_CURVE('',#641,#640,#377,.T.);
#797=EDGE_CURVE('',#642,#641,#96,.T.);
#798=EDGE_CURVE('',#643,#642,#97,.T.);
#799=EDGE_CURVE('',#643,#644,#378,.T.);
#800=EDGE_CURVE('',#645,#644,#98,.T.);
#801=EDGE_CURVE('',#646,#645,#99,.T.);
#802=EDGE_CURVE('',#647,#646,#100,.T.);
#803=EDGE_CURVE('',#647,#648,#379,.T.);
#804=EDGE_CURVE('',#649,#648,#101,.T.);
#805=EDGE_CURVE('',#650,#649,#102,.T.);
#806=EDGE_CURVE('',#651,#650,#380,.T.);
#807=EDGE_CURVE('',#652,#651,#103,.T.);
#808=EDGE_CURVE('',#653,#652,#104,.T.);
#809=EDGE_CURVE('',#653,#654,#381,.T.);
#810=EDGE_CURVE('',#655,#654,#105,.T.);
#811=EDGE_CURVE('',#656,#655,#106,.T.);
#812=EDGE_CURVE('',#657,#656,#107,.T.);
#813=EDGE_CURVE('',#657,#658,#382,.T.);
#814=EDGE_CURVE('',#659,#658,#108,.T.);
#815=EDGE_CURVE('',#660,#659,#109,.T.);
#816=EDGE_CURVE('',#661,#660,#383,.T.);
#817=EDGE_CURVE('',#661,#662,#110,.F.);
#818=EDGE_CURVE('',#663,#662,#111,.T.);
#819=EDGE_CURVE('',#663,#664,#384,.T.);
#820=EDGE_CURVE('',#665,#664,#112,.T.);
#821=EDGE_CURVE('',#666,#665,#113,.T.);
#822=EDGE_CURVE('',#627,#666,#114,.T.);
#823=EDGE_CURVE('',#667,#668,#115,.T.);
#824=EDGE_CURVE('',#669,#667,#385,.T.);
#825=EDGE_CURVE('',#670,#669,#116,.T.);
#826=EDGE_CURVE('',#671,#670,#386,.T.);
#827=EDGE_CURVE('',#672,#671,#117,.T.);
#828=EDGE_CURVE('',#673,#672,#387,.T.);
#829=EDGE_CURVE('',#674,#673,#118,.T.);
#830=EDGE_CURVE('',#675,#674,#388,.T.);
#831=EDGE_CURVE('',#676,#675,#119,.T.);
#832=EDGE_CURVE('',#677,#676,#389,.T.);
#833=EDGE_CURVE('',#678,#677,#120,.T.);
#834=EDGE_CURVE('',#679,#678,#390,.T.);
#835=EDGE_CURVE('',#680,#679,#121,.T.);
#836=EDGE_CURVE('',#681,#680,#391,.T.);
#837=EDGE_CURVE('',#682,#681,#122,.T.);
#838=EDGE_CURVE('',#683,#682,#392,.T.);
#839=EDGE_CURVE('',#684,#683,#123,.T.);
#840=EDGE_CURVE('',#685,#684,#393,.T.);
#841=EDGE_CURVE('',#686,#685,#124,.T.);
#842=EDGE_CURVE('',#687,#686,#394,.T.);
#843=EDGE_CURVE('',#688,#687,#125,.T.);
#844=EDGE_CURVE('',#689,#688,#395,.T.);
#845=EDGE_CURVE('',#690,#689,#126,.T.);
#846=EDGE_CURVE('',#668,#690,#396,.T.);
#847=EDGE_CURVE('',#691,#691,#127,.T.);
#848=EDGE_CURVE('',#692,#692,#128,.T.);
#849=EDGE_CURVE('',#693,#693,#129,.T.);
#850=EDGE_CURVE('',#694,#694,#130,.T.);
#851=EDGE_CURVE('',#695,#695,#131,.T.);
#852=EDGE_CURVE('',#696,#696,#132,.T.);
#853=EDGE_CURVE('',#697,#697,#133,.T.);
#854=EDGE_CURVE('',#698,#698,#134,.T.);
#855=EDGE_CURVE('',#663,#699,#397,.T.);
#856=EDGE_CURVE('',#700,#699,#398,.T.);
#857=EDGE_CURVE('',#664,#700,#399,.T.);
#858=EDGE_CURVE('',#657,#701,#400,.T.);
#859=EDGE_CURVE('',#702,#701,#401,.T.);
#860=EDGE_CURVE('',#658,#702,#402,.T.);
#861=EDGE_CURVE('',#699,#702,#135,.T.);
#862=EDGE_CURVE('',#701,#700,#136,.T.);
#863=EDGE_CURVE('',#643,#703,#403,.T.);
#864=EDGE_CURVE('',#704,#703,#404,.T.);
#865=EDGE_CURVE('',#644,#704,#405,.T.);
#866=EDGE_CURVE('',#637,#705,#406,.T.);
#867=EDGE_CURVE('',#706,#705,#407,.T.);
#868=EDGE_CURVE('',#638,#706,#408,.T.);
#869=EDGE_CURVE('',#703,#706,#137,.T.);
#870=EDGE_CURVE('',#705,#704,#138,.T.);
#871=EDGE_CURVE('',#653,#707,#409,.T.);
#872=EDGE_CURVE('',#708,#707,#410,.T.);
#873=EDGE_CURVE('',#654,#708,#411,.T.);
#874=EDGE_CURVE('',#647,#709,#412,.T.);
#875=EDGE_CURVE('',#710,#709,#413,.T.);
#876=EDGE_CURVE('',#648,#710,#414,.T.);
#877=EDGE_CURVE('',#707,#710,#139,.T.);
#878=EDGE_CURVE('',#709,#708,#140,.T.);
#879=EDGE_CURVE('',#711,#712,#141,.T.);
#880=EDGE_CURVE('',#712,#667,#415,.T.);
#881=EDGE_CURVE('',#668,#711,#416,.T.);
#882=EDGE_CURVE('',#713,#690,#417,.T.);
#883=EDGE_CURVE('',#711,#713,#418,.T.);
#884=EDGE_CURVE('',#714,#713,#142,.T.);
#885=EDGE_CURVE('',#689,#714,#419,.T.);
#886=EDGE_CURVE('',#688,#715,#420,.T.);
#887=EDGE_CURVE('',#714,#715,#421,.T.);
#888=EDGE_CURVE('',#651,#716,#422,.T.);
#889=EDGE_CURVE('',#716,#717,#143,.T.);
#890=EDGE_CURVE('',#717,#652,#423,.T.);
#891=EDGE_CURVE('',#718,#650,#424,.T.);
#892=EDGE_CURVE('',#716,#718,#425,.T.);
#893=EDGE_CURVE('',#649,#719,#426,.T.);
#894=EDGE_CURVE('',#719,#718,#144,.T.);
#895=EDGE_CURVE('',#648,#720,#427,.T.);
#896=EDGE_CURVE('',#719,#720,#145,.T.);
#897=EDGE_CURVE('',#721,#722,#146,.T.);
#898=EDGE_CURVE('',#722,#686,#428,.T.);
#899=EDGE_CURVE('',#685,#721,#429,.T.);
#900=EDGE_CURVE('',#723,#684,#430,.T.);
#901=EDGE_CURVE('',#721,#723,#431,.T.);
#902=EDGE_CURVE('',#724,#723,#147,.T.);
#903=EDGE_CURVE('',#683,#724,#432,.T.);
#904=EDGE_CURVE('',#682,#725,#433,.T.);
#905=EDGE_CURVE('',#724,#725,#434,.T.);
#906=EDGE_CURVE('',#726,#727,#148,.T.);
#907=EDGE_CURVE('',#727,#678,#435,.T.);
#908=EDGE_CURVE('',#677,#726,#436,.T.);
#909=EDGE_CURVE('',#728,#727,#437,.T.);
#910=EDGE_CURVE('',#679,#728,#438,.T.);
#911=EDGE_CURVE('',#728,#729,#149,.T.);
#912=EDGE_CURVE('',#729,#680,#439,.T.);
#913=EDGE_CURVE('',#659,#730,#440,.T.);
#914=EDGE_CURVE('',#730,#731,#150,.T.);
#915=EDGE_CURVE('',#731,#660,#441,.T.);
#916=EDGE_CURVE('',#658,#732,#442,.T.);
#917=EDGE_CURVE('',#730,#732,#151,.T.);
#918=EDGE_CURVE('',#733,#734,#152,.T.);
#919=EDGE_CURVE('',#734,#662,#443,.T.);
#920=EDGE_CURVE('',#661,#733,#444,.T.);
#921=EDGE_CURVE('',#733,#731,#445,.T.);
#922=EDGE_CURVE('',#735,#736,#153,.T.);
#923=EDGE_CURVE('',#736,#674,#446,.T.);
#924=EDGE_CURVE('',#673,#735,#447,.T.);
#925=EDGE_CURVE('',#737,#672,#448,.T.);
#926=EDGE_CURVE('',#735,#737,#449,.T.);
#927=EDGE_CURVE('',#738,#737,#154,.T.);
#928=EDGE_CURVE('',#671,#738,#450,.T.);
#929=EDGE_CURVE('',#631,#739,#451,.T.);
#930=EDGE_CURVE('',#739,#740,#155,.T.);
#931=EDGE_CURVE('',#740,#632,#452,.T.);
#932=EDGE_CURVE('',#628,#741,#453,.T.);
#933=EDGE_CURVE('',#739,#741,#156,.T.);
#934=EDGE_CURVE('',#633,#742,#454,.T.);
#935=EDGE_CURVE('',#742,#743,#157,.T.);
#936=EDGE_CURVE('',#743,#634,#455,.T.);
#937=EDGE_CURVE('',#742,#740,#456,.T.);
#938=EDGE_CURVE('',#639,#744,#457,.T.);
#939=EDGE_CURVE('',#744,#745,#158,.T.);
#940=EDGE_CURVE('',#745,#640,#458,.T.);
#941=EDGE_CURVE('',#638,#746,#459,.T.);
#942=EDGE_CURVE('',#744,#746,#159,.T.);
#943=EDGE_CURVE('',#641,#747,#460,.T.);
#944=EDGE_CURVE('',#747,#748,#160,.T.);
#945=EDGE_CURVE('',#748,#642,#461,.T.);
#946=EDGE_CURVE('',#747,#745,#462,.T.);
#947=EDGE_CURVE('',#643,#749,#463,.T.);
#948=EDGE_CURVE('',#746,#749,#161,.T.);
#949=EDGE_CURVE('',#749,#748,#162,.T.);
#950=EDGE_CURVE('',#623,#750,#464,.T.);
#951=EDGE_CURVE('',#741,#750,#163,.T.);
#952=EDGE_CURVE('',#750,#743,#164,.T.);
#953=EDGE_CURVE('',#653,#751,#465,.T.);
#954=EDGE_CURVE('',#720,#751,#165,.T.);
#955=EDGE_CURVE('',#751,#717,#166,.T.);
#956=EDGE_CURVE('',#663,#752,#466,.T.);
#957=EDGE_CURVE('',#732,#752,#167,.T.);
#958=EDGE_CURVE('',#752,#734,#168,.T.);
#959=EDGE_CURVE('',#698,#753,#467,.T.);
#960=EDGE_CURVE('',#753,#753,#169,.T.);
#961=EDGE_CURVE('',#697,#754,#468,.T.);
#962=EDGE_CURVE('',#754,#754,#170,.T.);
#963=EDGE_CURVE('',#696,#755,#469,.T.);
#964=EDGE_CURVE('',#755,#755,#171,.T.);
#965=EDGE_CURVE('',#695,#756,#470,.T.);
#966=EDGE_CURVE('',#756,#756,#172,.T.);
#967=EDGE_CURVE('',#694,#757,#471,.T.);
#968=EDGE_CURVE('',#757,#757,#173,.T.);
#969=EDGE_CURVE('',#693,#758,#472,.T.);
#970=EDGE_CURVE('',#758,#758,#174,.T.);
#971=EDGE_CURVE('',#692,#759,#473,.T.);
#972=EDGE_CURVE('',#759,#759,#175,.T.);
#973=EDGE_CURVE('',#691,#760,#474,.T.);
#974=EDGE_CURVE('',#760,#760,#176,.T.);
#975=EDGE_CURVE('',#761,#712,#475,.T.);
#976=EDGE_CURVE('',#669,#761,#476,.T.);
#977=EDGE_CURVE('',#762,#761,#177,.T.);
#978=EDGE_CURVE('',#670,#762,#477,.T.);
#979=EDGE_CURVE('',#738,#762,#478,.T.);
#980=EDGE_CURVE('',#763,#736,#479,.T.);
#981=EDGE_CURVE('',#675,#763,#480,.T.);
#982=EDGE_CURVE('',#764,#763,#178,.T.);
#983=EDGE_CURVE('',#676,#764,#481,.T.);
#984=EDGE_CURVE('',#726,#764,#482,.T.);
#985=EDGE_CURVE('',#765,#729,#483,.T.);
#986=EDGE_CURVE('',#681,#765,#484,.T.);
#987=EDGE_CURVE('',#725,#765,#179,.T.);
#988=EDGE_CURVE('',#766,#722,#485,.T.);
#989=EDGE_CURVE('',#687,#766,#486,.T.);
#990=EDGE_CURVE('',#715,#766,#180,.T.);
#991=EDGE_CURVE('',#645,#767,#487,.T.);
#992=EDGE_CURVE('',#768,#767,#181,.T.);
#993=EDGE_CURVE('',#646,#768,#488,.T.);
#994=EDGE_CURVE('',#769,#768,#182,.T.);
#995=EDGE_CURVE('',#655,#769,#489,.T.);
#996=EDGE_CURVE('',#770,#769,#183,.T.);
#997=EDGE_CURVE('',#656,#770,#490,.T.);
#998=EDGE_CURVE('',#771,#770,#184,.T.);
#999=EDGE_CURVE('',#665,#771,#491,.T.);
#1000=EDGE_CURVE('',#772,#771,#185,.T.);
#1001=EDGE_CURVE('',#666,#772,#492,.T.);
#1002=EDGE_CURVE('',#773,#772,#186,.T.);
#1003=EDGE_CURVE('',#635,#773,#493,.T.);
#1004=EDGE_CURVE('',#774,#773,#187,.T.);
#1005=EDGE_CURVE('',#636,#774,#494,.T.);
#1006=EDGE_CURVE('',#767,#774,#188,.T.);
#1007=ORIENTED_EDGE('',*,*,#775,.F.);
#1008=ORIENTED_EDGE('',*,*,#776,.T.);
#1009=ORIENTED_EDGE('',*,*,#777,.F.);
#1010=ORIENTED_EDGE('',*,*,#778,.F.);
#1011=ORIENTED_EDGE('',*,*,#779,.F.);
#1012=ORIENTED_EDGE('',*,*,#780,.T.);
#1013=ORIENTED_EDGE('',*,*,#781,.F.);
#1014=ORIENTED_EDGE('',*,*,#782,.F.);
#1015=ORIENTED_EDGE('',*,*,#781,.T.);
#1016=ORIENTED_EDGE('',*,*,#783,.T.);
#1017=ORIENTED_EDGE('',*,*,#777,.T.);
#1018=ORIENTED_EDGE('',*,*,#784,.T.);
#1019=ORIENTED_EDGE('',*,*,#779,.T.);
#1020=ORIENTED_EDGE('',*,*,#785,.F.);
#1021=ORIENTED_EDGE('',*,*,#786,.F.);
#1022=ORIENTED_EDGE('',*,*,#787,.F.);
#1023=ORIENTED_EDGE('',*,*,#788,.F.);
#1024=ORIENTED_EDGE('',*,*,#789,.F.);
#1025=ORIENTED_EDGE('',*,*,#775,.T.);
#1026=ORIENTED_EDGE('',*,*,#790,.F.);
#1027=ORIENTED_EDGE('',*,*,#791,.F.);
#1028=ORIENTED_EDGE('',*,*,#792,.F.);
#1029=ORIENTED_EDGE('',*,*,#793,.T.);
#1030=ORIENTED_EDGE('',*,*,#794,.F.);
#1031=ORIENTED_EDGE('',*,*,#795,.F.);
#1032=ORIENTED_EDGE('',*,*,#796,.F.);
#1033=ORIENTED_EDGE('',*,*,#797,.F.);
#1034=ORIENTED_EDGE('',*,*,#798,.F.);
#1035=ORIENTED_EDGE('',*,*,#799,.T.);
#1036=ORIENTED_EDGE('',*,*,#800,.F.);
#1037=ORIENTED_EDGE('',*,*,#801,.F.);
#1038=ORIENTED_EDGE('',*,*,#802,.F.);
#1039=ORIENTED_EDGE('',*,*,#803,.T.);
#1040=ORIENTED_EDGE('',*,*,#804,.F.);
#1041=ORIENTED_EDGE('',*,*,#805,.F.);
#1042=ORIENTED_EDGE('',*,*,#806,.F.);
#1043=ORIENTED_EDGE('',*,*,#807,.F.);
#1044=ORIENTED_EDGE('',*,*,#808,.F.);
#1045=ORIENTED_EDGE('',*,*,#809,.T.);
#1046=ORIENTED_EDGE('',*,*,#810,.F.);
#1047=ORIENTED_EDGE('',*,*,#811,.F.);
#1048=ORIENTED_EDGE('',*,*,#812,.F.);
#1049=ORIENTED_EDGE('',*,*,#813,.T.);
#1050=ORIENTED_EDGE('',*,*,#814,.F.);
#1051=ORIENTED_EDGE('',*,*,#815,.F.);
#1052=ORIENTED_EDGE('',*,*,#816,.F.);
#1053=ORIENTED_EDGE('',*,*,#817,.T.);
#1054=ORIENTED_EDGE('',*,*,#818,.F.);
#1055=ORIENTED_EDGE('',*,*,#819,.T.);
#1056=ORIENTED_EDGE('',*,*,#820,.F.);
#1057=ORIENTED_EDGE('',*,*,#821,.F.);
#1058=ORIENTED_EDGE('',*,*,#822,.F.);
#1059=ORIENTED_EDGE('',*,*,#823,.F.);
#1060=ORIENTED_EDGE('',*,*,#824,.F.);
#1061=ORIENTED_EDGE('',*,*,#825,.F.);
#1062=ORIENTED_EDGE('',*,*,#826,.F.);
#1063=ORIENTED_EDGE('',*,*,#827,.F.);
#1064=ORIENTED_EDGE('',*,*,#828,.F.);
#1065=ORIENTED_EDGE('',*,*,#829,.F.);
#1066=ORIENTED_EDGE('',*,*,#830,.F.);
#1067=ORIENTED_EDGE('',*,*,#831,.F.);
#1068=ORIENTED_EDGE('',*,*,#832,.F.);
#1069=ORIENTED_EDGE('',*,*,#833,.F.);
#1070=ORIENTED_EDGE('',*,*,#834,.F.);
#1071=ORIENTED_EDGE('',*,*,#835,.F.);
#1072=ORIENTED_EDGE('',*,*,#836,.F.);
#1073=ORIENTED_EDGE('',*,*,#837,.F.);
#1074=ORIENTED_EDGE('',*,*,#838,.F.);
#1075=ORIENTED_EDGE('',*,*,#839,.F.);
#1076=ORIENTED_EDGE('',*,*,#840,.F.);
#1077=ORIENTED_EDGE('',*,*,#841,.F.);
#1078=ORIENTED_EDGE('',*,*,#842,.F.);
#1079=ORIENTED_EDGE('',*,*,#843,.F.);
#1080=ORIENTED_EDGE('',*,*,#844,.F.);
#1081=ORIENTED_EDGE('',*,*,#845,.F.);
#1082=ORIENTED_EDGE('',*,*,#846,.F.);
#1083=ORIENTED_EDGE('',*,*,#847,.F.);
#1084=ORIENTED_EDGE('',*,*,#848,.F.);
#1085=ORIENTED_EDGE('',*,*,#849,.F.);
#1086=ORIENTED_EDGE('',*,*,#850,.F.);
#1087=ORIENTED_EDGE('',*,*,#851,.F.);
#1088=ORIENTED_EDGE('',*,*,#852,.F.);
#1089=ORIENTED_EDGE('',*,*,#853,.F.);
#1090=ORIENTED_EDGE('',*,*,#854,.F.);
#1091=ORIENTED_EDGE('',*,*,#819,.F.);
#1092=ORIENTED_EDGE('',*,*,#855,.T.);
#1093=ORIENTED_EDGE('',*,*,#856,.F.);
#1094=ORIENTED_EDGE('',*,*,#857,.F.);
#1095=ORIENTED_EDGE('',*,*,#813,.F.);
#1096=ORIENTED_EDGE('',*,*,#858,.T.);
#1097=ORIENTED_EDGE('',*,*,#859,.F.);
#1098=ORIENTED_EDGE('',*,*,#860,.F.);
#1099=ORIENTED_EDGE('',*,*,#861,.T.);
#1100=ORIENTED_EDGE('',*,*,#859,.T.);
#1101=ORIENTED_EDGE('',*,*,#862,.T.);
#1102=ORIENTED_EDGE('',*,*,#856,.T.);
#1103=ORIENTED_EDGE('',*,*,#799,.F.);
#1104=ORIENTED_EDGE('',*,*,#863,.T.);
#1105=ORIENTED_EDGE('',*,*,#864,.F.);
#1106=ORIENTED_EDGE('',*,*,#865,.F.);
#1107=ORIENTED_EDGE('',*,*,#793,.F.);
#1108=ORIENTED_EDGE('',*,*,#866,.T.);
#1109=ORIENTED_EDGE('',*,*,#867,.F.);
#1110=ORIENTED_EDGE('',*,*,#868,.F.);
#1111=ORIENTED_EDGE('',*,*,#869,.T.);
#1112=ORIENTED_EDGE('',*,*,#867,.T.);
#1113=ORIENTED_EDGE('',*,*,#870,.T.);
#1114=ORIENTED_EDGE('',*,*,#864,.T.);
#1115=ORIENTED_EDGE('',*,*,#809,.F.);
#1116=ORIENTED_EDGE('',*,*,#871,.T.);
#1117=ORIENTED_EDGE('',*,*,#872,.F.);
#1118=ORIENTED_EDGE('',*,*,#873,.F.);
#1119=ORIENTED_EDGE('',*,*,#803,.F.);
#1120=ORIENTED_EDGE('',*,*,#874,.T.);
#1121=ORIENTED_EDGE('',*,*,#875,.F.);
#1122=ORIENTED_EDGE('',*,*,#876,.F.);
#1123=ORIENTED_EDGE('',*,*,#877,.T.);
#1124=ORIENTED_EDGE('',*,*,#875,.T.);
#1125=ORIENTED_EDGE('',*,*,#878,.T.);
#1126=ORIENTED_EDGE('',*,*,#872,.T.);
#1127=ORIENTED_EDGE('',*,*,#879,.T.);
#1128=ORIENTED_EDGE('',*,*,#880,.T.);
#1129=ORIENTED_EDGE('',*,*,#823,.T.);
#1130=ORIENTED_EDGE('',*,*,#881,.T.);
#1131=ORIENTED_EDGE('',*,*,#881,.F.);
#1132=ORIENTED_EDGE('',*,*,#846,.T.);
#1133=ORIENTED_EDGE('',*,*,#882,.F.);
#1134=ORIENTED_EDGE('',*,*,#883,.F.);
#1135=ORIENTED_EDGE('',*,*,#884,.T.);
#1136=ORIENTED_EDGE('',*,*,#882,.T.);
#1137=ORIENTED_EDGE('',*,*,#845,.T.);
#1138=ORIENTED_EDGE('',*,*,#885,.T.);
#1139=ORIENTED_EDGE('',*,*,#885,.F.);
#1140=ORIENTED_EDGE('',*,*,#844,.T.);
#1141=ORIENTED_EDGE('',*,*,#886,.T.);
#1142=ORIENTED_EDGE('',*,*,#887,.F.);
#1143=ORIENTED_EDGE('',*,*,#807,.T.);
#1144=ORIENTED_EDGE('',*,*,#888,.T.);
#1145=ORIENTED_EDGE('',*,*,#889,.T.);
#1146=ORIENTED_EDGE('',*,*,#890,.T.);
#1147=ORIENTED_EDGE('',*,*,#888,.F.);
#1148=ORIENTED_EDGE('',*,*,#806,.T.);
#1149=ORIENTED_EDGE('',*,*,#891,.F.);
#1150=ORIENTED_EDGE('',*,*,#892,.F.);
#1151=ORIENTED_EDGE('',*,*,#805,.T.);
#1152=ORIENTED_EDGE('',*,*,#893,.T.);
#1153=ORIENTED_EDGE('',*,*,#894,.T.);
#1154=ORIENTED_EDGE('',*,*,#891,.T.);
#1155=ORIENTED_EDGE('',*,*,#893,.F.);
#1156=ORIENTED_EDGE('',*,*,#804,.T.);
#1157=ORIENTED_EDGE('',*,*,#895,.T.);
#1158=ORIENTED_EDGE('',*,*,#896,.F.);
#1159=ORIENTED_EDGE('',*,*,#897,.T.);
#1160=ORIENTED_EDGE('',*,*,#898,.T.);
#1161=ORIENTED_EDGE('',*,*,#841,.T.);
#1162=ORIENTED_EDGE('',*,*,#899,.T.);
#1163=ORIENTED_EDGE('',*,*,#899,.F.);
#1164=ORIENTED_EDGE('',*,*,#840,.T.);
#1165=ORIENTED_EDGE('',*,*,#900,.F.);
#1166=ORIENTED_EDGE('',*,*,#901,.F.);
#1167=ORIENTED_EDGE('',*,*,#902,.T.);
#1168=ORIENTED_EDGE('',*,*,#900,.T.);
#1169=ORIENTED_EDGE('',*,*,#839,.T.);
#1170=ORIENTED_EDGE('',*,*,#903,.T.);
#1171=ORIENTED_EDGE('',*,*,#903,.F.);
#1172=ORIENTED_EDGE('',*,*,#838,.T.);
#1173=ORIENTED_EDGE('',*,*,#904,.T.);
#1174=ORIENTED_EDGE('',*,*,#905,.F.);
#1175=ORIENTED_EDGE('',*,*,#906,.T.);
#1176=ORIENTED_EDGE('',*,*,#907,.T.);
#1177=ORIENTED_EDGE('',*,*,#833,.T.);
#1178=ORIENTED_EDGE('',*,*,#908,.T.);
#1179=ORIENTED_EDGE('',*,*,#907,.F.);
#1180=ORIENTED_EDGE('',*,*,#909,.F.);
#1181=ORIENTED_EDGE('',*,*,#910,.F.);
#1182=ORIENTED_EDGE('',*,*,#834,.T.);
#1183=ORIENTED_EDGE('',*,*,#911,.T.);
#1184=ORIENTED_EDGE('',*,*,#912,.T.);
#1185=ORIENTED_EDGE('',*,*,#835,.T.);
#1186=ORIENTED_EDGE('',*,*,#910,.T.);
#1187=ORIENTED_EDGE('',*,*,#815,.T.);
#1188=ORIENTED_EDGE('',*,*,#913,.T.);
#1189=ORIENTED_EDGE('',*,*,#914,.T.);
#1190=ORIENTED_EDGE('',*,*,#915,.T.);
#1191=ORIENTED_EDGE('',*,*,#913,.F.);
#1192=ORIENTED_EDGE('',*,*,#814,.T.);
#1193=ORIENTED_EDGE('',*,*,#916,.T.);
#1194=ORIENTED_EDGE('',*,*,#917,.F.);
#1195=ORIENTED_EDGE('',*,*,#918,.T.);
#1196=ORIENTED_EDGE('',*,*,#919,.T.);
#1197=ORIENTED_EDGE('',*,*,#817,.F.);
#1198=ORIENTED_EDGE('',*,*,#920,.T.);
#1199=ORIENTED_EDGE('',*,*,#915,.F.);
#1200=ORIENTED_EDGE('',*,*,#921,.F.);
#1201=ORIENTED_EDGE('',*,*,#920,.F.);
#1202=ORIENTED_EDGE('',*,*,#816,.T.);
#1203=ORIENTED_EDGE('',*,*,#922,.T.);
#1204=ORIENTED_EDGE('',*,*,#923,.T.);
#1205=ORIENTED_EDGE('',*,*,#829,.T.);
#1206=ORIENTED_EDGE('',*,*,#924,.T.);
#1207=ORIENTED_EDGE('',*,*,#924,.F.);
#1208=ORIENTED_EDGE('',*,*,#828,.T.);
#1209=ORIENTED_EDGE('',*,*,#925,.F.);
#1210=ORIENTED_EDGE('',*,*,#926,.F.);
#1211=ORIENTED_EDGE('',*,*,#927,.T.);
#1212=ORIENTED_EDGE('',*,*,#925,.T.);
#1213=ORIENTED_EDGE('',*,*,#827,.T.);
#1214=ORIENTED_EDGE('',*,*,#928,.T.);
#1215=ORIENTED_EDGE('',*,*,#786,.T.);
#1216=ORIENTED_EDGE('',*,*,#929,.T.);
#1217=ORIENTED_EDGE('',*,*,#930,.T.);
#1218=ORIENTED_EDGE('',*,*,#931,.T.);
#1219=ORIENTED_EDGE('',*,*,#929,.F.);
#1220=ORIENTED_EDGE('',*,*,#785,.T.);
#1221=ORIENTED_EDGE('',*,*,#932,.T.);
#1222=ORIENTED_EDGE('',*,*,#933,.F.);
#1223=ORIENTED_EDGE('',*,*,#788,.T.);
#1224=ORIENTED_EDGE('',*,*,#934,.T.);
#1225=ORIENTED_EDGE('',*,*,#935,.T.);
#1226=ORIENTED_EDGE('',*,*,#936,.T.);
#1227=ORIENTED_EDGE('',*,*,#931,.F.);
#1228=ORIENTED_EDGE('',*,*,#937,.F.);
#1229=ORIENTED_EDGE('',*,*,#934,.F.);
#1230=ORIENTED_EDGE('',*,*,#787,.T.);
#1231=ORIENTED_EDGE('',*,*,#795,.T.);
#1232=ORIENTED_EDGE('',*,*,#938,.T.);
#1233=ORIENTED_EDGE('',*,*,#939,.T.);
#1234=ORIENTED_EDGE('',*,*,#940,.T.);
#1235=ORIENTED_EDGE('',*,*,#938,.F.);
#1236=ORIENTED_EDGE('',*,*,#794,.T.);
#1237=ORIENTED_EDGE('',*,*,#941,.T.);
#1238=ORIENTED_EDGE('',*,*,#942,.F.);
#1239=ORIENTED_EDGE('',*,*,#797,.T.);
#1240=ORIENTED_EDGE('',*,*,#943,.T.);
#1241=ORIENTED_EDGE('',*,*,#944,.T.);
#1242=ORIENTED_EDGE('',*,*,#945,.T.);
#1243=ORIENTED_EDGE('',*,*,#940,.F.);
#1244=ORIENTED_EDGE('',*,*,#946,.F.);
#1245=ORIENTED_EDGE('',*,*,#943,.F.);
#1246=ORIENTED_EDGE('',*,*,#796,.T.);
#1247=ORIENTED_EDGE('',*,*,#947,.T.);
#1248=ORIENTED_EDGE('',*,*,#948,.F.);
#1249=ORIENTED_EDGE('',*,*,#941,.F.);
#1250=ORIENTED_EDGE('',*,*,#868,.T.);
#1251=ORIENTED_EDGE('',*,*,#869,.F.);
#1252=ORIENTED_EDGE('',*,*,#863,.F.);
#1253=ORIENTED_EDGE('',*,*,#945,.F.);
#1254=ORIENTED_EDGE('',*,*,#949,.F.);
#1255=ORIENTED_EDGE('',*,*,#947,.F.);
#1256=ORIENTED_EDGE('',*,*,#798,.T.);
#1257=ORIENTED_EDGE('',*,*,#950,.T.);
#1258=ORIENTED_EDGE('',*,*,#951,.F.);
#1259=ORIENTED_EDGE('',*,*,#932,.F.);
#1260=ORIENTED_EDGE('',*,*,#782,.T.);
#1261=ORIENTED_EDGE('',*,*,#784,.F.);
#1262=ORIENTED_EDGE('',*,*,#776,.F.);
#1263=ORIENTED_EDGE('',*,*,#936,.F.);
#1264=ORIENTED_EDGE('',*,*,#952,.F.);
#1265=ORIENTED_EDGE('',*,*,#950,.F.);
#1266=ORIENTED_EDGE('',*,*,#789,.T.);
#1267=ORIENTED_EDGE('',*,*,#953,.T.);
#1268=ORIENTED_EDGE('',*,*,#954,.F.);
#1269=ORIENTED_EDGE('',*,*,#895,.F.);
#1270=ORIENTED_EDGE('',*,*,#876,.T.);
#1271=ORIENTED_EDGE('',*,*,#877,.F.);
#1272=ORIENTED_EDGE('',*,*,#871,.F.);
#1273=ORIENTED_EDGE('',*,*,#890,.F.);
#1274=ORIENTED_EDGE('',*,*,#955,.F.);
#1275=ORIENTED_EDGE('',*,*,#953,.F.);
#1276=ORIENTED_EDGE('',*,*,#808,.T.);
#1277=ORIENTED_EDGE('',*,*,#956,.T.);
#1278=ORIENTED_EDGE('',*,*,#957,.F.);
#1279=ORIENTED_EDGE('',*,*,#916,.F.);
#1280=ORIENTED_EDGE('',*,*,#860,.T.);
#1281=ORIENTED_EDGE('',*,*,#861,.F.);
#1282=ORIENTED_EDGE('',*,*,#855,.F.);
#1283=ORIENTED_EDGE('',*,*,#919,.F.);
#1284=ORIENTED_EDGE('',*,*,#958,.F.);
#1285=ORIENTED_EDGE('',*,*,#956,.F.);
#1286=ORIENTED_EDGE('',*,*,#818,.T.);
#1287=ORIENTED_EDGE('',*,*,#854,.T.);
#1288=ORIENTED_EDGE('',*,*,#959,.T.);
#1289=ORIENTED_EDGE('',*,*,#960,.F.);
#1290=ORIENTED_EDGE('',*,*,#959,.F.);
#1291=ORIENTED_EDGE('',*,*,#853,.T.);
#1292=ORIENTED_EDGE('',*,*,#961,.T.);
#1293=ORIENTED_EDGE('',*,*,#962,.F.);
#1294=ORIENTED_EDGE('',*,*,#961,.F.);
#1295=ORIENTED_EDGE('',*,*,#852,.T.);
#1296=ORIENTED_EDGE('',*,*,#963,.T.);
#1297=ORIENTED_EDGE('',*,*,#964,.F.);
#1298=ORIENTED_EDGE('',*,*,#963,.F.);
#1299=ORIENTED_EDGE('',*,*,#851,.T.);
#1300=ORIENTED_EDGE('',*,*,#965,.T.);
#1301=ORIENTED_EDGE('',*,*,#966,.F.);
#1302=ORIENTED_EDGE('',*,*,#965,.F.);
#1303=ORIENTED_EDGE('',*,*,#850,.T.);
#1304=ORIENTED_EDGE('',*,*,#967,.T.);
#1305=ORIENTED_EDGE('',*,*,#968,.F.);
#1306=ORIENTED_EDGE('',*,*,#967,.F.);
#1307=ORIENTED_EDGE('',*,*,#849,.T.);
#1308=ORIENTED_EDGE('',*,*,#969,.T.);
#1309=ORIENTED_EDGE('',*,*,#970,.F.);
#1310=ORIENTED_EDGE('',*,*,#969,.F.);
#1311=ORIENTED_EDGE('',*,*,#848,.T.);
#1312=ORIENTED_EDGE('',*,*,#971,.T.);
#1313=ORIENTED_EDGE('',*,*,#972,.F.);
#1314=ORIENTED_EDGE('',*,*,#971,.F.);
#1315=ORIENTED_EDGE('',*,*,#847,.T.);
#1316=ORIENTED_EDGE('',*,*,#973,.T.);
#1317=ORIENTED_EDGE('',*,*,#974,.F.);
#1318=ORIENTED_EDGE('',*,*,#973,.F.);
#1319=ORIENTED_EDGE('',*,*,#880,.F.);
#1320=ORIENTED_EDGE('',*,*,#975,.F.);
#1321=ORIENTED_EDGE('',*,*,#976,.F.);
#1322=ORIENTED_EDGE('',*,*,#824,.T.);
#1323=ORIENTED_EDGE('',*,*,#825,.T.);
#1324=ORIENTED_EDGE('',*,*,#976,.T.);
#1325=ORIENTED_EDGE('',*,*,#977,.F.);
#1326=ORIENTED_EDGE('',*,*,#978,.F.);
#1327=ORIENTED_EDGE('',*,*,#928,.F.);
#1328=ORIENTED_EDGE('',*,*,#826,.T.);
#1329=ORIENTED_EDGE('',*,*,#978,.T.);
#1330=ORIENTED_EDGE('',*,*,#979,.F.);
#1331=ORIENTED_EDGE('',*,*,#923,.F.);
#1332=ORIENTED_EDGE('',*,*,#980,.F.);
#1333=ORIENTED_EDGE('',*,*,#981,.F.);
#1334=ORIENTED_EDGE('',*,*,#830,.T.);
#1335=ORIENTED_EDGE('',*,*,#831,.T.);
#1336=ORIENTED_EDGE('',*,*,#981,.T.);
#1337=ORIENTED_EDGE('',*,*,#982,.F.);
#1338=ORIENTED_EDGE('',*,*,#983,.F.);
#1339=ORIENTED_EDGE('',*,*,#908,.F.);
#1340=ORIENTED_EDGE('',*,*,#832,.T.);
#1341=ORIENTED_EDGE('',*,*,#983,.T.);
#1342=ORIENTED_EDGE('',*,*,#984,.F.);
#1343=ORIENTED_EDGE('',*,*,#912,.F.);
#1344=ORIENTED_EDGE('',*,*,#985,.F.);
#1345=ORIENTED_EDGE('',*,*,#986,.F.);
#1346=ORIENTED_EDGE('',*,*,#836,.T.);
#1347=ORIENTED_EDGE('',*,*,#837,.T.);
#1348=ORIENTED_EDGE('',*,*,#986,.T.);
#1349=ORIENTED_EDGE('',*,*,#987,.F.);
#1350=ORIENTED_EDGE('',*,*,#904,.F.);
#1351=ORIENTED_EDGE('',*,*,#898,.F.);
#1352=ORIENTED_EDGE('',*,*,#988,.F.);
#1353=ORIENTED_EDGE('',*,*,#989,.F.);
#1354=ORIENTED_EDGE('',*,*,#842,.T.);
#1355=ORIENTED_EDGE('',*,*,#843,.T.);
#1356=ORIENTED_EDGE('',*,*,#989,.T.);
#1357=ORIENTED_EDGE('',*,*,#990,.F.);
#1358=ORIENTED_EDGE('',*,*,#886,.F.);
#1359=ORIENTED_EDGE('',*,*,#801,.T.);
#1360=ORIENTED_EDGE('',*,*,#991,.T.);
#1361=ORIENTED_EDGE('',*,*,#992,.F.);
#1362=ORIENTED_EDGE('',*,*,#993,.F.);
#1363=ORIENTED_EDGE('',*,*,#810,.T.);
#1364=ORIENTED_EDGE('',*,*,#873,.T.);
#1365=ORIENTED_EDGE('',*,*,#878,.F.);
#1366=ORIENTED_EDGE('',*,*,#874,.F.);
#1367=ORIENTED_EDGE('',*,*,#802,.T.);
#1368=ORIENTED_EDGE('',*,*,#993,.T.);
#1369=ORIENTED_EDGE('',*,*,#994,.F.);
#1370=ORIENTED_EDGE('',*,*,#995,.F.);
#1371=ORIENTED_EDGE('',*,*,#811,.T.);
#1372=ORIENTED_EDGE('',*,*,#995,.T.);
#1373=ORIENTED_EDGE('',*,*,#996,.F.);
#1374=ORIENTED_EDGE('',*,*,#997,.F.);
#1375=ORIENTED_EDGE('',*,*,#820,.T.);
#1376=ORIENTED_EDGE('',*,*,#857,.T.);
#1377=ORIENTED_EDGE('',*,*,#862,.F.);
#1378=ORIENTED_EDGE('',*,*,#858,.F.);
#1379=ORIENTED_EDGE('',*,*,#812,.T.);
#1380=ORIENTED_EDGE('',*,*,#997,.T.);
#1381=ORIENTED_EDGE('',*,*,#998,.F.);
#1382=ORIENTED_EDGE('',*,*,#999,.F.);
#1383=ORIENTED_EDGE('',*,*,#821,.T.);
#1384=ORIENTED_EDGE('',*,*,#999,.T.);
#1385=ORIENTED_EDGE('',*,*,#1000,.F.);
#1386=ORIENTED_EDGE('',*,*,#1001,.F.);
#1387=ORIENTED_EDGE('',*,*,#790,.T.);
#1388=ORIENTED_EDGE('',*,*,#778,.T.);
#1389=ORIENTED_EDGE('',*,*,#783,.F.);
#1390=ORIENTED_EDGE('',*,*,#780,.F.);
#1391=ORIENTED_EDGE('',*,*,#822,.T.);
#1392=ORIENTED_EDGE('',*,*,#1001,.T.);
#1393=ORIENTED_EDGE('',*,*,#1002,.F.);
#1394=ORIENTED_EDGE('',*,*,#1003,.F.);
#1395=ORIENTED_EDGE('',*,*,#791,.T.);
#1396=ORIENTED_EDGE('',*,*,#1003,.T.);
#1397=ORIENTED_EDGE('',*,*,#1004,.F.);
#1398=ORIENTED_EDGE('',*,*,#1005,.F.);
#1399=ORIENTED_EDGE('',*,*,#800,.T.);
#1400=ORIENTED_EDGE('',*,*,#865,.T.);
#1401=ORIENTED_EDGE('',*,*,#870,.F.);
#1402=ORIENTED_EDGE('',*,*,#866,.F.);
#1403=ORIENTED_EDGE('',*,*,#792,.T.);
#1404=ORIENTED_EDGE('',*,*,#1005,.T.);
#1405=ORIENTED_EDGE('',*,*,#1006,.F.);
#1406=ORIENTED_EDGE('',*,*,#991,.F.);
#1407=ORIENTED_EDGE('',*,*,#1006,.T.);
#1408=ORIENTED_EDGE('',*,*,#1004,.T.);
#1409=ORIENTED_EDGE('',*,*,#1002,.T.);
#1410=ORIENTED_EDGE('',*,*,#1000,.T.);
#1411=ORIENTED_EDGE('',*,*,#998,.T.);
#1412=ORIENTED_EDGE('',*,*,#996,.T.);
#1413=ORIENTED_EDGE('',*,*,#994,.T.);
#1414=ORIENTED_EDGE('',*,*,#992,.T.);
#1415=ORIENTED_EDGE('',*,*,#879,.F.);
#1416=ORIENTED_EDGE('',*,*,#883,.T.);
#1417=ORIENTED_EDGE('',*,*,#884,.F.);
#1418=ORIENTED_EDGE('',*,*,#887,.T.);
#1419=ORIENTED_EDGE('',*,*,#990,.T.);
#1420=ORIENTED_EDGE('',*,*,#988,.T.);
#1421=ORIENTED_EDGE('',*,*,#897,.F.);
#1422=ORIENTED_EDGE('',*,*,#901,.T.);
#1423=ORIENTED_EDGE('',*,*,#902,.F.);
#1424=ORIENTED_EDGE('',*,*,#905,.T.);
#1425=ORIENTED_EDGE('',*,*,#987,.T.);
#1426=ORIENTED_EDGE('',*,*,#985,.T.);
#1427=ORIENTED_EDGE('',*,*,#911,.F.);
#1428=ORIENTED_EDGE('',*,*,#909,.T.);
#1429=ORIENTED_EDGE('',*,*,#906,.F.);
#1430=ORIENTED_EDGE('',*,*,#984,.T.);
#1431=ORIENTED_EDGE('',*,*,#982,.T.);
#1432=ORIENTED_EDGE('',*,*,#980,.T.);
#1433=ORIENTED_EDGE('',*,*,#922,.F.);
#1434=ORIENTED_EDGE('',*,*,#926,.T.);
#1435=ORIENTED_EDGE('',*,*,#927,.F.);
#1436=ORIENTED_EDGE('',*,*,#979,.T.);
#1437=ORIENTED_EDGE('',*,*,#977,.T.);
#1438=ORIENTED_EDGE('',*,*,#975,.T.);
#1439=ORIENTED_EDGE('',*,*,#974,.T.);
#1440=ORIENTED_EDGE('',*,*,#972,.T.);
#1441=ORIENTED_EDGE('',*,*,#970,.T.);
#1442=ORIENTED_EDGE('',*,*,#968,.T.);
#1443=ORIENTED_EDGE('',*,*,#966,.T.);
#1444=ORIENTED_EDGE('',*,*,#964,.T.);
#1445=ORIENTED_EDGE('',*,*,#962,.T.);
#1446=ORIENTED_EDGE('',*,*,#960,.T.);
#1447=ORIENTED_EDGE('',*,*,#958,.T.);
#1448=ORIENTED_EDGE('',*,*,#918,.F.);
#1449=ORIENTED_EDGE('',*,*,#921,.T.);
#1450=ORIENTED_EDGE('',*,*,#914,.F.);
#1451=ORIENTED_EDGE('',*,*,#917,.T.);
#1452=ORIENTED_EDGE('',*,*,#957,.T.);
#1453=ORIENTED_EDGE('',*,*,#955,.T.);
#1454=ORIENTED_EDGE('',*,*,#889,.F.);
#1455=ORIENTED_EDGE('',*,*,#892,.T.);
#1456=ORIENTED_EDGE('',*,*,#894,.F.);
#1457=ORIENTED_EDGE('',*,*,#896,.T.);
#1458=ORIENTED_EDGE('',*,*,#954,.T.);
#1459=ORIENTED_EDGE('',*,*,#952,.T.);
#1460=ORIENTED_EDGE('',*,*,#935,.F.);
#1461=ORIENTED_EDGE('',*,*,#937,.T.);
#1462=ORIENTED_EDGE('',*,*,#930,.F.);
#1463=ORIENTED_EDGE('',*,*,#933,.T.);
#1464=ORIENTED_EDGE('',*,*,#951,.T.);
#1465=ORIENTED_EDGE('',*,*,#949,.T.);
#1466=ORIENTED_EDGE('',*,*,#944,.F.);
#1467=ORIENTED_EDGE('',*,*,#946,.T.);
#1468=ORIENTED_EDGE('',*,*,#939,.F.);
#1469=ORIENTED_EDGE('',*,*,#942,.T.);
#1470=ORIENTED_EDGE('',*,*,#948,.T.);
#1471=PLANE('',#1593);
#1472=PLANE('',#1594);
#1473=PLANE('',#1595);
#1474=PLANE('',#1598);
#1475=PLANE('',#1647);
#1476=PLANE('',#1648);
#1477=PLANE('',#1649);
#1478=PLANE('',#1652);
#1479=PLANE('',#1653);
#1480=PLANE('',#1654);
#1481=PLANE('',#1657);
#1482=PLANE('',#1658);
#1483=PLANE('',#1659);
#1484=PLANE('',#1664);
#1485=PLANE('',#1667);
#1486=PLANE('',#1670);
#1487=PLANE('',#1677);
#1488=PLANE('',#1680);
#1489=PLANE('',#1683);
#1490=PLANE('',#1692);
#1491=PLANE('',#1695);
#1492=PLANE('',#1704);
#1493=PLANE('',#1711);
#1494=PLANE('',#1744);
#1495=PLANE('',#1747);
#1496=PLANE('',#1748);
#1497=PLANE('',#1751);
#1498=PLANE('',#1752);
#1499=PLANE('',#1755);
#1500=PLANE('',#1774);
#1501=ADVANCED_FACE('',(#189),#1471,.T.);
#1502=ADVANCED_FACE('',(#190),#1472,.T.);
#1503=ADVANCED_FACE('',(#191),#1473,.T.);
#1504=ADVANCED_FACE('',(#192,#63,#64,#65,#66,#67,#68,#69,#70,#71),#1474,
 .F.);
#1505=ADVANCED_FACE('',(#193),#1475,.T.);
#1506=ADVANCED_FACE('',(#194),#1476,.T.);
#1507=ADVANCED_FACE('',(#195),#1477,.T.);
#1508=ADVANCED_FACE('',(#196),#1478,.T.);
#1509=ADVANCED_FACE('',(#197),#1479,.T.);
#1510=ADVANCED_FACE('',(#198),#1480,.T.);
#1511=ADVANCED_FACE('',(#199),#1481,.T.);
#1512=ADVANCED_FACE('',(#200),#1482,.T.);
#1513=ADVANCED_FACE('',(#201),#1483,.T.);
#1514=ADVANCED_FACE('',(#202),#15,.T.);
#1515=ADVANCED_FACE('',(#203),#1484,.T.);
#1516=ADVANCED_FACE('',(#204),#16,.T.);
#1517=ADVANCED_FACE('',(#205),#1485,.T.);
#1518=ADVANCED_FACE('',(#206),#17,.F.);
#1519=ADVANCED_FACE('',(#207),#1486,.T.);
#1520=ADVANCED_FACE('',(#208),#18,.F.);
#1521=ADVANCED_FACE('',(#209),#19,.T.);
#1522=ADVANCED_FACE('',(#210),#20,.T.);
#1523=ADVANCED_FACE('',(#211),#1487,.T.);
#1524=ADVANCED_FACE('',(#212),#21,.T.);
#1525=ADVANCED_FACE('',(#213),#1488,.T.);
#1526=ADVANCED_FACE('',(#214),#22,.T.);
#1527=ADVANCED_FACE('',(#215),#1489,.T.);
#1528=ADVANCED_FACE('',(#216),#23,.T.);
#1529=ADVANCED_FACE('',(#217),#24,.F.);
#1530=ADVANCED_FACE('',(#218),#25,.T.);
#1531=ADVANCED_FACE('',(#219),#26,.F.);
#1532=ADVANCED_FACE('',(#220),#1490,.T.);
#1533=ADVANCED_FACE('',(#221),#27,.T.);
#1534=ADVANCED_FACE('',(#222),#1491,.T.);
#1535=ADVANCED_FACE('',(#223),#28,.T.);
#1536=ADVANCED_FACE('',(#224),#29,.F.);
#1537=ADVANCED_FACE('',(#225),#30,.T.);
#1538=ADVANCED_FACE('',(#226),#31,.F.);
#1539=ADVANCED_FACE('',(#227),#1492,.T.);
#1540=ADVANCED_FACE('',(#228),#32,.F.);
#1541=ADVANCED_FACE('',(#229),#33,.T.);
#1542=ADVANCED_FACE('',(#230),#34,.F.);
#1543=ADVANCED_FACE('',(#231),#1493,.T.);
#1544=ADVANCED_FACE('',(#232),#35,.T.);
#1545=ADVANCED_FACE('',(#233),#36,.T.);
#1546=ADVANCED_FACE('',(#234),#37,.T.);
#1547=ADVANCED_FACE('',(#235),#38,.T.);
#1548=ADVANCED_FACE('',(#236),#39,.T.);
#1549=ADVANCED_FACE('',(#237),#40,.T.);
#1550=ADVANCED_FACE('',(#238),#41,.T.);
#1551=ADVANCED_FACE('',(#239),#42,.T.);
#1552=ADVANCED_FACE('',(#240),#43,.F.);
#1553=ADVANCED_FACE('',(#241),#44,.F.);
#1554=ADVANCED_FACE('',(#242),#45,.F.);
#1555=ADVANCED_FACE('',(#243),#46,.F.);
#1556=ADVANCED_FACE('',(#244),#47,.F.);
#1557=ADVANCED_FACE('',(#245),#48,.F.);
#1558=ADVANCED_FACE('',(#246),#49,.F.);
#1559=ADVANCED_FACE('',(#247),#50,.F.);
#1560=ADVANCED_FACE('',(#248),#1494,.T.);
#1561=ADVANCED_FACE('',(#249),#51,.F.);
#1562=ADVANCED_FACE('',(#250),#1495,.T.);
#1563=ADVANCED_FACE('',(#251),#1496,.T.);
#1564=ADVANCED_FACE('',(#252),#52,.F.);
#1565=ADVANCED_FACE('',(#253),#1497,.T.);
#1566=ADVANCED_FACE('',(#254),#1498,.T.);
#1567=ADVANCED_FACE('',(#255),#53,.F.);
#1568=ADVANCED_FACE('',(#256),#1499,.T.);
#1569=ADVANCED_FACE('',(#257),#54,.F.);
#1570=ADVANCED_FACE('',(#258),#55,.T.);
#1571=ADVANCED_FACE('',(#259),#56,.F.);
#1572=ADVANCED_FACE('',(#260),#57,.T.);
#1573=ADVANCED_FACE('',(#261),#58,.F.);
#1574=ADVANCED_FACE('',(#262),#59,.T.);
#1575=ADVANCED_FACE('',(#263),#60,.F.);
#1576=ADVANCED_FACE('',(#264),#61,.T.);
#1577=ADVANCED_FACE('',(#265),#62,.F.);
#1578=ADVANCED_FACE('',(#266,#72,#73,#74,#75,#76,#77,#78,#79,#80,#81,#82,
#83,#84),#1500,.T.);
#1579=CLOSED_SHELL('',(#1501,#1502,#1503,#1504,#1505,#1506,#1507,#1508,
#1509,#1510,#1511,#1512,#1513,#1514,#1515,#1516,#1517,#1518,#1519,#1520,
#1521,#1522,#1523,#1524,#1525,#1526,#1527,#1528,#1529,#1530,#1531,#1532,
#1533,#1534,#1535,#1536,#1537,#1538,#1539,#1540,#1541,#1542,#1543,#1544,
#1545,#1546,#1547,#1548,#1549,#1550,#1551,#1552,#1553,#1554,#1555,#1556,
#1557,#1558,#1559,#1560,#1561,#1562,#1563,#1564,#1565,#1566,#1567,#1568,
#1569,#1570,#1571,#1572,#1573,#1574,#1575,#1576,#1577,#1578));
#1580=DERIVED_UNIT_ELEMENT(#1582,1.);
#1581=DERIVED_UNIT_ELEMENT(#2737,-3.);
#1582=(
MASS_UNIT()
NAMED_UNIT(*)
SI_UNIT(.KILO.,.GRAM.)
);
#1583=DERIVED_UNIT((#1580,#1581));
#1584=MEASURE_REPRESENTATION_ITEM('density measure',
POSITIVE_RATIO_MEASURE(1000.),#1583);
#1585=PROPERTY_DEFINITION_REPRESENTATION(#1590,#1587);
#1586=PROPERTY_DEFINITION_REPRESENTATION(#1591,#1588);
#1587=REPRESENTATION('material name',(#1589),#2734);
#1588=REPRESENTATION('density',(#1584),#2734);
#1589=DESCRIPTIVE_REPRESENTATION_ITEM('\X2\5E3889C4\X0\','\X2\5E3889C4\X0\');
#1590=PROPERTY_DEFINITION('material property','material name',#2744);
#1591=PROPERTY_DEFINITION('material property','density of part',#2744);
#1592=AXIS2_PLACEMENT_3D('',#2269,#1775,#1776);
#1593=AXIS2_PLACEMENT_3D('',#2270,#1777,#1778);
#1594=AXIS2_PLACEMENT_3D('',#2279,#1783,#1784);
#1595=AXIS2_PLACEMENT_3D('',#2288,#1789,#1790);
#1596=AXIS2_PLACEMENT_3D('',#2289,#1791,#1792);
#1597=AXIS2_PLACEMENT_3D('',#2290,#1793,#1794);
#1598=AXIS2_PLACEMENT_3D('',#2291,#1795,#1796);
#1599=AXIS2_PLACEMENT_3D('',#2293,#1797,#1798);
#1600=AXIS2_PLACEMENT_3D('',#2295,#1799,#1800);
#1601=AXIS2_PLACEMENT_3D('',#2299,#1802,#1803);
#1602=AXIS2_PLACEMENT_3D('',#2300,#1804,#1805);
#1603=AXIS2_PLACEMENT_3D('',#2302,#1806,#1807);
#1604=AXIS2_PLACEMENT_3D('',#2304,#1808,#1809);
#1605=AXIS2_PLACEMENT_3D('',#2306,#1810,#1811);
#1606=AXIS2_PLACEMENT_3D('',#2310,#1813,#1814);
#1607=AXIS2_PLACEMENT_3D('',#2312,#1815,#1816);
#1608=AXIS2_PLACEMENT_3D('',#2316,#1818,#1819);
#1609=AXIS2_PLACEMENT_3D('',#2318,#1820,#1821);
#1610=AXIS2_PLACEMENT_3D('',#2322,#1823,#1824);
#1611=AXIS2_PLACEMENT_3D('',#2324,#1825,#1826);
#1612=AXIS2_PLACEMENT_3D('',#2326,#1827,#1828);
#1613=AXIS2_PLACEMENT_3D('',#2330,#1830,#1831);
#1614=AXIS2_PLACEMENT_3D('',#2332,#1832,#1833);
#1615=AXIS2_PLACEMENT_3D('',#2336,#1835,#1836);
#1616=AXIS2_PLACEMENT_3D('',#2338,#1837,#1838);
#1617=AXIS2_PLACEMENT_3D('',#2342,#1840,#1841);
#1618=AXIS2_PLACEMENT_3D('',#2344,#1842,#1843);
#1619=AXIS2_PLACEMENT_3D('',#2346,#1844,#1845);
#1620=AXIS2_PLACEMENT_3D('',#2350,#1847,#1848);
#1621=AXIS2_PLACEMENT_3D('',#2352,#1849,#1850);
#1622=AXIS2_PLACEMENT_3D('',#2356,#1852,#1853);
#1623=AXIS2_PLACEMENT_3D('',#2358,#1854,#1855);
#1624=AXIS2_PLACEMENT_3D('',#2362,#1857,#1858);
#1625=AXIS2_PLACEMENT_3D('',#2364,#1859,#1860);
#1626=AXIS2_PLACEMENT_3D('',#2365,#1861,#1862);
#1627=AXIS2_PLACEMENT_3D('',#2368,#1863,#1864);
#1628=AXIS2_PLACEMENT_3D('',#2372,#1866,#1867);
#1629=AXIS2_PLACEMENT_3D('',#2376,#1869,#1870);
#1630=AXIS2_PLACEMENT_3D('',#2380,#1872,#1873);
#1631=AXIS2_PLACEMENT_3D('',#2384,#1875,#1876);
#1632=AXIS2_PLACEMENT_3D('',#2388,#1878,#1879);
#1633=AXIS2_PLACEMENT_3D('',#2392,#1881,#1882);
#1634=AXIS2_PLACEMENT_3D('',#2396,#1884,#1885);
#1635=AXIS2_PLACEMENT_3D('',#2400,#1887,#1888);
#1636=AXIS2_PLACEMENT_3D('',#2404,#1890,#1891);
#1637=AXIS2_PLACEMENT_3D('',#2408,#1893,#1894);
#1638=AXIS2_PLACEMENT_3D('',#2412,#1896,#1897);
#1639=AXIS2_PLACEMENT_3D('',#2415,#1899,#1900);
#1640=AXIS2_PLACEMENT_3D('',#2417,#1901,#1902);
#1641=AXIS2_PLACEMENT_3D('',#2419,#1903,#1904);
#1642=AXIS2_PLACEMENT_3D('',#2421,#1905,#1906);
#1643=AXIS2_PLACEMENT_3D('',#2423,#1907,#1908);
#1644=AXIS2_PLACEMENT_3D('',#2425,#1909,#1910);
#1645=AXIS2_PLACEMENT_3D('',#2427,#1911,#1912);
#1646=AXIS2_PLACEMENT_3D('',#2429,#1913,#1914);
#1647=AXIS2_PLACEMENT_3D('',#2430,#1915,#1916);
#1648=AXIS2_PLACEMENT_3D('',#2436,#1920,#1921);
#1649=AXIS2_PLACEMENT_3D('',#2442,#1925,#1926);
#1650=AXIS2_PLACEMENT_3D('',#2443,#1927,#1928);
#1651=AXIS2_PLACEMENT_3D('',#2444,#1929,#1930);
#1652=AXIS2_PLACEMENT_3D('',#2445,#1931,#1932);
#1653=AXIS2_PLACEMENT_3D('',#2451,#1936,#1937);
#1654=AXIS2_PLACEMENT_3D('',#2457,#1941,#1942);
#1655=AXIS2_PLACEMENT_3D('',#2458,#1943,#1944);
#1656=AXIS2_PLACEMENT_3D('',#2459,#1945,#1946);
#1657=AXIS2_PLACEMENT_3D('',#2460,#1947,#1948);
#1658=AXIS2_PLACEMENT_3D('',#2466,#1952,#1953);
#1659=AXIS2_PLACEMENT_3D('',#2472,#1957,#1958);
#1660=AXIS2_PLACEMENT_3D('',#2473,#1959,#1960);
#1661=AXIS2_PLACEMENT_3D('',#2474,#1961,#1962);
#1662=AXIS2_PLACEMENT_3D('',#2475,#1963,#1964);
#1663=AXIS2_PLACEMENT_3D('',#2478,#1965,#1966);
#1664=AXIS2_PLACEMENT_3D('',#2481,#1969,#1970);
#1665=AXIS2_PLACEMENT_3D('',#2485,#1973,#1974);
#1666=AXIS2_PLACEMENT_3D('',#2487,#1975,#1976);
#1667=AXIS2_PLACEMENT_3D('',#2489,#1978,#1979);
#1668=AXIS2_PLACEMENT_3D('',#2493,#1982,#1983);
#1669=AXIS2_PLACEMENT_3D('',#2497,#1985,#1986);
#1670=AXIS2_PLACEMENT_3D('',#2499,#1988,#1989);
#1671=AXIS2_PLACEMENT_3D('',#2503,#1992,#1993);
#1672=AXIS2_PLACEMENT_3D('',#2506,#1995,#1996);
#1673=AXIS2_PLACEMENT_3D('',#2507,#1997,#1998);
#1674=AXIS2_PLACEMENT_3D('',#2510,#2000,#2001);
#1675=AXIS2_PLACEMENT_3D('',#2511,#2002,#2003);
#1676=AXIS2_PLACEMENT_3D('',#2514,#2004,#2005);
#1677=AXIS2_PLACEMENT_3D('',#2517,#2008,#2009);
#1678=AXIS2_PLACEMENT_3D('',#2521,#2012,#2013);
#1679=AXIS2_PLACEMENT_3D('',#2523,#2014,#2015);
#1680=AXIS2_PLACEMENT_3D('',#2525,#2017,#2018);
#1681=AXIS2_PLACEMENT_3D('',#2529,#2021,#2022);
#1682=AXIS2_PLACEMENT_3D('',#2532,#2023,#2024);
#1683=AXIS2_PLACEMENT_3D('',#2535,#2027,#2028);
#1684=AXIS2_PLACEMENT_3D('',#2539,#2031,#2032);
#1685=AXIS2_PLACEMENT_3D('',#2541,#2033,#2034);
#1686=AXIS2_PLACEMENT_3D('',#2543,#2036,#2037);
#1687=AXIS2_PLACEMENT_3D('',#2547,#2039,#2040);
#1688=AXIS2_PLACEMENT_3D('',#2549,#2042,#2043);
#1689=AXIS2_PLACEMENT_3D('',#2552,#2045,#2046);
#1690=AXIS2_PLACEMENT_3D('',#2553,#2047,#2048);
#1691=AXIS2_PLACEMENT_3D('',#2556,#2049,#2050);
#1692=AXIS2_PLACEMENT_3D('',#2559,#2053,#2054);
#1693=AXIS2_PLACEMENT_3D('',#2561,#2056,#2057);
#1694=AXIS2_PLACEMENT_3D('',#2564,#2058,#2059);
#1695=AXIS2_PLACEMENT_3D('',#2567,#2062,#2063);
#1696=AXIS2_PLACEMENT_3D('',#2571,#2066,#2067);
#1697=AXIS2_PLACEMENT_3D('',#2573,#2068,#2069);
#1698=AXIS2_PLACEMENT_3D('',#2575,#2071,#2072);
#1699=AXIS2_PLACEMENT_3D('',#2579,#2074,#2075);
#1700=AXIS2_PLACEMENT_3D('',#2581,#2077,#2078);
#1701=AXIS2_PLACEMENT_3D('',#2584,#2080,#2081);
#1702=AXIS2_PLACEMENT_3D('',#2585,#2082,#2083);
#1703=AXIS2_PLACEMENT_3D('',#2589,#2085,#2086);
#1704=AXIS2_PLACEMENT_3D('',#2591,#2088,#2089);
#1705=AXIS2_PLACEMENT_3D('',#2593,#2091,#2092);
#1706=AXIS2_PLACEMENT_3D('',#2597,#2094,#2095);
#1707=AXIS2_PLACEMENT_3D('',#2599,#2097,#2098);
#1708=AXIS2_PLACEMENT_3D('',#2602,#2100,#2101);
#1709=AXIS2_PLACEMENT_3D('',#2603,#2102,#2103);
#1710=AXIS2_PLACEMENT_3D('',#2607,#2105,#2106);
#1711=AXIS2_PLACEMENT_3D('',#2609,#2108,#2109);
#1712=AXIS2_PLACEMENT_3D('',#2611,#2111,#2112);
#1713=AXIS2_PLACEMENT_3D('',#2614,#2114,#2115);
#1714=AXIS2_PLACEMENT_3D('',#2615,#2116,#2117);
#1715=AXIS2_PLACEMENT_3D('',#2616,#2118,#2119);
#1716=AXIS2_PLACEMENT_3D('',#2617,#2120,#2121);
#1717=AXIS2_PLACEMENT_3D('',#2620,#2123,#2124);
#1718=AXIS2_PLACEMENT_3D('',#2621,#2125,#2126);
#1719=AXIS2_PLACEMENT_3D('',#2622,#2127,#2128);
#1720=AXIS2_PLACEMENT_3D('',#2623,#2129,#2130);
#1721=AXIS2_PLACEMENT_3D('',#2626,#2132,#2133);
#1722=AXIS2_PLACEMENT_3D('',#2627,#2134,#2135);
#1723=AXIS2_PLACEMENT_3D('',#2628,#2136,#2137);
#1724=AXIS2_PLACEMENT_3D('',#2629,#2138,#2139);
#1725=AXIS2_PLACEMENT_3D('',#2632,#2141,#2142);
#1726=AXIS2_PLACEMENT_3D('',#2633,#2143,#2144);
#1727=AXIS2_PLACEMENT_3D('',#2634,#2145,#2146);
#1728=AXIS2_PLACEMENT_3D('',#2635,#2147,#2148);
#1729=AXIS2_PLACEMENT_3D('',#2638,#2150,#2151);
#1730=AXIS2_PLACEMENT_3D('',#2639,#2152,#2153);
#1731=AXIS2_PLACEMENT_3D('',#2642,#2155,#2156);
#1732=AXIS2_PLACEMENT_3D('',#2643,#2157,#2158);
#1733=AXIS2_PLACEMENT_3D('',#2646,#2160,#2161);
#1734=AXIS2_PLACEMENT_3D('',#2647,#2162,#2163);
#1735=AXIS2_PLACEMENT_3D('',#2650,#2165,#2166);
#1736=AXIS2_PLACEMENT_3D('',#2651,#2167,#2168);
#1737=AXIS2_PLACEMENT_3D('',#2654,#2170,#2171);
#1738=AXIS2_PLACEMENT_3D('',#2655,#2172,#2173);
#1739=AXIS2_PLACEMENT_3D('',#2658,#2175,#2176);
#1740=AXIS2_PLACEMENT_3D('',#2659,#2177,#2178);
#1741=AXIS2_PLACEMENT_3D('',#2662,#2180,#2181);
#1742=AXIS2_PLACEMENT_3D('',#2663,#2182,#2183);
#1743=AXIS2_PLACEMENT_3D('',#2666,#2185,#2186);
#1744=AXIS2_PLACEMENT_3D('',#2667,#2187,#2188);
#1745=AXIS2_PLACEMENT_3D('',#2671,#2191,#2192);
#1746=AXIS2_PLACEMENT_3D('',#2673,#2193,#2194);
#1747=AXIS2_PLACEMENT_3D('',#2675,#2196,#2197);
#1748=AXIS2_PLACEMENT_3D('',#2677,#2199,#2200);
#1749=AXIS2_PLACEMENT_3D('',#2681,#2203,#2204);
#1750=AXIS2_PLACEMENT_3D('',#2683,#2205,#2206);
#1751=AXIS2_PLACEMENT_3D('',#2685,#2208,#2209);
#1752=AXIS2_PLACEMENT_3D('',#2687,#2211,#2212);
#1753=AXIS2_PLACEMENT_3D('',#2691,#2215,#2216);
#1754=AXIS2_PLACEMENT_3D('',#2692,#2217,#2218);
#1755=AXIS2_PLACEMENT_3D('',#2693,#2219,#2220);
#1756=AXIS2_PLACEMENT_3D('',#2697,#2223,#2224);
#1757=AXIS2_PLACEMENT_3D('',#2698,#2225,#2226);
#1758=AXIS2_PLACEMENT_3D('',#2699,#2227,#2228);
#1759=AXIS2_PLACEMENT_3D('',#2703,#2230,#2231);
#1760=AXIS2_PLACEMENT_3D('',#2705,#2233,#2234);
#1761=AXIS2_PLACEMENT_3D('',#2707,#2235,#2236);
#1762=AXIS2_PLACEMENT_3D('',#2709,#2238,#2239);
#1763=AXIS2_PLACEMENT_3D('',#2711,#2240,#2241);
#1764=AXIS2_PLACEMENT_3D('',#2713,#2243,#2244);
#1765=AXIS2_PLACEMENT_3D('',#2715,#2245,#2246);
#1766=AXIS2_PLACEMENT_3D('',#2717,#2248,#2249);
#1767=AXIS2_PLACEMENT_3D('',#2719,#2250,#2251);
#1768=AXIS2_PLACEMENT_3D('',#2721,#2253,#2254);
#1769=AXIS2_PLACEMENT_3D('',#2723,#2255,#2256);
#1770=AXIS2_PLACEMENT_3D('',#2725,#2258,#2259);
#1771=AXIS2_PLACEMENT_3D('',#2727,#2260,#2261);
#1772=AXIS2_PLACEMENT_3D('',#2729,#2263,#2264);
#1773=AXIS2_PLACEMENT_3D('',#2730,#2265,#2266);
#1774=AXIS2_PLACEMENT_3D('',#2731,#2267,#2268);
#1775=DIRECTION('axis',(0.,0.,1.));
#1776=DIRECTION('refdir',(1.,0.,0.));
#1777=DIRECTION('center_axis',(1.,0.,0.));
#1778=DIRECTION('ref_axis',(0.,-1.,0.));
#1779=DIRECTION('',(0.,1.,0.));
#1780=DIRECTION('',(0.,0.,-1.));
#1781=DIRECTION('',(0.,-1.,0.));
#1782=DIRECTION('',(0.,0.,-1.));
#1783=DIRECTION('center_axis',(-1.,0.,0.));
#1784=DIRECTION('ref_axis',(0.,1.,0.));
#1785=DIRECTION('',(0.,-1.,0.));
#1786=DIRECTION('',(0.,0.,-1.));
#1787=DIRECTION('',(0.,1.,0.));
#1788=DIRECTION('',(0.,0.,-1.));
#1789=DIRECTION('center_axis',(0.,0.,-1.));
#1790=DIRECTION('ref_axis',(1.,0.,0.));
#1791=DIRECTION('center_axis',(0.,0.,1.));
#1792=DIRECTION('ref_axis',(0.295876852536705,-0.955226092678049,0.));
#1793=DIRECTION('center_axis',(0.,0.,-1.));
#1794=DIRECTION('ref_axis',(0.275234281429494,-0.96137718421335,0.));
#1795=DIRECTION('center_axis',(0.,0.,1.));
#1796=DIRECTION('ref_axis',(1.,0.,0.));
#1797=DIRECTION('center_axis',(0.,0.,1.));
#1798=DIRECTION('ref_axis',(1.,0.,0.));
#1799=DIRECTION('center_axis',(0.,0.,-1.));
#1800=DIRECTION('ref_axis',(-0.651514619247838,-0.758636079359758,0.));
#1801=DIRECTION('',(-1.,0.,0.));
#1802=DIRECTION('center_axis',(0.,0.,-1.));
#1803=DIRECTION('ref_axis',(0.651514619247839,-0.758636079359757,0.));
#1804=DIRECTION('center_axis',(0.,0.,1.));
#1805=DIRECTION('ref_axis',(1.,0.,0.));
#1806=DIRECTION('center_axis',(0.,0.,-1.));
#1807=DIRECTION('ref_axis',(-1.,0.,0.));
#1808=DIRECTION('center_axis',(0.,0.,1.));
#1809=DIRECTION('ref_axis',(1.,0.,0.));
#1810=DIRECTION('center_axis',(0.,0.,-1.));
#1811=DIRECTION('ref_axis',(-1.,0.,0.));
#1812=DIRECTION('',(-1.,1.41873594761227E-15,0.));
#1813=DIRECTION('center_axis',(0.,0.,1.));
#1814=DIRECTION('ref_axis',(1.,0.,0.));
#1815=DIRECTION('center_axis',(0.,0.,-1.));
#1816=DIRECTION('ref_axis',(-0.758636079359758,0.651514619247838,0.));
#1817=DIRECTION('',(0.,1.,0.));
#1818=DIRECTION('center_axis',(0.,0.,-1.));
#1819=DIRECTION('ref_axis',(-0.758636079359757,-0.651514619247839,0.));
#1820=DIRECTION('center_axis',(0.,0.,1.));
#1821=DIRECTION('ref_axis',(1.,0.,0.));
#1822=DIRECTION('',(1.,-7.09367973806132E-16,0.));
#1823=DIRECTION('center_axis',(0.,0.,-1.));
#1824=DIRECTION('ref_axis',(-1.,0.,0.));
#1825=DIRECTION('center_axis',(0.,0.,1.));
#1826=DIRECTION('ref_axis',(1.,0.,0.));
#1827=DIRECTION('center_axis',(0.,0.,-1.));
#1828=DIRECTION('ref_axis',(-1.,0.,0.));
#1829=DIRECTION('',(-1.41873594761227E-15,1.,0.));
#1830=DIRECTION('center_axis',(0.,0.,1.));
#1831=DIRECTION('ref_axis',(1.,0.,0.));
#1832=DIRECTION('center_axis',(0.,0.,-1.));
#1833=DIRECTION('ref_axis',(0.651514619247838,0.758636079359758,0.));
#1834=DIRECTION('',(1.,0.,0.));
#1835=DIRECTION('center_axis',(0.,0.,-1.));
#1836=DIRECTION('ref_axis',(-0.651514619247839,0.758636079359757,0.));
#1837=DIRECTION('center_axis',(0.,0.,1.));
#1838=DIRECTION('ref_axis',(1.,0.,0.));
#1839=DIRECTION('',(0.,-1.,0.));
#1840=DIRECTION('center_axis',(0.,0.,-1.));
#1841=DIRECTION('ref_axis',(-1.,0.,0.));
#1842=DIRECTION('center_axis',(0.,0.,1.));
#1843=DIRECTION('ref_axis',(1.,0.,0.));
#1844=DIRECTION('center_axis',(0.,0.,-1.));
#1845=DIRECTION('ref_axis',(-1.,0.,0.));
#1846=DIRECTION('',(1.,-7.0936797380613E-16,0.));
#1847=DIRECTION('center_axis',(0.,0.,1.));
#1848=DIRECTION('ref_axis',(1.,0.,0.));
#1849=DIRECTION('center_axis',(0.,0.,-1.));
#1850=DIRECTION('ref_axis',(0.758636079359758,-0.651514619247838,0.));
#1851=DIRECTION('',(7.40148683083435E-16,-1.,0.));
#1852=DIRECTION('center_axis',(0.,0.,-1.));
#1853=DIRECTION('ref_axis',(-1.,-8.3266726846887E-16,0.));
#1854=DIRECTION('center_axis',(0.,0.,1.));
#1855=DIRECTION('ref_axis',(1.,0.,0.));
#1856=DIRECTION('',(-1.,-1.67410841818252E-13,0.));
#1857=DIRECTION('center_axis',(0.,0.,-1.));
#1858=DIRECTION('ref_axis',(-1.,0.,0.));
#1859=DIRECTION('center_axis',(0.,0.,1.));
#1860=DIRECTION('ref_axis',(1.,0.,0.));
#1861=DIRECTION('center_axis',(0.,0.,-1.));
#1862=DIRECTION('ref_axis',(-1.,0.,0.));
#1863=DIRECTION('center_axis',(0.,0.,1.));
#1864=DIRECTION('ref_axis',(-0.707106781186548,0.707106781186547,0.));
#1865=DIRECTION('',(-1.,0.,0.));
#1866=DIRECTION('center_axis',(0.,0.,-1.));
#1867=DIRECTION('ref_axis',(-1.,0.,0.));
#1868=DIRECTION('',(0.,1.,0.));
#1869=DIRECTION('center_axis',(0.,0.,1.));
#1870=DIRECTION('ref_axis',(0.707106781186548,-0.707106781186548,0.));
#1871=DIRECTION('',(1.,6.12086087526325E-16,0.));
#1872=DIRECTION('center_axis',(0.,0.,1.));
#1873=DIRECTION('ref_axis',(-0.707106781186547,-0.707106781186548,0.));
#1874=DIRECTION('',(0.,-1.,0.));
#1875=DIRECTION('center_axis',(0.,0.,-1.));
#1876=DIRECTION('ref_axis',(-1.,0.,0.));
#1877=DIRECTION('',(-1.,0.,0.));
#1878=DIRECTION('center_axis',(0.,0.,1.));
#1879=DIRECTION('ref_axis',(0.707106781186548,0.707106781186548,0.));
#1880=DIRECTION('',(-6.12086087526325E-16,1.,0.));
#1881=DIRECTION('center_axis',(0.,0.,1.));
#1882=DIRECTION('ref_axis',(0.707106781186548,-0.707106781186547,0.));
#1883=DIRECTION('',(1.,0.,0.));
#1884=DIRECTION('center_axis',(0.,0.,-1.));
#1885=DIRECTION('ref_axis',(-1.,0.,0.));
#1886=DIRECTION('',(-1.8503717077086E-16,-1.,0.));
#1887=DIRECTION('center_axis',(0.,0.,1.));
#1888=DIRECTION('ref_axis',(-0.707106781186548,0.707106781186548,0.));
#1889=DIRECTION('',(-1.,-6.12086087526325E-16,0.));
#1890=DIRECTION('center_axis',(0.,0.,1.));
#1891=DIRECTION('ref_axis',(0.707106781186547,0.707106781186548,0.));
#1892=DIRECTION('',(1.8503717077086E-16,1.,0.));
#1893=DIRECTION('center_axis',(0.,0.,-1.));
#1894=DIRECTION('ref_axis',(-1.,0.,0.));
#1895=DIRECTION('',(1.,0.,0.));
#1896=DIRECTION('center_axis',(0.,0.,1.));
#1897=DIRECTION('ref_axis',(-0.707106781186548,-0.707106781186548,0.));
#1898=DIRECTION('',(6.12086087526325E-16,-1.,0.));
#1899=DIRECTION('center_axis',(0.,0.,-1.));
#1900=DIRECTION('ref_axis',(-1.,0.,0.));
#1901=DIRECTION('center_axis',(0.,0.,-1.));
#1902=DIRECTION('ref_axis',(-1.,0.,0.));
#1903=DIRECTION('center_axis',(0.,0.,-1.));
#1904=DIRECTION('ref_axis',(-1.,0.,0.));
#1905=DIRECTION('center_axis',(0.,0.,-1.));
#1906=DIRECTION('ref_axis',(-1.,0.,0.));
#1907=DIRECTION('center_axis',(0.,0.,-1.));
#1908=DIRECTION('ref_axis',(-1.,0.,0.));
#1909=DIRECTION('center_axis',(0.,0.,-1.));
#1910=DIRECTION('ref_axis',(-1.,0.,0.));
#1911=DIRECTION('center_axis',(0.,0.,-1.));
#1912=DIRECTION('ref_axis',(-1.,0.,0.));
#1913=DIRECTION('center_axis',(0.,0.,-1.));
#1914=DIRECTION('ref_axis',(-1.,0.,0.));
#1915=DIRECTION('center_axis',(-1.67410841818252E-13,1.,0.));
#1916=DIRECTION('ref_axis',(1.,1.67410841818252E-13,0.));
#1917=DIRECTION('',(0.,0.,-1.));
#1918=DIRECTION('',(1.,1.67410841818252E-13,0.));
#1919=DIRECTION('',(0.,0.,-1.));
#1920=DIRECTION('center_axis',(-7.0936797380613E-16,-1.,0.));
#1921=DIRECTION('ref_axis',(-1.,7.0936797380613E-16,0.));
#1922=DIRECTION('',(0.,0.,-1.));
#1923=DIRECTION('',(-1.,7.0936797380613E-16,0.));
#1924=DIRECTION('',(0.,0.,-1.));
#1925=DIRECTION('center_axis',(0.,0.,-1.));
#1926=DIRECTION('ref_axis',(1.,0.,0.));
#1927=DIRECTION('center_axis',(0.,0.,-1.));
#1928=DIRECTION('ref_axis',(0.961377184213351,0.275234281429493,0.));
#1929=DIRECTION('center_axis',(0.,0.,1.));
#1930=DIRECTION('ref_axis',(0.955226092678053,0.295876852536693,0.));
#1931=DIRECTION('center_axis',(-7.09367973806132E-16,-1.,0.));
#1932=DIRECTION('ref_axis',(-1.,7.09367973806132E-16,0.));
#1933=DIRECTION('',(0.,0.,-1.));
#1934=DIRECTION('',(-1.,7.09367973806132E-16,0.));
#1935=DIRECTION('',(0.,0.,-1.));
#1936=DIRECTION('center_axis',(1.41873594761227E-15,1.,0.));
#1937=DIRECTION('ref_axis',(1.,-1.41873594761227E-15,0.));
#1938=DIRECTION('',(0.,0.,-1.));
#1939=DIRECTION('',(1.,-1.41873594761227E-15,0.));
#1940=DIRECTION('',(0.,0.,-1.));
#1941=DIRECTION('center_axis',(0.,0.,-1.));
#1942=DIRECTION('ref_axis',(1.,0.,0.));
#1943=DIRECTION('center_axis',(0.,0.,-1.));
#1944=DIRECTION('ref_axis',(-0.96137718421335,-0.275234281429494,0.));
#1945=DIRECTION('center_axis',(0.,0.,1.));
#1946=DIRECTION('ref_axis',(-0.955226092678049,-0.295876852536705,0.));
#1947=DIRECTION('center_axis',(-1.,0.,0.));
#1948=DIRECTION('ref_axis',(0.,1.,0.));
#1949=DIRECTION('',(0.,0.,-1.));
#1950=DIRECTION('',(0.,1.,0.));
#1951=DIRECTION('',(0.,0.,-1.));
#1952=DIRECTION('center_axis',(1.,1.41873594761227E-15,0.));
#1953=DIRECTION('ref_axis',(1.41873594761227E-15,-1.,0.));
#1954=DIRECTION('',(0.,0.,-1.));
#1955=DIRECTION('',(1.41873594761227E-15,-1.,0.));
#1956=DIRECTION('',(0.,0.,-1.));
#1957=DIRECTION('center_axis',(0.,0.,-1.));
#1958=DIRECTION('ref_axis',(1.,0.,0.));
#1959=DIRECTION('center_axis',(0.,0.,-1.));
#1960=DIRECTION('ref_axis',(-0.275234281429493,0.961377184213351,0.));
#1961=DIRECTION('center_axis',(0.,0.,1.));
#1962=DIRECTION('ref_axis',(-0.295876852536705,0.955226092678049,0.));
#1963=DIRECTION('center_axis',(0.,0.,1.));
#1964=DIRECTION('ref_axis',(-0.707106781186548,0.707106781186547,0.));
#1965=DIRECTION('center_axis',(0.,0.,-1.));
#1966=DIRECTION('ref_axis',(-0.707106781186548,0.707106781186547,0.));
#1967=DIRECTION('',(0.,0.,-1.));
#1968=DIRECTION('',(0.,0.,1.));
#1969=DIRECTION('center_axis',(-1.,-6.12086087526325E-16,0.));
#1970=DIRECTION('ref_axis',(6.12086087526325E-16,-1.,0.));
#1971=DIRECTION('',(0.,0.,-1.));
#1972=DIRECTION('',(6.12086087526325E-16,-1.,0.));
#1973=DIRECTION('center_axis',(0.,0.,1.));
#1974=DIRECTION('ref_axis',(-0.707106781186548,-0.707106781186548,0.));
#1975=DIRECTION('center_axis',(0.,0.,-1.));
#1976=DIRECTION('ref_axis',(-0.707106781186548,-0.707106781186548,0.));
#1977=DIRECTION('',(0.,0.,1.));
#1978=DIRECTION('center_axis',(0.,-1.,0.));
#1979=DIRECTION('ref_axis',(1.,0.,0.));
#1980=DIRECTION('',(0.,0.,1.));
#1981=DIRECTION('',(1.,0.,0.));
#1982=DIRECTION('center_axis',(0.,0.,1.));
#1983=DIRECTION('ref_axis',(-0.651514619247839,0.758636079359757,0.));
#1984=DIRECTION('',(0.,0.,1.));
#1985=DIRECTION('center_axis',(0.,0.,1.));
#1986=DIRECTION('ref_axis',(-0.651514619247839,0.758636079359757,0.));
#1987=DIRECTION('',(0.,0.,-1.));
#1988=DIRECTION('center_axis',(0.,-1.,0.));
#1989=DIRECTION('ref_axis',(1.,0.,0.));
#1990=DIRECTION('',(0.,0.,-1.));
#1991=DIRECTION('',(1.,0.,0.));
#1992=DIRECTION('center_axis',(0.,0.,1.));
#1993=DIRECTION('ref_axis',(0.651514619247838,0.758636079359758,0.));
#1994=DIRECTION('',(0.,0.,1.));
#1995=DIRECTION('center_axis',(0.,0.,1.));
#1996=DIRECTION('ref_axis',(0.651514619247838,0.758636079359758,0.));
#1997=DIRECTION('center_axis',(0.,0.,1.));
#1998=DIRECTION('ref_axis',(1.,0.,0.));
#1999=DIRECTION('',(0.,0.,1.));
#2000=DIRECTION('center_axis',(0.,0.,1.));
#2001=DIRECTION('ref_axis',(1.,0.,0.));
#2002=DIRECTION('center_axis',(0.,0.,1.));
#2003=DIRECTION('ref_axis',(0.707106781186547,0.707106781186548,0.));
#2004=DIRECTION('center_axis',(0.,0.,-1.));
#2005=DIRECTION('ref_axis',(0.707106781186547,0.707106781186548,0.));
#2006=DIRECTION('',(0.,0.,-1.));
#2007=DIRECTION('',(0.,0.,1.));
#2008=DIRECTION('center_axis',(-6.12086087526325E-16,1.,0.));
#2009=DIRECTION('ref_axis',(-1.,-6.12086087526325E-16,0.));
#2010=DIRECTION('',(0.,0.,-1.));
#2011=DIRECTION('',(-1.,-6.12086087526325E-16,0.));
#2012=DIRECTION('center_axis',(0.,0.,1.));
#2013=DIRECTION('ref_axis',(-0.707106781186548,0.707106781186548,0.));
#2014=DIRECTION('center_axis',(0.,0.,-1.));
#2015=DIRECTION('ref_axis',(-0.707106781186548,0.707106781186548,0.));
#2016=DIRECTION('',(0.,0.,1.));
#2017=DIRECTION('center_axis',(-1.,1.8503717077086E-16,0.));
#2018=DIRECTION('ref_axis',(-1.8503717077086E-16,-1.,0.));
#2019=DIRECTION('',(0.,0.,1.));
#2020=DIRECTION('',(-1.8503717077086E-16,-1.,0.));
#2021=DIRECTION('center_axis',(0.,0.,1.));
#2022=DIRECTION('ref_axis',(0.707106781186548,0.707106781186548,0.));
#2023=DIRECTION('center_axis',(0.,0.,-1.));
#2024=DIRECTION('ref_axis',(0.707106781186548,0.707106781186548,0.));
#2025=DIRECTION('',(0.,0.,-1.));
#2026=DIRECTION('',(0.,0.,1.));
#2027=DIRECTION('center_axis',(1.,6.12086087526325E-16,0.));
#2028=DIRECTION('ref_axis',(-6.12086087526325E-16,1.,0.));
#2029=DIRECTION('',(-6.12086087526325E-16,1.,0.));
#2030=DIRECTION('',(0.,0.,1.));
#2031=DIRECTION('center_axis',(0.,0.,1.));
#2032=DIRECTION('ref_axis',(0.707106781186548,-0.707106781186547,0.));
#2033=DIRECTION('center_axis',(0.,0.,-1.));
#2034=DIRECTION('ref_axis',(0.707106781186548,-0.707106781186547,0.));
#2035=DIRECTION('',(0.,0.,-1.));
#2036=DIRECTION('center_axis',(0.,0.,1.));
#2037=DIRECTION('ref_axis',(0.758636079359758,-0.651514619247838,0.));
#2038=DIRECTION('',(0.,0.,1.));
#2039=DIRECTION('center_axis',(0.,0.,1.));
#2040=DIRECTION('ref_axis',(0.758636079359758,-0.651514619247838,0.));
#2041=DIRECTION('',(0.,0.,-1.));
#2042=DIRECTION('center_axis',(0.,0.,1.));
#2043=DIRECTION('ref_axis',(1.,0.,0.));
#2044=DIRECTION('',(0.,0.,1.));
#2045=DIRECTION('center_axis',(0.,0.,1.));
#2046=DIRECTION('ref_axis',(1.,0.,0.));
#2047=DIRECTION('center_axis',(0.,0.,1.));
#2048=DIRECTION('ref_axis',(-1.,-8.3266726846887E-16,0.));
#2049=DIRECTION('center_axis',(0.,0.,1.));
#2050=DIRECTION('ref_axis',(-1.,-8.3266726846887E-16,0.));
#2051=DIRECTION('',(0.,0.,-1.));
#2052=DIRECTION('',(0.,0.,1.));
#2053=DIRECTION('center_axis',(-1.,-7.40148683083435E-16,0.));
#2054=DIRECTION('ref_axis',(7.40148683083435E-16,-1.,0.));
#2055=DIRECTION('',(7.40148683083435E-16,-1.,0.));
#2056=DIRECTION('center_axis',(0.,0.,1.));
#2057=DIRECTION('ref_axis',(-0.707106781186547,-0.707106781186548,0.));
#2058=DIRECTION('center_axis',(0.,0.,-1.));
#2059=DIRECTION('ref_axis',(-0.707106781186547,-0.707106781186548,0.));
#2060=DIRECTION('',(0.,0.,-1.));
#2061=DIRECTION('',(0.,0.,1.));
#2062=DIRECTION('center_axis',(6.12086087526325E-16,-1.,0.));
#2063=DIRECTION('ref_axis',(1.,6.12086087526325E-16,0.));
#2064=DIRECTION('',(0.,0.,-1.));
#2065=DIRECTION('',(1.,6.12086087526325E-16,0.));
#2066=DIRECTION('center_axis',(0.,0.,1.));
#2067=DIRECTION('ref_axis',(0.707106781186548,-0.707106781186548,0.));
#2068=DIRECTION('center_axis',(0.,0.,-1.));
#2069=DIRECTION('ref_axis',(0.707106781186548,-0.707106781186548,0.));
#2070=DIRECTION('',(0.,0.,1.));
#2071=DIRECTION('center_axis',(0.,0.,1.));
#2072=DIRECTION('ref_axis',(-0.651514619247838,-0.758636079359758,0.));
#2073=DIRECTION('',(0.,0.,1.));
#2074=DIRECTION('center_axis',(0.,0.,1.));
#2075=DIRECTION('ref_axis',(-0.651514619247838,-0.758636079359758,0.));
#2076=DIRECTION('',(0.,0.,-1.));
#2077=DIRECTION('center_axis',(0.,0.,1.));
#2078=DIRECTION('ref_axis',(1.,0.,0.));
#2079=DIRECTION('',(0.,0.,1.));
#2080=DIRECTION('center_axis',(0.,0.,1.));
#2081=DIRECTION('ref_axis',(1.,0.,0.));
#2082=DIRECTION('center_axis',(0.,0.,1.));
#2083=DIRECTION('ref_axis',(0.651514619247839,-0.758636079359757,0.));
#2084=DIRECTION('',(0.,0.,1.));
#2085=DIRECTION('center_axis',(0.,0.,1.));
#2086=DIRECTION('ref_axis',(0.651514619247839,-0.758636079359757,0.));
#2087=DIRECTION('',(0.,0.,-1.));
#2088=DIRECTION('center_axis',(0.,1.,0.));
#2089=DIRECTION('ref_axis',(-1.,0.,0.));
#2090=DIRECTION('',(-1.,0.,0.));
#2091=DIRECTION('center_axis',(0.,0.,1.));
#2092=DIRECTION('ref_axis',(-0.758636079359758,0.651514619247838,0.));
#2093=DIRECTION('',(0.,0.,1.));
#2094=DIRECTION('center_axis',(0.,0.,1.));
#2095=DIRECTION('ref_axis',(-0.758636079359758,0.651514619247838,0.));
#2096=DIRECTION('',(0.,0.,-1.));
#2097=DIRECTION('center_axis',(0.,0.,1.));
#2098=DIRECTION('ref_axis',(1.,0.,0.));
#2099=DIRECTION('',(0.,0.,1.));
#2100=DIRECTION('center_axis',(0.,0.,1.));
#2101=DIRECTION('ref_axis',(1.,0.,0.));
#2102=DIRECTION('center_axis',(0.,0.,1.));
#2103=DIRECTION('ref_axis',(-0.758636079359757,-0.651514619247839,0.));
#2104=DIRECTION('',(0.,0.,1.));
#2105=DIRECTION('center_axis',(0.,0.,1.));
#2106=DIRECTION('ref_axis',(-0.758636079359757,-0.651514619247839,0.));
#2107=DIRECTION('',(0.,0.,-1.));
#2108=DIRECTION('center_axis',(1.,0.,0.));
#2109=DIRECTION('ref_axis',(0.,1.,0.));
#2110=DIRECTION('',(0.,1.,0.));
#2111=DIRECTION('center_axis',(0.,0.,1.));
#2112=DIRECTION('ref_axis',(-1.,-3.21624529935327E-16,0.));
#2113=DIRECTION('',(0.,0.,1.));
#2114=DIRECTION('center_axis',(0.,0.,1.));
#2115=DIRECTION('ref_axis',(1.,0.,0.));
#2116=DIRECTION('center_axis',(0.,0.,1.));
#2117=DIRECTION('ref_axis',(1.,0.,0.));
#2118=DIRECTION('center_axis',(0.,0.,1.));
#2119=DIRECTION('ref_axis',(1.,0.,0.));
#2120=DIRECTION('center_axis',(0.,0.,1.));
#2121=DIRECTION('ref_axis',(1.,0.,0.));
#2122=DIRECTION('',(0.,0.,1.));
#2123=DIRECTION('center_axis',(0.,0.,1.));
#2124=DIRECTION('ref_axis',(1.,0.,0.));
#2125=DIRECTION('center_axis',(0.,0.,1.));
#2126=DIRECTION('ref_axis',(1.,0.,0.));
#2127=DIRECTION('center_axis',(0.,0.,1.));
#2128=DIRECTION('ref_axis',(1.,0.,0.));
#2129=DIRECTION('center_axis',(0.,0.,1.));
#2130=DIRECTION('ref_axis',(1.,0.,0.));
#2131=DIRECTION('',(0.,0.,1.));
#2132=DIRECTION('center_axis',(0.,0.,1.));
#2133=DIRECTION('ref_axis',(1.,0.,0.));
#2134=DIRECTION('center_axis',(0.,0.,1.));
#2135=DIRECTION('ref_axis',(1.,0.,0.));
#2136=DIRECTION('center_axis',(0.,0.,1.));
#2137=DIRECTION('ref_axis',(1.,0.,0.));
#2138=DIRECTION('center_axis',(0.,0.,1.));
#2139=DIRECTION('ref_axis',(1.,0.,0.));
#2140=DIRECTION('',(0.,0.,1.));
#2141=DIRECTION('center_axis',(0.,0.,1.));
#2142=DIRECTION('ref_axis',(1.,0.,0.));
#2143=DIRECTION('center_axis',(0.,0.,1.));
#2144=DIRECTION('ref_axis',(1.,0.,0.));
#2145=DIRECTION('center_axis',(0.,0.,1.));
#2146=DIRECTION('ref_axis',(1.,0.,0.));
#2147=DIRECTION('center_axis',(0.,0.,1.));
#2148=DIRECTION('ref_axis',(-1.,0.,0.));
#2149=DIRECTION('',(0.,0.,1.));
#2150=DIRECTION('center_axis',(0.,0.,-1.));
#2151=DIRECTION('ref_axis',(-1.,0.,0.));
#2152=DIRECTION('center_axis',(0.,0.,1.));
#2153=DIRECTION('ref_axis',(-1.,0.,0.));
#2154=DIRECTION('',(0.,0.,1.));
#2155=DIRECTION('center_axis',(0.,0.,-1.));
#2156=DIRECTION('ref_axis',(-1.,0.,0.));
#2157=DIRECTION('center_axis',(0.,0.,1.));
#2158=DIRECTION('ref_axis',(-1.,0.,0.));
#2159=DIRECTION('',(0.,0.,1.));
#2160=DIRECTION('center_axis',(0.,0.,-1.));
#2161=DIRECTION('ref_axis',(-1.,0.,0.));
#2162=DIRECTION('center_axis',(0.,0.,1.));
#2163=DIRECTION('ref_axis',(-1.,0.,0.));
#2164=DIRECTION('',(0.,0.,1.));
#2165=DIRECTION('center_axis',(0.,0.,-1.));
#2166=DIRECTION('ref_axis',(-1.,0.,0.));
#2167=DIRECTION('center_axis',(0.,0.,1.));
#2168=DIRECTION('ref_axis',(-1.,0.,0.));
#2169=DIRECTION('',(0.,0.,1.));
#2170=DIRECTION('center_axis',(0.,0.,-1.));
#2171=DIRECTION('ref_axis',(-1.,0.,0.));
#2172=DIRECTION('center_axis',(0.,0.,1.));
#2173=DIRECTION('ref_axis',(-1.,0.,0.));
#2174=DIRECTION('',(0.,0.,1.));
#2175=DIRECTION('center_axis',(0.,0.,-1.));
#2176=DIRECTION('ref_axis',(-1.,0.,0.));
#2177=DIRECTION('center_axis',(0.,0.,1.));
#2178=DIRECTION('ref_axis',(-1.,0.,0.));
#2179=DIRECTION('',(0.,0.,1.));
#2180=DIRECTION('center_axis',(0.,0.,-1.));
#2181=DIRECTION('ref_axis',(-1.,0.,0.));
#2182=DIRECTION('center_axis',(0.,0.,1.));
#2183=DIRECTION('ref_axis',(-1.,0.,0.));
#2184=DIRECTION('',(0.,0.,1.));
#2185=DIRECTION('center_axis',(0.,0.,-1.));
#2186=DIRECTION('ref_axis',(-1.,0.,0.));
#2187=DIRECTION('center_axis',(0.,1.,0.));
#2188=DIRECTION('ref_axis',(-1.,0.,0.));
#2189=DIRECTION('',(-1.,0.,0.));
#2190=DIRECTION('',(0.,0.,1.));
#2191=DIRECTION('center_axis',(0.,0.,1.));
#2192=DIRECTION('ref_axis',(0.707106781186548,0.707106781186547,0.));
#2193=DIRECTION('center_axis',(0.,0.,-1.));
#2194=DIRECTION('ref_axis',(-1.,0.,0.));
#2195=DIRECTION('',(0.,0.,1.));
#2196=DIRECTION('center_axis',(1.,0.,0.));
#2197=DIRECTION('ref_axis',(0.,1.,0.));
#2198=DIRECTION('',(0.,1.,0.));
#2199=DIRECTION('center_axis',(-1.,0.,0.));
#2200=DIRECTION('ref_axis',(0.,-1.,0.));
#2201=DIRECTION('',(0.,-1.,0.));
#2202=DIRECTION('',(0.,0.,1.));
#2203=DIRECTION('center_axis',(0.,0.,1.));
#2204=DIRECTION('ref_axis',(-1.,0.,0.));
#2205=DIRECTION('center_axis',(0.,0.,-1.));
#2206=DIRECTION('ref_axis',(-1.,0.,0.));
#2207=DIRECTION('',(0.,0.,1.));
#2208=DIRECTION('center_axis',(0.,1.,0.));
#2209=DIRECTION('ref_axis',(-1.,0.,0.));
#2210=DIRECTION('',(-1.,0.,0.));
#2211=DIRECTION('center_axis',(0.,-1.,0.));
#2212=DIRECTION('ref_axis',(1.,0.,0.));
#2213=DIRECTION('',(1.,0.,0.));
#2214=DIRECTION('',(0.,0.,1.));
#2215=DIRECTION('center_axis',(0.,0.,1.));
#2216=DIRECTION('ref_axis',(-1.,0.,0.));
#2217=DIRECTION('center_axis',(0.,0.,-1.));
#2218=DIRECTION('ref_axis',(-1.,0.,0.));
#2219=DIRECTION('center_axis',(1.,-1.8503717077086E-16,0.));
#2220=DIRECTION('ref_axis',(1.8503717077086E-16,1.,0.));
#2221=DIRECTION('',(1.8503717077086E-16,1.,0.));
#2222=DIRECTION('',(0.,0.,1.));
#2223=DIRECTION('center_axis',(0.,0.,1.));
#2224=DIRECTION('ref_axis',(0.707106781186547,-0.707106781186548,0.));
#2225=DIRECTION('center_axis',(0.,0.,-1.));
#2226=DIRECTION('ref_axis',(-1.,0.,0.));
#2227=DIRECTION('center_axis',(0.,0.,1.));
#2228=DIRECTION('ref_axis',(1.,0.,0.));
#2229=DIRECTION('',(0.,0.,1.));
#2230=DIRECTION('center_axis',(0.,0.,1.));
#2231=DIRECTION('ref_axis',(1.,0.,0.));
#2232=DIRECTION('',(0.,0.,1.));
#2233=DIRECTION('center_axis',(0.,0.,1.));
#2234=DIRECTION('ref_axis',(-1.,0.,0.));
#2235=DIRECTION('center_axis',(0.,0.,-1.));
#2236=DIRECTION('ref_axis',(-1.,0.,0.));
#2237=DIRECTION('',(0.,0.,1.));
#2238=DIRECTION('center_axis',(0.,0.,1.));
#2239=DIRECTION('ref_axis',(-0.707106781186547,-0.707106781186548,0.));
#2240=DIRECTION('center_axis',(0.,0.,1.));
#2241=DIRECTION('ref_axis',(1.,0.,0.));
#2242=DIRECTION('',(0.,0.,1.));
#2243=DIRECTION('center_axis',(0.,0.,1.));
#2244=DIRECTION('ref_axis',(1.,-1.22464679914735E-16,0.));
#2245=DIRECTION('center_axis',(0.,0.,-1.));
#2246=DIRECTION('ref_axis',(-1.,0.,0.));
#2247=DIRECTION('',(0.,0.,1.));
#2248=DIRECTION('center_axis',(0.,0.,1.));
#2249=DIRECTION('ref_axis',(-0.707106781186547,0.707106781186548,0.));
#2250=DIRECTION('center_axis',(0.,0.,1.));
#2251=DIRECTION('ref_axis',(1.,0.,0.));
#2252=DIRECTION('',(0.,0.,1.));
#2253=DIRECTION('center_axis',(0.,0.,1.));
#2254=DIRECTION('ref_axis',(-1.,0.,0.));
#2255=DIRECTION('center_axis',(0.,0.,-1.));
#2256=DIRECTION('ref_axis',(-1.,0.,0.));
#2257=DIRECTION('',(0.,0.,1.));
#2258=DIRECTION('center_axis',(0.,0.,1.));
#2259=DIRECTION('ref_axis',(1.,0.,0.));
#2260=DIRECTION('center_axis',(0.,0.,1.));
#2261=DIRECTION('ref_axis',(1.,0.,0.));
#2262=DIRECTION('',(0.,0.,1.));
#2263=DIRECTION('center_axis',(0.,0.,1.));
#2264=DIRECTION('ref_axis',(-1.,0.,0.));
#2265=DIRECTION('center_axis',(0.,0.,-1.));
#2266=DIRECTION('ref_axis',(-1.,0.,0.));
#2267=DIRECTION('center_axis',(0.,0.,1.));
#2268=DIRECTION('ref_axis',(1.,0.,0.));
#2269=CARTESIAN_POINT('',(0.,0.,0.));
#2270=CARTESIAN_POINT('Origin',(11.8350741014682,58.8326795873024,0.));
#2271=CARTESIAN_POINT('',(11.8350741014682,55.7025043732503,0.));
#2272=CARTESIAN_POINT('',(11.8350741014682,58.8326795873024,0.));
#2273=CARTESIAN_POINT('',(11.8350741014682,29.4163397936512,0.));
#2274=CARTESIAN_POINT('',(11.8350741014682,55.7025043732503,-10.));
#2275=CARTESIAN_POINT('',(11.8350741014682,55.7025043732503,0.));
#2276=CARTESIAN_POINT('',(11.8350741014682,58.8326795873024,-10.));
#2277=CARTESIAN_POINT('',(11.8350741014682,55.7025043732503,-10.));
#2278=CARTESIAN_POINT('',(11.8350741014682,58.8326795873024,0.));
#2279=CARTESIAN_POINT('Origin',(-11.8350741014682,55.7025043732503,0.));
#2280=CARTESIAN_POINT('',(-11.8350741014682,58.8326795873024,0.));
#2281=CARTESIAN_POINT('',(-11.8350741014682,55.7025043732502,0.));
#2282=CARTESIAN_POINT('',(-11.8350741014682,27.8512521866252,0.));
#2283=CARTESIAN_POINT('',(-11.8350741014682,58.8326795873024,-10.));
#2284=CARTESIAN_POINT('',(-11.8350741014682,58.8326795873024,0.));
#2285=CARTESIAN_POINT('',(-11.8350741014682,55.7025043732503,-10.));
#2286=CARTESIAN_POINT('',(-11.8350741014682,55.7025043732503,-10.));
#2287=CARTESIAN_POINT('',(-11.8350741014682,55.7025043732503,0.));
#2288=CARTESIAN_POINT('Origin',(-2.22044604925031E-15,56.4372014408634,
-10.));
#2289=CARTESIAN_POINT('Origin',(-2.45308037936376E-14,97.0417232944244,
-10.));
#2290=CARTESIAN_POINT('Origin',(-4.66293670342566E-14,97.0417232944243,
-10.));
#2291=CARTESIAN_POINT('Origin',(-4.44089209850063E-15,4.44089209850063E-15,
0.));
#2292=CARTESIAN_POINT('',(-4.61221178376083,40.0532242557021,0.));
#2293=CARTESIAN_POINT('Origin',(-35.3553390593275,35.3553390593275,0.));
#2294=CARTESIAN_POINT('',(-2.63516179819385,38.3553390593274,0.));
#2295=CARTESIAN_POINT('Origin',(-2.63516179819385,40.3553390593274,0.));
#2296=CARTESIAN_POINT('',(2.63516179819382,38.3553390593274,0.));
#2297=CARTESIAN_POINT('',(7.25533905932737,38.3553390593274,0.));
#2298=CARTESIAN_POINT('',(4.61221178376081,40.0532242557021,0.));
#2299=CARTESIAN_POINT('Origin',(2.63516179819382,40.3553390593274,0.));
#2300=CARTESIAN_POINT('Origin',(35.3553390593275,35.3553390593275,0.));
#2301=CARTESIAN_POINT('',(19.8904861093262,62.337709660052,0.));
#2302=CARTESIAN_POINT('Origin',(-2.45308037936376E-14,97.0417232944244,
0.));
#2303=CARTESIAN_POINT('',(62.337709660052,19.8904861093263,0.));
#2304=CARTESIAN_POINT('Origin',(35.3553390593275,35.3553390593275,0.));
#2305=CARTESIAN_POINT('',(58.8326795873024,11.8350741014682,0.));
#2306=CARTESIAN_POINT('Origin',(97.0417232944244,3.04728955844506E-14,0.));
#2307=CARTESIAN_POINT('',(55.7025043732502,11.8350741014682,0.));
#2308=CARTESIAN_POINT('',(27.8512521866252,11.8350741014682,0.));
#2309=CARTESIAN_POINT('',(40.0532242557021,4.61221178376083,0.));
#2310=CARTESIAN_POINT('Origin',(35.3553390593275,35.3553390593275,0.));
#2311=CARTESIAN_POINT('',(38.3553390593274,2.63516179819385,0.));
#2312=CARTESIAN_POINT('Origin',(40.3553390593274,2.63516179819385,0.));
#2313=CARTESIAN_POINT('',(38.3553390593274,-2.63516179819383,0.));
#2314=CARTESIAN_POINT('',(38.3553390593274,-7.25533905932737,0.));
#2315=CARTESIAN_POINT('',(40.0532242557021,-4.61221178376081,0.));
#2316=CARTESIAN_POINT('Origin',(40.3553390593274,-2.63516179819383,0.));
#2317=CARTESIAN_POINT('',(55.7025043732503,-11.8350741014682,0.));
#2318=CARTESIAN_POINT('Origin',(35.3553390593275,-35.3553390593275,0.));
#2319=CARTESIAN_POINT('',(58.8326795873024,-11.8350741014682,0.));
#2320=CARTESIAN_POINT('',(29.4163397936512,-11.8350741014682,0.));
#2321=CARTESIAN_POINT('',(62.3377096600521,-19.8904861093262,0.));
#2322=CARTESIAN_POINT('Origin',(97.0417232944244,3.04728955844506E-14,0.));
#2323=CARTESIAN_POINT('',(19.8904861093263,-62.337709660052,0.));
#2324=CARTESIAN_POINT('Origin',(35.3553390593275,-35.3553390593275,0.));
#2325=CARTESIAN_POINT('',(11.8350741014682,-58.8326795873024,0.));
#2326=CARTESIAN_POINT('Origin',(1.26466202120116E-14,-97.0417232944244,
0.));
#2327=CARTESIAN_POINT('',(11.8350741014682,-55.7025043732503,0.));
#2328=CARTESIAN_POINT('',(11.8350741014681,-27.8512521866252,0.));
#2329=CARTESIAN_POINT('',(4.61221178376083,-40.0532242557021,0.));
#2330=CARTESIAN_POINT('Origin',(35.3553390593275,-35.3553390593275,0.));
#2331=CARTESIAN_POINT('',(2.63516179819384,-38.3553390593274,0.));
#2332=CARTESIAN_POINT('Origin',(2.63516179819384,-40.3553390593274,0.));
#2333=CARTESIAN_POINT('',(-2.63516179819383,-38.3553390593274,0.));
#2334=CARTESIAN_POINT('',(-7.25533905932738,-38.3553390593274,0.));
#2335=CARTESIAN_POINT('',(-4.61221178376081,-40.0532242557021,0.));
#2336=CARTESIAN_POINT('Origin',(-2.63516179819383,-40.3553390593274,0.));
#2337=CARTESIAN_POINT('',(-11.8350741014682,-55.7025043732503,0.));
#2338=CARTESIAN_POINT('Origin',(-35.3553390593275,-35.3553390593275,0.));
#2339=CARTESIAN_POINT('',(-11.8350741014682,-58.8326795873024,0.));
#2340=CARTESIAN_POINT('',(-11.8350741014682,-29.4163397936512,0.));
#2341=CARTESIAN_POINT('',(-19.8904861093263,-62.337709660052,0.));
#2342=CARTESIAN_POINT('Origin',(1.26466202120116E-14,-97.0417232944244,
0.));
#2343=CARTESIAN_POINT('',(-62.337709660052,-19.8904861093263,0.));
#2344=CARTESIAN_POINT('Origin',(-35.3553390593275,-35.3553390593275,0.));
#2345=CARTESIAN_POINT('',(-58.8326795873024,-11.8350741014682,0.));
#2346=CARTESIAN_POINT('Origin',(-97.0417232944244,-1.85887120028246E-14,
0.));
#2347=CARTESIAN_POINT('',(-55.7025043732503,-11.8350741014682,0.));
#2348=CARTESIAN_POINT('',(-27.8512521866252,-11.8350741014682,0.));
#2349=CARTESIAN_POINT('',(-40.0532242557021,-4.61221178376083,0.));
#2350=CARTESIAN_POINT('Origin',(-35.3553390593275,-35.3553390593275,0.));
#2351=CARTESIAN_POINT('',(-38.3553390593274,-2.63516179819384,0.));
#2352=CARTESIAN_POINT('Origin',(-40.3553390593274,-2.63516179819384,0.));
#2353=CARTESIAN_POINT('',(-38.3553390593274,2.63516179819383,0.));
#2354=CARTESIAN_POINT('',(-38.3553390593274,3.00000000000001,0.));
#2355=CARTESIAN_POINT('',(-40.0532242557021,4.61221178376081,0.));
#2356=CARTESIAN_POINT('Origin',(-40.3553390593274,2.63516179819383,0.));
#2357=CARTESIAN_POINT('',(-55.7025043732503,11.8350741014682,0.));
#2358=CARTESIAN_POINT('Origin',(-35.3553390593275,35.3553390593275,0.));
#2359=CARTESIAN_POINT('',(-58.8326795873023,11.8350741014677,0.));
#2360=CARTESIAN_POINT('',(-29.4163397936521,11.8350741014726,0.));
#2361=CARTESIAN_POINT('',(-62.337709660052,19.8904861093262,0.));
#2362=CARTESIAN_POINT('Origin',(-97.0417232944244,-1.85887120028246E-14,
0.));
#2363=CARTESIAN_POINT('',(-19.8904861093263,62.337709660052,0.));
#2364=CARTESIAN_POINT('Origin',(-35.3553390593275,35.3553390593275,0.));
#2365=CARTESIAN_POINT('Origin',(-2.45308037936376E-14,97.0417232944244,
0.));
#2366=CARTESIAN_POINT('',(34.3553390593275,7.25533905932739,0.));
#2367=CARTESIAN_POINT('',(32.3553390593275,5.25533905932739,0.));
#2368=CARTESIAN_POINT('Origin',(34.3553390593275,5.25533905932739,0.));
#2369=CARTESIAN_POINT('',(35.3553390593275,7.25533905932739,0.));
#2370=CARTESIAN_POINT('',(38.3553390593274,7.25533905932739,0.));
#2371=CARTESIAN_POINT('',(7.25533905932737,35.3553390593275,0.));
#2372=CARTESIAN_POINT('Origin',(35.3553390593275,35.3553390593275,0.));
#2373=CARTESIAN_POINT('',(7.25533905932737,34.3553390593275,0.));
#2374=CARTESIAN_POINT('',(7.25533905932737,32.3553390593275,0.));
#2375=CARTESIAN_POINT('',(5.25533905932738,32.3553390593275,0.));
#2376=CARTESIAN_POINT('Origin',(5.25533905932738,34.3553390593275,0.));
#2377=CARTESIAN_POINT('',(-5.25533905932739,32.3553390593275,0.));
#2378=CARTESIAN_POINT('',(-7.25533905932739,32.3553390593275,0.));
#2379=CARTESIAN_POINT('',(-7.25533905932739,34.3553390593275,0.));
#2380=CARTESIAN_POINT('Origin',(-5.25533905932739,34.3553390593275,0.));
#2381=CARTESIAN_POINT('',(-7.25533905932739,35.3553390593275,0.));
#2382=CARTESIAN_POINT('',(-7.25533905932739,38.3553390593274,0.));
#2383=CARTESIAN_POINT('',(-35.3553390593275,7.25533905932737,0.));
#2384=CARTESIAN_POINT('Origin',(-35.3553390593275,35.3553390593275,0.));
#2385=CARTESIAN_POINT('',(-34.3553390593275,7.25533905932738,0.));
#2386=CARTESIAN_POINT('',(-32.3553390593275,7.25533905932738,0.));
#2387=CARTESIAN_POINT('',(-32.3553390593275,5.25533905932738,0.));
#2388=CARTESIAN_POINT('Origin',(-34.3553390593275,5.25533905932738,0.));
#2389=CARTESIAN_POINT('',(-32.3553390593275,-5.25533905932739,0.));
#2390=CARTESIAN_POINT('',(-32.3553390593275,-7.25533905932739,0.));
#2391=CARTESIAN_POINT('',(-34.3553390593275,-7.25533905932739,0.));
#2392=CARTESIAN_POINT('Origin',(-34.3553390593275,-5.25533905932739,0.));
#2393=CARTESIAN_POINT('',(-35.3553390593275,-7.25533905932739,0.));
#2394=CARTESIAN_POINT('',(-38.3553390593274,-7.25533905932739,0.));
#2395=CARTESIAN_POINT('',(-7.25533905932737,-35.3553390593275,0.));
#2396=CARTESIAN_POINT('Origin',(-35.3553390593275,-35.3553390593275,0.));
#2397=CARTESIAN_POINT('',(-7.25533905932738,-34.3553390593275,0.));
#2398=CARTESIAN_POINT('',(-7.25533905932738,-32.3553390593275,0.));
#2399=CARTESIAN_POINT('',(-5.25533905932738,-32.3553390593275,0.));
#2400=CARTESIAN_POINT('Origin',(-5.25533905932738,-34.3553390593275,0.));
#2401=CARTESIAN_POINT('',(5.25533905932738,-32.3553390593275,0.));
#2402=CARTESIAN_POINT('',(7.25533905932739,-32.3553390593275,0.));
#2403=CARTESIAN_POINT('',(7.25533905932739,-34.3553390593275,0.));
#2404=CARTESIAN_POINT('Origin',(5.25533905932739,-34.3553390593275,0.));
#2405=CARTESIAN_POINT('',(7.25533905932739,-35.3553390593275,0.));
#2406=CARTESIAN_POINT('',(7.25533905932739,-38.3553390593274,0.));
#2407=CARTESIAN_POINT('',(35.3553390593275,-7.25533905932737,0.));
#2408=CARTESIAN_POINT('Origin',(35.3553390593275,-35.3553390593275,0.));
#2409=CARTESIAN_POINT('',(34.3553390593275,-7.25533905932737,0.));
#2410=CARTESIAN_POINT('',(32.3553390593275,-7.25533905932737,0.));
#2411=CARTESIAN_POINT('',(32.3553390593275,-5.25533905932737,0.));
#2412=CARTESIAN_POINT('Origin',(34.3553390593275,-5.25533905932737,0.));
#2413=CARTESIAN_POINT('',(32.3553390593275,7.25533905932739,0.));
#2414=CARTESIAN_POINT('',(36.4053390593274,3.00000000000001,0.));
#2415=CARTESIAN_POINT('Origin',(35.3553390593274,3.00000000000001,0.));
#2416=CARTESIAN_POINT('',(36.4053390593274,-3.00000000000001,0.));
#2417=CARTESIAN_POINT('Origin',(35.3553390593274,-3.00000000000001,0.));
#2418=CARTESIAN_POINT('',(-1.95000000000004,-35.3553390593275,0.));
#2419=CARTESIAN_POINT('Origin',(-3.00000000000004,-35.3553390593275,0.));
#2420=CARTESIAN_POINT('',(4.04999999999998,-35.3553390593275,0.));
#2421=CARTESIAN_POINT('Origin',(2.99999999999998,-35.3553390593275,0.));
#2422=CARTESIAN_POINT('',(-34.3053390593274,-3.,0.));
#2423=CARTESIAN_POINT('Origin',(-35.3553390593274,-3.,0.));
#2424=CARTESIAN_POINT('',(-34.3053390593274,3.00000000000002,0.));
#2425=CARTESIAN_POINT('Origin',(-35.3553390593274,3.00000000000002,0.));
#2426=CARTESIAN_POINT('',(-1.94999999999998,35.3553390593275,0.));
#2427=CARTESIAN_POINT('Origin',(-2.99999999999998,35.3553390593275,0.));
#2428=CARTESIAN_POINT('',(4.05000000000004,35.3553390593275,0.));
#2429=CARTESIAN_POINT('Origin',(3.00000000000003,35.3553390593275,0.));
#2430=CARTESIAN_POINT('Origin',(-58.8326795873023,11.8350741014677,0.));
#2431=CARTESIAN_POINT('',(-55.7025043732503,11.8350741014682,-10.));
#2432=CARTESIAN_POINT('',(-55.7025043732503,11.8350741014682,0.));
#2433=CARTESIAN_POINT('',(-58.8326795873023,11.8350741014677,-10.));
#2434=CARTESIAN_POINT('',(-55.7025043732503,11.8350741014682,-10.));
#2435=CARTESIAN_POINT('',(-58.8326795873023,11.8350741014677,0.));
#2436=CARTESIAN_POINT('Origin',(-55.7025043732503,-11.8350741014682,0.));
#2437=CARTESIAN_POINT('',(-58.8326795873024,-11.8350741014682,-10.));
#2438=CARTESIAN_POINT('',(-58.8326795873024,-11.8350741014682,0.));
#2439=CARTESIAN_POINT('',(-55.7025043732503,-11.8350741014682,-10.));
#2440=CARTESIAN_POINT('',(-55.7025043732503,-11.8350741014682,-10.));
#2441=CARTESIAN_POINT('',(-55.7025043732503,-11.8350741014682,0.));
#2442=CARTESIAN_POINT('Origin',(-56.4372014408634,1.11022302462516E-14,
-10.));
#2443=CARTESIAN_POINT('Origin',(-97.0417232944244,-1.85887120028246E-14,
-10.));
#2444=CARTESIAN_POINT('Origin',(-97.0417232944244,-1.85887120028246E-14,
-10.));
#2445=CARTESIAN_POINT('Origin',(58.8326795873024,-11.8350741014682,0.));
#2446=CARTESIAN_POINT('',(55.7025043732503,-11.8350741014682,-10.));
#2447=CARTESIAN_POINT('',(55.7025043732503,-11.8350741014682,0.));
#2448=CARTESIAN_POINT('',(58.8326795873024,-11.8350741014682,-10.));
#2449=CARTESIAN_POINT('',(55.7025043732503,-11.8350741014682,-10.));
#2450=CARTESIAN_POINT('',(58.8326795873024,-11.8350741014682,0.));
#2451=CARTESIAN_POINT('Origin',(55.7025043732503,11.8350741014682,0.));
#2452=CARTESIAN_POINT('',(58.8326795873024,11.8350741014682,-10.));
#2453=CARTESIAN_POINT('',(58.8326795873024,11.8350741014682,0.));
#2454=CARTESIAN_POINT('',(55.7025043732503,11.8350741014682,-10.));
#2455=CARTESIAN_POINT('',(55.7025043732503,11.8350741014682,-10.));
#2456=CARTESIAN_POINT('',(55.7025043732503,11.8350741014682,0.));
#2457=CARTESIAN_POINT('Origin',(56.4372014408634,4.44089209850063E-15,-10.));
#2458=CARTESIAN_POINT('Origin',(97.0417232944244,5.10702591327572E-14,-10.));
#2459=CARTESIAN_POINT('Origin',(97.0417232944244,3.04728955844506E-14,-10.));
#2460=CARTESIAN_POINT('Origin',(-11.8350741014682,-58.8326795873024,0.));
#2461=CARTESIAN_POINT('',(-11.8350741014682,-55.7025043732503,-10.));
#2462=CARTESIAN_POINT('',(-11.8350741014682,-55.7025043732503,0.));
#2463=CARTESIAN_POINT('',(-11.8350741014682,-58.8326795873024,-10.));
#2464=CARTESIAN_POINT('',(-11.8350741014682,-55.7025043732503,-10.));
#2465=CARTESIAN_POINT('',(-11.8350741014682,-58.8326795873024,0.));
#2466=CARTESIAN_POINT('Origin',(11.8350741014682,-55.7025043732503,0.));
#2467=CARTESIAN_POINT('',(11.8350741014682,-58.8326795873024,-10.));
#2468=CARTESIAN_POINT('',(11.8350741014682,-58.8326795873024,0.));
#2469=CARTESIAN_POINT('',(11.8350741014682,-55.7025043732503,-10.));
#2470=CARTESIAN_POINT('',(11.8350741014682,-55.7025043732503,-10.));
#2471=CARTESIAN_POINT('',(11.8350741014682,-55.7025043732503,0.));
#2472=CARTESIAN_POINT('Origin',(2.22044604925031E-15,-56.4372014408634,
-10.));
#2473=CARTESIAN_POINT('Origin',(1.4432899320127E-14,-97.0417232944245,-10.));
#2474=CARTESIAN_POINT('Origin',(1.26466202120116E-14,-97.0417232944244,
-10.));
#2475=CARTESIAN_POINT('Origin',(34.3553390593275,5.25533905932739,0.));
#2476=CARTESIAN_POINT('',(32.3553390593275,5.25533905932739,3.));
#2477=CARTESIAN_POINT('',(34.3553390593275,7.25533905932739,3.));
#2478=CARTESIAN_POINT('Origin',(34.3553390593275,5.25533905932739,3.));
#2479=CARTESIAN_POINT('',(34.3553390593275,7.25533905932739,0.));
#2480=CARTESIAN_POINT('',(32.3553390593275,5.25533905932739,0.));
#2481=CARTESIAN_POINT('Origin',(32.3553390593275,7.25533905932739,0.));
#2482=CARTESIAN_POINT('',(32.3553390593275,-5.25533905932737,3.));
#2483=CARTESIAN_POINT('',(32.3553390593275,-5.25533905932737,0.));
#2484=CARTESIAN_POINT('',(32.3553390593275,7.25533905932739,3.));
#2485=CARTESIAN_POINT('Origin',(34.3553390593275,-5.25533905932737,0.));
#2486=CARTESIAN_POINT('',(34.3553390593275,-7.25533905932737,3.));
#2487=CARTESIAN_POINT('Origin',(34.3553390593275,-5.25533905932737,3.));
#2488=CARTESIAN_POINT('',(34.3553390593275,-7.25533905932737,0.));
#2489=CARTESIAN_POINT('Origin',(32.3553390593275,-7.25533905932737,0.));
#2490=CARTESIAN_POINT('',(35.3553390593275,-7.25533905932737,3.));
#2491=CARTESIAN_POINT('',(35.3553390593275,-7.25533905932737,0.));
#2492=CARTESIAN_POINT('',(32.3553390593275,-7.25533905932737,3.));
#2493=CARTESIAN_POINT('Origin',(-2.63516179819383,-40.3553390593274,0.));
#2494=CARTESIAN_POINT('',(-2.63516179819383,-38.3553390593274,3.));
#2495=CARTESIAN_POINT('',(-2.63516179819383,-38.3553390593274,0.));
#2496=CARTESIAN_POINT('',(-4.61221178376081,-40.0532242557021,3.));
#2497=CARTESIAN_POINT('Origin',(-2.63516179819383,-40.3553390593274,3.));
#2498=CARTESIAN_POINT('',(-4.61221178376081,-40.0532242557021,0.));
#2499=CARTESIAN_POINT('Origin',(-4.40037176811544,-38.3553390593274,0.));
#2500=CARTESIAN_POINT('',(2.63516179819384,-38.3553390593274,3.));
#2501=CARTESIAN_POINT('',(2.63516179819384,-38.3553390593274,0.));
#2502=CARTESIAN_POINT('',(-7.25533905932738,-38.3553390593274,3.));
#2503=CARTESIAN_POINT('Origin',(2.63516179819384,-40.3553390593274,0.));
#2504=CARTESIAN_POINT('',(4.61221178376083,-40.0532242557021,3.));
#2505=CARTESIAN_POINT('',(4.61221178376082,-40.0532242557021,0.));
#2506=CARTESIAN_POINT('Origin',(2.63516179819384,-40.3553390593274,3.));
#2507=CARTESIAN_POINT('Origin',(35.3553390593275,-35.3553390593275,0.));
#2508=CARTESIAN_POINT('',(11.8350741014682,-55.7025043732503,3.));
#2509=CARTESIAN_POINT('',(11.8350741014682,-55.7025043732503,0.));
#2510=CARTESIAN_POINT('Origin',(35.3553390593275,-35.3553390593275,3.));
#2511=CARTESIAN_POINT('Origin',(5.25533905932739,-34.3553390593275,0.));
#2512=CARTESIAN_POINT('',(5.25533905932738,-32.3553390593275,3.));
#2513=CARTESIAN_POINT('',(7.25533905932739,-34.3553390593275,3.));
#2514=CARTESIAN_POINT('Origin',(5.25533905932739,-34.3553390593275,3.));
#2515=CARTESIAN_POINT('',(7.25533905932739,-34.3553390593275,0.));
#2516=CARTESIAN_POINT('',(5.25533905932738,-32.3553390593275,0.));
#2517=CARTESIAN_POINT('Origin',(7.25533905932739,-32.3553390593275,0.));
#2518=CARTESIAN_POINT('',(-5.25533905932738,-32.3553390593275,3.));
#2519=CARTESIAN_POINT('',(-5.25533905932738,-32.3553390593275,0.));
#2520=CARTESIAN_POINT('',(7.25533905932739,-32.3553390593275,3.));
#2521=CARTESIAN_POINT('Origin',(-5.25533905932738,-34.3553390593275,0.));
#2522=CARTESIAN_POINT('',(-7.25533905932738,-34.3553390593275,3.));
#2523=CARTESIAN_POINT('Origin',(-5.25533905932738,-34.3553390593275,3.));
#2524=CARTESIAN_POINT('',(-7.25533905932738,-34.3553390593275,0.));
#2525=CARTESIAN_POINT('Origin',(-7.25533905932738,-32.3553390593275,0.));
#2526=CARTESIAN_POINT('',(-7.25533905932737,-35.3553390593275,3.));
#2527=CARTESIAN_POINT('',(-7.25533905932737,-35.3553390593275,0.));
#2528=CARTESIAN_POINT('',(-7.25533905932738,-32.3553390593275,3.));
#2529=CARTESIAN_POINT('Origin',(-34.3553390593275,5.25533905932738,0.));
#2530=CARTESIAN_POINT('',(-34.3553390593275,7.25533905932738,3.));
#2531=CARTESIAN_POINT('',(-32.3553390593275,5.25533905932738,3.));
#2532=CARTESIAN_POINT('Origin',(-34.3553390593275,5.25533905932738,3.));
#2533=CARTESIAN_POINT('',(-32.3553390593275,5.25533905932738,0.));
#2534=CARTESIAN_POINT('',(-34.3553390593275,7.25533905932738,0.));
#2535=CARTESIAN_POINT('Origin',(-32.3553390593275,-7.25533905932739,0.));
#2536=CARTESIAN_POINT('',(-32.3553390593275,-5.25533905932739,3.));
#2537=CARTESIAN_POINT('',(-32.3553390593275,-7.25533905932739,3.));
#2538=CARTESIAN_POINT('',(-32.3553390593275,-5.25533905932739,0.));
#2539=CARTESIAN_POINT('Origin',(-34.3553390593275,-5.25533905932739,0.));
#2540=CARTESIAN_POINT('',(-34.3553390593275,-7.25533905932739,3.));
#2541=CARTESIAN_POINT('Origin',(-34.3553390593275,-5.25533905932739,3.));
#2542=CARTESIAN_POINT('',(-34.3553390593275,-7.25533905932739,0.));
#2543=CARTESIAN_POINT('Origin',(-40.3553390593274,-2.63516179819384,0.));
#2544=CARTESIAN_POINT('',(-40.0532242557021,-4.61221178376083,3.));
#2545=CARTESIAN_POINT('',(-40.0532242557021,-4.61221178376082,0.));
#2546=CARTESIAN_POINT('',(-38.3553390593274,-2.63516179819384,3.));
#2547=CARTESIAN_POINT('Origin',(-40.3553390593274,-2.63516179819384,3.));
#2548=CARTESIAN_POINT('',(-38.3553390593274,-2.63516179819384,0.));
#2549=CARTESIAN_POINT('Origin',(-35.3553390593275,-35.3553390593275,0.));
#2550=CARTESIAN_POINT('',(-55.7025043732503,-11.8350741014682,3.));
#2551=CARTESIAN_POINT('',(-55.7025043732503,-11.8350741014682,0.));
#2552=CARTESIAN_POINT('Origin',(-35.3553390593275,-35.3553390593275,3.));
#2553=CARTESIAN_POINT('Origin',(-40.3553390593274,2.63516179819383,0.));
#2554=CARTESIAN_POINT('',(-38.3553390593274,2.63516179819383,3.));
#2555=CARTESIAN_POINT('',(-40.0532242557021,4.61221178376081,3.));
#2556=CARTESIAN_POINT('Origin',(-40.3553390593274,2.63516179819383,3.));
#2557=CARTESIAN_POINT('',(-40.0532242557021,4.6122117837608,0.));
#2558=CARTESIAN_POINT('',(-38.3553390593274,2.63516179819383,0.));
#2559=CARTESIAN_POINT('Origin',(-38.3553390593274,3.00000000000001,0.));
#2560=CARTESIAN_POINT('',(-38.3553390593274,3.00000000000001,3.));
#2561=CARTESIAN_POINT('Origin',(-5.25533905932739,34.3553390593275,0.));
#2562=CARTESIAN_POINT('',(-5.25533905932739,32.3553390593275,3.));
#2563=CARTESIAN_POINT('',(-7.25533905932739,34.3553390593275,3.));
#2564=CARTESIAN_POINT('Origin',(-5.25533905932739,34.3553390593275,3.));
#2565=CARTESIAN_POINT('',(-7.25533905932739,34.3553390593275,0.));
#2566=CARTESIAN_POINT('',(-5.25533905932739,32.3553390593275,0.));
#2567=CARTESIAN_POINT('Origin',(-7.25533905932739,32.3553390593275,0.));
#2568=CARTESIAN_POINT('',(5.25533905932738,32.3553390593275,3.));
#2569=CARTESIAN_POINT('',(5.25533905932738,32.3553390593275,0.));
#2570=CARTESIAN_POINT('',(-7.25533905932739,32.3553390593275,3.));
#2571=CARTESIAN_POINT('Origin',(5.25533905932738,34.3553390593275,0.));
#2572=CARTESIAN_POINT('',(7.25533905932737,34.3553390593275,3.));
#2573=CARTESIAN_POINT('Origin',(5.25533905932738,34.3553390593275,3.));
#2574=CARTESIAN_POINT('',(7.25533905932737,34.3553390593275,0.));
#2575=CARTESIAN_POINT('Origin',(-2.63516179819385,40.3553390593274,0.));
#2576=CARTESIAN_POINT('',(-4.61221178376083,40.0532242557021,3.));
#2577=CARTESIAN_POINT('',(-4.61221178376083,40.0532242557021,0.));
#2578=CARTESIAN_POINT('',(-2.63516179819385,38.3553390593274,3.));
#2579=CARTESIAN_POINT('Origin',(-2.63516179819385,40.3553390593274,3.));
#2580=CARTESIAN_POINT('',(-2.63516179819385,38.3553390593274,0.));
#2581=CARTESIAN_POINT('Origin',(-35.3553390593275,35.3553390593275,0.));
#2582=CARTESIAN_POINT('',(-11.8350741014682,55.7025043732502,3.));
#2583=CARTESIAN_POINT('',(-11.8350741014682,55.7025043732502,0.));
#2584=CARTESIAN_POINT('Origin',(-35.3553390593275,35.3553390593275,3.));
#2585=CARTESIAN_POINT('Origin',(2.63516179819382,40.3553390593274,0.));
#2586=CARTESIAN_POINT('',(2.63516179819382,38.3553390593274,3.));
#2587=CARTESIAN_POINT('',(2.63516179819382,38.3553390593274,0.));
#2588=CARTESIAN_POINT('',(4.61221178376081,40.0532242557021,3.));
#2589=CARTESIAN_POINT('Origin',(2.63516179819382,40.3553390593274,3.));
#2590=CARTESIAN_POINT('',(4.61221178376081,40.0532242557021,0.));
#2591=CARTESIAN_POINT('Origin',(4.40037176811544,38.3553390593274,0.));
#2592=CARTESIAN_POINT('',(7.25533905932737,38.3553390593274,3.));
#2593=CARTESIAN_POINT('Origin',(40.3553390593274,2.63516179819385,0.));
#2594=CARTESIAN_POINT('',(40.0532242557021,4.61221178376083,3.));
#2595=CARTESIAN_POINT('',(40.0532242557021,4.61221178376083,0.));
#2596=CARTESIAN_POINT('',(38.3553390593274,2.63516179819385,3.));
#2597=CARTESIAN_POINT('Origin',(40.3553390593274,2.63516179819385,3.));
#2598=CARTESIAN_POINT('',(38.3553390593274,2.63516179819385,0.));
#2599=CARTESIAN_POINT('Origin',(35.3553390593275,35.3553390593275,0.));
#2600=CARTESIAN_POINT('',(55.7025043732502,11.8350741014682,3.));
#2601=CARTESIAN_POINT('',(55.7025043732502,11.8350741014682,0.));
#2602=CARTESIAN_POINT('Origin',(35.3553390593275,35.3553390593275,3.));
#2603=CARTESIAN_POINT('Origin',(40.3553390593274,-2.63516179819383,0.));
#2604=CARTESIAN_POINT('',(38.3553390593274,-2.63516179819383,3.));
#2605=CARTESIAN_POINT('',(38.3553390593274,-2.63516179819383,0.));
#2606=CARTESIAN_POINT('',(40.0532242557021,-4.61221178376081,3.));
#2607=CARTESIAN_POINT('Origin',(40.3553390593274,-2.63516179819383,3.));
#2608=CARTESIAN_POINT('',(40.0532242557021,-4.61221178376081,0.));
#2609=CARTESIAN_POINT('Origin',(38.3553390593274,-4.40037176811544,0.));
#2610=CARTESIAN_POINT('',(38.3553390593274,-7.25533905932737,3.));
#2611=CARTESIAN_POINT('Origin',(97.0417232944244,3.04728955844506E-14,0.));
#2612=CARTESIAN_POINT('',(55.7025043732503,-11.8350741014682,3.));
#2613=CARTESIAN_POINT('',(55.7025043732503,-11.8350741014682,0.));
#2614=CARTESIAN_POINT('Origin',(97.0417232944244,3.04728955844506E-14,3.));
#2615=CARTESIAN_POINT('Origin',(35.3553390593275,-35.3553390593275,0.));
#2616=CARTESIAN_POINT('Origin',(35.3553390593275,-35.3553390593275,3.));
#2617=CARTESIAN_POINT('Origin',(-2.45308037936376E-14,97.0417232944244,
0.));
#2618=CARTESIAN_POINT('',(11.8350741014682,55.7025043732503,3.));
#2619=CARTESIAN_POINT('',(11.8350741014682,55.7025043732503,0.));
#2620=CARTESIAN_POINT('Origin',(-2.45308037936376E-14,97.0417232944244,
3.));
#2621=CARTESIAN_POINT('Origin',(35.3553390593275,35.3553390593275,0.));
#2622=CARTESIAN_POINT('Origin',(35.3553390593275,35.3553390593275,3.));
#2623=CARTESIAN_POINT('Origin',(1.26466202120116E-14,-97.0417232944244,
0.));
#2624=CARTESIAN_POINT('',(-11.8350741014682,-55.7025043732503,3.));
#2625=CARTESIAN_POINT('',(-11.8350741014682,-55.7025043732503,0.));
#2626=CARTESIAN_POINT('Origin',(1.26466202120116E-14,-97.0417232944244,
3.));
#2627=CARTESIAN_POINT('Origin',(-35.3553390593275,-35.3553390593275,0.));
#2628=CARTESIAN_POINT('Origin',(-35.3553390593275,-35.3553390593275,3.));
#2629=CARTESIAN_POINT('Origin',(-97.0417232944244,-1.85887120028246E-14,
0.));
#2630=CARTESIAN_POINT('',(-55.7025043732503,11.8350741014682,3.));
#2631=CARTESIAN_POINT('',(-55.7025043732503,11.8350741014682,0.));
#2632=CARTESIAN_POINT('Origin',(-97.0417232944244,-1.85887120028246E-14,
3.));
#2633=CARTESIAN_POINT('Origin',(-35.3553390593275,35.3553390593275,0.));
#2634=CARTESIAN_POINT('Origin',(-35.3553390593275,35.3553390593275,3.));
#2635=CARTESIAN_POINT('Origin',(3.00000000000003,35.3553390593275,0.));
#2636=CARTESIAN_POINT('',(4.05000000000004,35.3553390593275,3.));
#2637=CARTESIAN_POINT('',(4.05000000000003,35.3553390593275,0.));
#2638=CARTESIAN_POINT('Origin',(3.00000000000003,35.3553390593275,3.));
#2639=CARTESIAN_POINT('Origin',(-2.99999999999998,35.3553390593275,0.));
#2640=CARTESIAN_POINT('',(-1.94999999999998,35.3553390593275,3.));
#2641=CARTESIAN_POINT('',(-1.94999999999998,35.3553390593275,0.));
#2642=CARTESIAN_POINT('Origin',(-2.99999999999998,35.3553390593275,3.));
#2643=CARTESIAN_POINT('Origin',(-35.3553390593274,3.00000000000002,0.));
#2644=CARTESIAN_POINT('',(-34.3053390593274,3.00000000000002,3.));
#2645=CARTESIAN_POINT('',(-34.3053390593274,3.00000000000002,0.));
#2646=CARTESIAN_POINT('Origin',(-35.3553390593274,3.00000000000002,3.));
#2647=CARTESIAN_POINT('Origin',(-35.3553390593274,-3.,0.));
#2648=CARTESIAN_POINT('',(-34.3053390593274,-3.,3.));
#2649=CARTESIAN_POINT('',(-34.3053390593274,-3.,0.));
#2650=CARTESIAN_POINT('Origin',(-35.3553390593274,-3.,3.));
#2651=CARTESIAN_POINT('Origin',(2.99999999999998,-35.3553390593275,0.));
#2652=CARTESIAN_POINT('',(4.04999999999998,-35.3553390593275,3.));
#2653=CARTESIAN_POINT('',(4.04999999999998,-35.3553390593275,0.));
#2654=CARTESIAN_POINT('Origin',(2.99999999999998,-35.3553390593275,3.));
#2655=CARTESIAN_POINT('Origin',(-3.00000000000004,-35.3553390593275,0.));
#2656=CARTESIAN_POINT('',(-1.95000000000004,-35.3553390593275,3.));
#2657=CARTESIAN_POINT('',(-1.95000000000004,-35.3553390593275,0.));
#2658=CARTESIAN_POINT('Origin',(-3.00000000000004,-35.3553390593275,3.));
#2659=CARTESIAN_POINT('Origin',(35.3553390593274,-3.00000000000001,0.));
#2660=CARTESIAN_POINT('',(36.4053390593274,-3.00000000000001,3.));
#2661=CARTESIAN_POINT('',(36.4053390593274,-3.00000000000001,0.));
#2662=CARTESIAN_POINT('Origin',(35.3553390593274,-3.00000000000001,3.));
#2663=CARTESIAN_POINT('Origin',(35.3553390593274,3.00000000000001,0.));
#2664=CARTESIAN_POINT('',(36.4053390593274,3.00000000000001,3.));
#2665=CARTESIAN_POINT('',(36.4053390593274,3.00000000000001,0.));
#2666=CARTESIAN_POINT('Origin',(35.3553390593274,3.00000000000001,3.));
#2667=CARTESIAN_POINT('Origin',(35.3553390593275,7.25533905932739,0.));
#2668=CARTESIAN_POINT('',(35.3553390593275,7.25533905932739,3.));
#2669=CARTESIAN_POINT('',(38.3553390593274,7.25533905932739,3.));
#2670=CARTESIAN_POINT('',(35.3553390593275,7.25533905932739,0.));
#2671=CARTESIAN_POINT('Origin',(35.3553390593275,35.3553390593275,0.));
#2672=CARTESIAN_POINT('',(7.25533905932736,35.3553390593275,3.));
#2673=CARTESIAN_POINT('Origin',(35.3553390593275,35.3553390593275,3.));
#2674=CARTESIAN_POINT('',(7.25533905932737,35.3553390593275,0.));
#2675=CARTESIAN_POINT('Origin',(7.25533905932737,32.3553390593275,0.));
#2676=CARTESIAN_POINT('',(7.25533905932737,32.3553390593275,3.));
#2677=CARTESIAN_POINT('Origin',(-7.25533905932739,35.3553390593275,0.));
#2678=CARTESIAN_POINT('',(-7.25533905932739,35.3553390593275,3.));
#2679=CARTESIAN_POINT('',(-7.25533905932739,38.3553390593274,3.));
#2680=CARTESIAN_POINT('',(-7.25533905932739,35.3553390593275,0.));
#2681=CARTESIAN_POINT('Origin',(-35.3553390593275,35.3553390593275,0.));
#2682=CARTESIAN_POINT('',(-35.3553390593275,7.25533905932737,3.));
#2683=CARTESIAN_POINT('Origin',(-35.3553390593275,35.3553390593275,3.));
#2684=CARTESIAN_POINT('',(-35.3553390593275,7.25533905932737,0.));
#2685=CARTESIAN_POINT('Origin',(-32.3553390593275,7.25533905932738,0.));
#2686=CARTESIAN_POINT('',(-32.3553390593275,7.25533905932738,3.));
#2687=CARTESIAN_POINT('Origin',(-35.3553390593275,-7.25533905932739,0.));
#2688=CARTESIAN_POINT('',(-35.3553390593275,-7.25533905932739,3.));
#2689=CARTESIAN_POINT('',(-38.3553390593274,-7.25533905932739,3.));
#2690=CARTESIAN_POINT('',(-35.3553390593275,-7.25533905932739,0.));
#2691=CARTESIAN_POINT('Origin',(-35.3553390593275,-35.3553390593275,0.));
#2692=CARTESIAN_POINT('Origin',(-35.3553390593275,-35.3553390593275,3.));
#2693=CARTESIAN_POINT('Origin',(7.25533905932739,-35.3553390593275,0.));
#2694=CARTESIAN_POINT('',(7.25533905932738,-35.3553390593275,3.));
#2695=CARTESIAN_POINT('',(7.25533905932739,-38.3553390593274,3.));
#2696=CARTESIAN_POINT('',(7.25533905932739,-35.3553390593275,0.));
#2697=CARTESIAN_POINT('Origin',(35.3553390593275,-35.3553390593275,0.));
#2698=CARTESIAN_POINT('Origin',(35.3553390593275,-35.3553390593275,3.));
#2699=CARTESIAN_POINT('Origin',(35.3553390593275,-35.3553390593275,0.));
#2700=CARTESIAN_POINT('',(62.3377096600521,-19.8904861093262,3.));
#2701=CARTESIAN_POINT('',(62.3377096600521,-19.8904861093262,0.));
#2702=CARTESIAN_POINT('',(19.8904861093263,-62.337709660052,3.));
#2703=CARTESIAN_POINT('Origin',(35.3553390593275,-35.3553390593275,3.));
#2704=CARTESIAN_POINT('',(19.8904861093263,-62.337709660052,0.));
#2705=CARTESIAN_POINT('Origin',(1.26466202120116E-14,-97.0417232944244,
0.));
#2706=CARTESIAN_POINT('',(-19.8904861093262,-62.337709660052,3.));
#2707=CARTESIAN_POINT('Origin',(1.26466202120116E-14,-97.0417232944244,
3.));
#2708=CARTESIAN_POINT('',(-19.8904861093263,-62.337709660052,0.));
#2709=CARTESIAN_POINT('Origin',(-35.3553390593275,-35.3553390593275,0.));
#2710=CARTESIAN_POINT('',(-62.337709660052,-19.8904861093263,3.));
#2711=CARTESIAN_POINT('Origin',(-35.3553390593275,-35.3553390593275,3.));
#2712=CARTESIAN_POINT('',(-62.337709660052,-19.8904861093263,0.));
#2713=CARTESIAN_POINT('Origin',(-97.0417232944244,-1.85887120028246E-14,
0.));
#2714=CARTESIAN_POINT('',(-62.337709660052,19.8904861093262,3.));
#2715=CARTESIAN_POINT('Origin',(-97.0417232944244,-1.85887120028246E-14,
3.));
#2716=CARTESIAN_POINT('',(-62.337709660052,19.8904861093262,0.));
#2717=CARTESIAN_POINT('Origin',(-35.3553390593275,35.3553390593275,0.));
#2718=CARTESIAN_POINT('',(-19.8904861093263,62.337709660052,3.));
#2719=CARTESIAN_POINT('Origin',(-35.3553390593275,35.3553390593275,3.));
#2720=CARTESIAN_POINT('',(-19.8904861093263,62.337709660052,0.));
#2721=CARTESIAN_POINT('Origin',(-2.45308037936376E-14,97.0417232944244,
0.));
#2722=CARTESIAN_POINT('',(19.8904861093262,62.337709660052,3.));
#2723=CARTESIAN_POINT('Origin',(-2.45308037936376E-14,97.0417232944244,
3.));
#2724=CARTESIAN_POINT('',(19.8904861093262,62.337709660052,0.));
#2725=CARTESIAN_POINT('Origin',(35.3553390593275,35.3553390593275,0.));
#2726=CARTESIAN_POINT('',(62.337709660052,19.8904861093263,3.));
#2727=CARTESIAN_POINT('Origin',(35.3553390593275,35.3553390593275,3.));
#2728=CARTESIAN_POINT('',(62.337709660052,19.8904861093263,0.));
#2729=CARTESIAN_POINT('Origin',(97.0417232944244,3.04728955844506E-14,0.));
#2730=CARTESIAN_POINT('Origin',(97.0417232944244,3.04728955844506E-14,3.));
#2731=CARTESIAN_POINT('Origin',(-4.44089209850063E-15,4.44089209850063E-15,
3.));
#2732=UNCERTAINTY_MEASURE_WITH_UNIT(LENGTH_MEASURE(0.01),#2736,
'DISTANCE_ACCURACY_VALUE',
'Maximum model space distance between geometric entities at asserted c
onnectivities');
#2733=UNCERTAINTY_MEASURE_WITH_UNIT(LENGTH_MEASURE(0.01),#2736,
'DISTANCE_ACCURACY_VALUE',
'Maximum model space distance between geometric entities at asserted c
onnectivities');
#2734=(
GEOMETRIC_REPRESENTATION_CONTEXT(3)
GLOBAL_UNCERTAINTY_ASSIGNED_CONTEXT((#2732))
GLOBAL_UNIT_ASSIGNED_CONTEXT((#2736,#2738,#2739))
REPRESENTATION_CONTEXT('','3D')
);
#2735=(
GEOMETRIC_REPRESENTATION_CONTEXT(3)
GLOBAL_UNCERTAINTY_ASSIGNED_CONTEXT((#2733))
GLOBAL_UNIT_ASSIGNED_CONTEXT((#2736,#2738,#2739))
REPRESENTATION_CONTEXT('','3D')
);
#2736=(
LENGTH_UNIT()
NAMED_UNIT(*)
SI_UNIT(.MILLI.,.METRE.)
);
#2737=(
LENGTH_UNIT()
NAMED_UNIT(*)
SI_UNIT($,.METRE.)
);
#2738=(
NAMED_UNIT(*)
PLANE_ANGLE_UNIT()
SI_UNIT($,.RADIAN.)
);
#2739=(
NAMED_UNIT(*)
SI_UNIT($,.STERADIAN.)
SOLID_ANGLE_UNIT()
);
#2740=SHAPE_DEFINITION_REPRESENTATION(#2741,#2742);
#2741=PRODUCT_DEFINITION_SHAPE('',$,#2744);
#2742=SHAPE_REPRESENTATION('',(#1592),#2734);
#2743=PRODUCT_DEFINITION_CONTEXT('part definition',#2748,'design');
#2744=PRODUCT_DEFINITION('2025-09-11-02-06-55-138',
'\X2\5708FF085E268D77843D67B6FF09\X0\',#2745,#2743);
#2745=PRODUCT_DEFINITION_FORMATION('',$,#2750);
#2746=PRODUCT_RELATED_PRODUCT_CATEGORY('\X2\5708FF085E268D77843D67B6FF09\X0\',
'\X2\5708FF085E268D77843D67B6FF09\X0\',(#2750));
#2747=APPLICATION_PROTOCOL_DEFINITION('international standard',
'automotive_design',2009,#2748);
#2748=APPLICATION_CONTEXT(
'Core Data for Automotive Mechanical Design Process');
#2749=PRODUCT_CONTEXT('part definition',#2748,'mechanical');
#2750=PRODUCT('2025-09-11-02-06-55-138','\X2\5708FF085E268D77843D67B6FF09\X0\',
$,(#2749));
#2751=PRESENTATION_STYLE_ASSIGNMENT((#2753));
#2752=PRESENTATION_STYLE_ASSIGNMENT((#2754));
#2753=SURFACE_STYLE_USAGE(.BOTH.,#2755);
#2754=SURFACE_STYLE_USAGE(.BOTH.,#2756);
#2755=SURFACE_SIDE_STYLE('',(#2757));
#2756=SURFACE_SIDE_STYLE('',(#2758));
#2757=SURFACE_STYLE_FILL_AREA(#2759);
#2758=SURFACE_STYLE_FILL_AREA(#2760);
#2759=FILL_AREA_STYLE('\X2\94A2\X0\ - \X2\7F0E5149\X0\',(#2761));
#2760=FILL_AREA_STYLE('Opaque(191,191,191)',(#2762));
#2761=FILL_AREA_STYLE_COLOUR('\X2\94A2\X0\ - \X2\7F0E5149\X0\',#2763);
#2762=FILL_AREA_STYLE_COLOUR('Opaque(191,191,191)',#2764);
#2763=COLOUR_RGB('\X2\94A2\X0\ - \X2\7F0E5149\X0\',0.627450980392157,0.627450980392157,
0.627450980392157);
#2764=COLOUR_RGB('Opaque(191,191,191)',0.749019607843137,0.749019607843137,
0.749019607843137);
ENDSEC;
END-ISO-10303-21;
