ISO-10303-21;
HEADER;
/* Generated by software containing ST-Developer
 * from STEP Tools, Inc. (www.steptools.com) 
 */

FILE_DESCRIPTION(
/* description */ (''),
/* implementation_level */ '2;1');

FILE_NAME(
/* name */ '',
/* time_stamp */ '2025-08-11T19:50:16+08:00',
/* author */ ('15803'),
/* organization */ (''),
/* preprocessor_version */ 'ST-DEVELOPER v20',
/* originating_system */ 'Autodesk Inventor 2025',
/* authorisation */ '');

FILE_SCHEMA (('AUTOMOTIVE_DESIGN { 1 0 10303 214 3 1 1 }'));
ENDSEC;

DATA;
#10=MECHANICAL_DESIGN_GEOMETRIC_PRESENTATION_REPRESENTATION('',(#13),#5964);
#11=SHAPE_REPRESENTATION_RELATIONSHIP('SRR','None',#5971,#12);
#12=ADVANCED_BREP_SHAPE_REPRESENTATION('',(#14),#5963);
#13=STYLED_ITEM('',(#5980),#14);
#14=MANIFOLD_SOLID_BREP('\X2\5B9E4F53\X0\1',#3495);
#15=FACE_BOUND('',#353,.T.);
#16=FACE_BOUND('',#354,.T.);
#17=FACE_BOUND('',#355,.T.);
#18=FACE_BOUND('',#356,.T.);
#19=FACE_BOUND('',#357,.T.);
#20=FACE_BOUND('',#358,.T.);
#21=FACE_BOUND('',#359,.T.);
#22=FACE_BOUND('',#360,.T.);
#23=FACE_BOUND('',#361,.T.);
#24=FACE_BOUND('',#362,.T.);
#25=FACE_BOUND('',#363,.T.);
#26=FACE_BOUND('',#364,.T.);
#27=FACE_BOUND('',#365,.T.);
#28=FACE_BOUND('',#366,.T.);
#29=FACE_BOUND('',#367,.T.);
#30=FACE_BOUND('',#368,.T.);
#31=FACE_BOUND('',#369,.T.);
#32=FACE_BOUND('',#370,.T.);
#33=FACE_BOUND('',#371,.T.);
#34=FACE_BOUND('',#372,.T.);
#35=FACE_BOUND('',#373,.T.);
#36=FACE_BOUND('',#374,.T.);
#37=FACE_BOUND('',#375,.T.);
#38=FACE_BOUND('',#376,.T.);
#39=FACE_BOUND('',#377,.T.);
#40=FACE_BOUND('',#378,.T.);
#41=FACE_BOUND('',#379,.T.);
#42=FACE_BOUND('',#380,.T.);
#43=FACE_BOUND('',#381,.T.);
#44=FACE_BOUND('',#382,.T.);
#45=FACE_BOUND('',#383,.T.);
#46=FACE_BOUND('',#384,.T.);
#47=FACE_BOUND('',#385,.T.);
#48=FACE_BOUND('',#386,.T.);
#49=FACE_BOUND('',#387,.T.);
#50=FACE_BOUND('',#388,.T.);
#51=FACE_BOUND('',#389,.T.);
#52=FACE_BOUND('',#390,.T.);
#53=FACE_BOUND('',#397,.T.);
#54=FACE_BOUND('',#398,.T.);
#55=FACE_BOUND('',#399,.T.);
#56=FACE_BOUND('',#400,.T.);
#57=FACE_BOUND('',#401,.T.);
#58=FACE_BOUND('',#402,.T.);
#59=FACE_BOUND('',#403,.T.);
#60=FACE_BOUND('',#404,.T.);
#61=FACE_BOUND('',#405,.T.);
#62=FACE_BOUND('',#406,.T.);
#63=FACE_BOUND('',#407,.T.);
#64=FACE_BOUND('',#408,.T.);
#65=FACE_BOUND('',#409,.T.);
#66=FACE_BOUND('',#410,.T.);
#67=FACE_BOUND('',#411,.T.);
#68=FACE_BOUND('',#412,.T.);
#69=FACE_BOUND('',#413,.T.);
#70=FACE_BOUND('',#414,.T.);
#71=FACE_BOUND('',#415,.T.);
#72=FACE_BOUND('',#416,.T.);
#73=FACE_BOUND('',#417,.T.);
#74=FACE_BOUND('',#418,.T.);
#75=FACE_BOUND('',#419,.T.);
#76=FACE_BOUND('',#420,.T.);
#77=FACE_BOUND('',#421,.T.);
#78=FACE_BOUND('',#422,.T.);
#79=FACE_BOUND('',#423,.T.);
#80=FACE_BOUND('',#424,.T.);
#81=FACE_BOUND('',#425,.T.);
#82=FACE_BOUND('',#426,.T.);
#83=FACE_BOUND('',#427,.T.);
#84=FACE_BOUND('',#428,.T.);
#85=FACE_BOUND('',#429,.T.);
#86=FACE_BOUND('',#430,.T.);
#87=FACE_BOUND('',#431,.T.);
#88=FACE_BOUND('',#432,.T.);
#89=FACE_BOUND('',#433,.T.);
#90=FACE_BOUND('',#434,.T.);
#91=PLANE('',#3521);
#92=PLANE('',#3525);
#93=PLANE('',#3529);
#94=PLANE('',#3533);
#95=PLANE('',#3537);
#96=PLANE('',#3541);
#97=PLANE('',#3548);
#98=PLANE('',#3558);
#99=PLANE('',#3574);
#100=PLANE('',#3575);
#101=PLANE('',#3664);
#102=PLANE('',#3665);
#103=PLANE('',#3666);
#104=PLANE('',#3667);
#105=PLANE('',#3668);
#106=PLANE('',#3669);
#107=PLANE('',#3758);
#108=PLANE('',#3759);
#109=PLANE('',#3760);
#110=PLANE('',#3761);
#111=PLANE('',#3763);
#112=PLANE('',#3765);
#113=PLANE('',#3767);
#114=PLANE('',#3770);
#115=PLANE('',#3772);
#116=PLANE('',#3775);
#117=PLANE('',#3777);
#118=PLANE('',#3779);
#119=PLANE('',#3783);
#120=PLANE('',#3785);
#121=PLANE('',#3787);
#122=PLANE('',#3790);
#123=PLANE('',#3792);
#124=PLANE('',#3794);
#125=PLANE('',#3797);
#126=PLANE('',#3800);
#127=PLANE('',#3802);
#128=PLANE('',#3804);
#129=PLANE('',#3807);
#130=PLANE('',#3809);
#131=PLANE('',#3811);
#132=PLANE('',#3818);
#133=PLANE('',#3820);
#134=PLANE('',#3823);
#135=PLANE('',#3825);
#136=PLANE('',#3827);
#137=PLANE('',#3830);
#138=PLANE('',#3832);
#139=PLANE('',#3834);
#140=PLANE('',#3837);
#141=PLANE('',#3843);
#142=PLANE('',#3847);
#143=PLANE('',#3851);
#144=PLANE('',#3855);
#145=PLANE('',#3860);
#146=PLANE('',#3861);
#147=PLANE('',#3862);
#148=PLANE('',#3868);
#149=PLANE('',#3869);
#150=PLANE('',#3870);
#151=PLANE('',#3877);
#152=PLANE('',#3878);
#153=PLANE('',#3885);
#154=PLANE('',#3886);
#155=PLANE('',#3893);
#156=PLANE('',#3894);
#157=FACE_OUTER_BOUND('',#327,.T.);
#158=FACE_OUTER_BOUND('',#328,.T.);
#159=FACE_OUTER_BOUND('',#329,.T.);
#160=FACE_OUTER_BOUND('',#330,.T.);
#161=FACE_OUTER_BOUND('',#331,.T.);
#162=FACE_OUTER_BOUND('',#332,.T.);
#163=FACE_OUTER_BOUND('',#333,.T.);
#164=FACE_OUTER_BOUND('',#334,.T.);
#165=FACE_OUTER_BOUND('',#335,.T.);
#166=FACE_OUTER_BOUND('',#336,.T.);
#167=FACE_OUTER_BOUND('',#337,.T.);
#168=FACE_OUTER_BOUND('',#338,.T.);
#169=FACE_OUTER_BOUND('',#339,.T.);
#170=FACE_OUTER_BOUND('',#340,.T.);
#171=FACE_OUTER_BOUND('',#341,.T.);
#172=FACE_OUTER_BOUND('',#342,.T.);
#173=FACE_OUTER_BOUND('',#343,.T.);
#174=FACE_OUTER_BOUND('',#344,.T.);
#175=FACE_OUTER_BOUND('',#345,.T.);
#176=FACE_OUTER_BOUND('',#346,.T.);
#177=FACE_OUTER_BOUND('',#347,.T.);
#178=FACE_OUTER_BOUND('',#348,.T.);
#179=FACE_OUTER_BOUND('',#349,.T.);
#180=FACE_OUTER_BOUND('',#350,.T.);
#181=FACE_OUTER_BOUND('',#351,.T.);
#182=FACE_OUTER_BOUND('',#352,.T.);
#183=FACE_OUTER_BOUND('',#391,.T.);
#184=FACE_OUTER_BOUND('',#392,.T.);
#185=FACE_OUTER_BOUND('',#393,.T.);
#186=FACE_OUTER_BOUND('',#394,.T.);
#187=FACE_OUTER_BOUND('',#395,.T.);
#188=FACE_OUTER_BOUND('',#396,.T.);
#189=FACE_OUTER_BOUND('',#435,.T.);
#190=FACE_OUTER_BOUND('',#436,.T.);
#191=FACE_OUTER_BOUND('',#437,.T.);
#192=FACE_OUTER_BOUND('',#438,.T.);
#193=FACE_OUTER_BOUND('',#439,.T.);
#194=FACE_OUTER_BOUND('',#440,.T.);
#195=FACE_OUTER_BOUND('',#441,.T.);
#196=FACE_OUTER_BOUND('',#442,.T.);
#197=FACE_OUTER_BOUND('',#443,.T.);
#198=FACE_OUTER_BOUND('',#444,.T.);
#199=FACE_OUTER_BOUND('',#445,.T.);
#200=FACE_OUTER_BOUND('',#446,.T.);
#201=FACE_OUTER_BOUND('',#447,.T.);
#202=FACE_OUTER_BOUND('',#448,.T.);
#203=FACE_OUTER_BOUND('',#449,.T.);
#204=FACE_OUTER_BOUND('',#450,.T.);
#205=FACE_OUTER_BOUND('',#451,.T.);
#206=FACE_OUTER_BOUND('',#452,.T.);
#207=FACE_OUTER_BOUND('',#453,.T.);
#208=FACE_OUTER_BOUND('',#454,.T.);
#209=FACE_OUTER_BOUND('',#455,.T.);
#210=FACE_OUTER_BOUND('',#456,.T.);
#211=FACE_OUTER_BOUND('',#457,.T.);
#212=FACE_OUTER_BOUND('',#458,.T.);
#213=FACE_OUTER_BOUND('',#459,.T.);
#214=FACE_OUTER_BOUND('',#460,.T.);
#215=FACE_OUTER_BOUND('',#461,.T.);
#216=FACE_OUTER_BOUND('',#462,.T.);
#217=FACE_OUTER_BOUND('',#463,.T.);
#218=FACE_OUTER_BOUND('',#464,.T.);
#219=FACE_OUTER_BOUND('',#465,.T.);
#220=FACE_OUTER_BOUND('',#466,.T.);
#221=FACE_OUTER_BOUND('',#467,.T.);
#222=FACE_OUTER_BOUND('',#468,.T.);
#223=FACE_OUTER_BOUND('',#469,.T.);
#224=FACE_OUTER_BOUND('',#470,.T.);
#225=FACE_OUTER_BOUND('',#471,.T.);
#226=FACE_OUTER_BOUND('',#472,.T.);
#227=FACE_OUTER_BOUND('',#473,.T.);
#228=FACE_OUTER_BOUND('',#474,.T.);
#229=FACE_OUTER_BOUND('',#475,.T.);
#230=FACE_OUTER_BOUND('',#476,.T.);
#231=FACE_OUTER_BOUND('',#477,.T.);
#232=FACE_OUTER_BOUND('',#478,.T.);
#233=FACE_OUTER_BOUND('',#479,.T.);
#234=FACE_OUTER_BOUND('',#480,.T.);
#235=FACE_OUTER_BOUND('',#481,.T.);
#236=FACE_OUTER_BOUND('',#482,.T.);
#237=FACE_OUTER_BOUND('',#483,.T.);
#238=FACE_OUTER_BOUND('',#484,.T.);
#239=FACE_OUTER_BOUND('',#485,.T.);
#240=FACE_OUTER_BOUND('',#486,.T.);
#241=FACE_OUTER_BOUND('',#487,.T.);
#242=FACE_OUTER_BOUND('',#488,.T.);
#243=FACE_OUTER_BOUND('',#489,.T.);
#244=FACE_OUTER_BOUND('',#490,.T.);
#245=FACE_OUTER_BOUND('',#491,.T.);
#246=FACE_OUTER_BOUND('',#492,.T.);
#247=FACE_OUTER_BOUND('',#493,.T.);
#248=FACE_OUTER_BOUND('',#494,.T.);
#249=FACE_OUTER_BOUND('',#495,.T.);
#250=FACE_OUTER_BOUND('',#496,.T.);
#251=FACE_OUTER_BOUND('',#497,.T.);
#252=FACE_OUTER_BOUND('',#498,.T.);
#253=FACE_OUTER_BOUND('',#499,.T.);
#254=FACE_OUTER_BOUND('',#500,.T.);
#255=FACE_OUTER_BOUND('',#501,.T.);
#256=FACE_OUTER_BOUND('',#502,.T.);
#257=FACE_OUTER_BOUND('',#503,.T.);
#258=FACE_OUTER_BOUND('',#504,.T.);
#259=FACE_OUTER_BOUND('',#505,.T.);
#260=FACE_OUTER_BOUND('',#506,.T.);
#261=FACE_OUTER_BOUND('',#507,.T.);
#262=FACE_OUTER_BOUND('',#508,.T.);
#263=FACE_OUTER_BOUND('',#509,.T.);
#264=FACE_OUTER_BOUND('',#510,.T.);
#265=FACE_OUTER_BOUND('',#511,.T.);
#266=FACE_OUTER_BOUND('',#512,.T.);
#267=FACE_OUTER_BOUND('',#513,.T.);
#268=FACE_OUTER_BOUND('',#514,.T.);
#269=FACE_OUTER_BOUND('',#515,.T.);
#270=FACE_OUTER_BOUND('',#516,.T.);
#271=FACE_OUTER_BOUND('',#517,.T.);
#272=FACE_OUTER_BOUND('',#518,.T.);
#273=FACE_OUTER_BOUND('',#519,.T.);
#274=FACE_OUTER_BOUND('',#520,.T.);
#275=FACE_OUTER_BOUND('',#521,.T.);
#276=FACE_OUTER_BOUND('',#522,.T.);
#277=FACE_OUTER_BOUND('',#523,.T.);
#278=FACE_OUTER_BOUND('',#524,.T.);
#279=FACE_OUTER_BOUND('',#525,.T.);
#280=FACE_OUTER_BOUND('',#526,.T.);
#281=FACE_OUTER_BOUND('',#527,.T.);
#282=FACE_OUTER_BOUND('',#528,.T.);
#283=FACE_OUTER_BOUND('',#529,.T.);
#284=FACE_OUTER_BOUND('',#530,.T.);
#285=FACE_OUTER_BOUND('',#531,.T.);
#286=FACE_OUTER_BOUND('',#532,.T.);
#287=FACE_OUTER_BOUND('',#533,.T.);
#288=FACE_OUTER_BOUND('',#534,.T.);
#289=FACE_OUTER_BOUND('',#535,.T.);
#290=FACE_OUTER_BOUND('',#536,.T.);
#291=FACE_OUTER_BOUND('',#537,.T.);
#292=FACE_OUTER_BOUND('',#538,.T.);
#293=FACE_OUTER_BOUND('',#539,.T.);
#294=FACE_OUTER_BOUND('',#540,.T.);
#295=FACE_OUTER_BOUND('',#541,.T.);
#296=FACE_OUTER_BOUND('',#542,.T.);
#297=FACE_OUTER_BOUND('',#543,.T.);
#298=FACE_OUTER_BOUND('',#544,.T.);
#299=FACE_OUTER_BOUND('',#545,.T.);
#300=FACE_OUTER_BOUND('',#546,.T.);
#301=FACE_OUTER_BOUND('',#547,.T.);
#302=FACE_OUTER_BOUND('',#548,.T.);
#303=FACE_OUTER_BOUND('',#549,.T.);
#304=FACE_OUTER_BOUND('',#550,.T.);
#305=FACE_OUTER_BOUND('',#551,.T.);
#306=FACE_OUTER_BOUND('',#552,.T.);
#307=FACE_OUTER_BOUND('',#553,.T.);
#308=FACE_OUTER_BOUND('',#554,.T.);
#309=FACE_OUTER_BOUND('',#555,.T.);
#310=FACE_OUTER_BOUND('',#556,.T.);
#311=FACE_OUTER_BOUND('',#557,.T.);
#312=FACE_OUTER_BOUND('',#558,.T.);
#313=FACE_OUTER_BOUND('',#559,.T.);
#314=FACE_OUTER_BOUND('',#560,.T.);
#315=FACE_OUTER_BOUND('',#561,.T.);
#316=FACE_OUTER_BOUND('',#562,.T.);
#317=FACE_OUTER_BOUND('',#563,.T.);
#318=FACE_OUTER_BOUND('',#564,.T.);
#319=FACE_OUTER_BOUND('',#565,.T.);
#320=FACE_OUTER_BOUND('',#566,.T.);
#321=FACE_OUTER_BOUND('',#567,.T.);
#322=FACE_OUTER_BOUND('',#568,.T.);
#323=FACE_OUTER_BOUND('',#569,.T.);
#324=FACE_OUTER_BOUND('',#570,.T.);
#325=FACE_OUTER_BOUND('',#571,.T.);
#326=FACE_OUTER_BOUND('',#572,.T.);
#327=EDGE_LOOP('',(#2213,#2214,#2215,#2216));
#328=EDGE_LOOP('',(#2217,#2218,#2219,#2220));
#329=EDGE_LOOP('',(#2221,#2222,#2223,#2224));
#330=EDGE_LOOP('',(#2225,#2226,#2227,#2228));
#331=EDGE_LOOP('',(#2229,#2230,#2231,#2232));
#332=EDGE_LOOP('',(#2233,#2234,#2235,#2236));
#333=EDGE_LOOP('',(#2237,#2238,#2239,#2240));
#334=EDGE_LOOP('',(#2241,#2242,#2243,#2244));
#335=EDGE_LOOP('',(#2245,#2246,#2247,#2248));
#336=EDGE_LOOP('',(#2249,#2250,#2251,#2252));
#337=EDGE_LOOP('',(#2253,#2254,#2255,#2256));
#338=EDGE_LOOP('',(#2257,#2258,#2259,#2260));
#339=EDGE_LOOP('',(#2261,#2262,#2263,#2264));
#340=EDGE_LOOP('',(#2265,#2266,#2267,#2268));
#341=EDGE_LOOP('',(#2269,#2270,#2271,#2272));
#342=EDGE_LOOP('',(#2273,#2274,#2275,#2276));
#343=EDGE_LOOP('',(#2277,#2278,#2279,#2280));
#344=EDGE_LOOP('',(#2281,#2282,#2283,#2284));
#345=EDGE_LOOP('',(#2285,#2286,#2287,#2288));
#346=EDGE_LOOP('',(#2289,#2290,#2291,#2292));
#347=EDGE_LOOP('',(#2293,#2294,#2295,#2296));
#348=EDGE_LOOP('',(#2297,#2298,#2299,#2300));
#349=EDGE_LOOP('',(#2301,#2302,#2303,#2304));
#350=EDGE_LOOP('',(#2305,#2306,#2307,#2308));
#351=EDGE_LOOP('',(#2309,#2310,#2311,#2312));
#352=EDGE_LOOP('',(#2313,#2314,#2315,#2316,#2317,#2318,#2319,#2320,#2321,
#2322,#2323,#2324,#2325,#2326,#2327,#2328,#2329,#2330,#2331,#2332,#2333,
#2334,#2335,#2336,#2337,#2338,#2339,#2340,#2341,#2342,#2343,#2344,#2345,
#2346,#2347,#2348,#2349,#2350,#2351,#2352,#2353,#2354,#2355,#2356,#2357,
#2358,#2359,#2360,#2361,#2362,#2363,#2364,#2365,#2366,#2367,#2368,#2369,
#2370,#2371,#2372,#2373,#2374,#2375,#2376,#2377,#2378,#2379,#2380,#2381,
#2382,#2383,#2384,#2385,#2386,#2387,#2388,#2389,#2390,#2391,#2392,#2393,
#2394,#2395,#2396,#2397,#2398,#2399,#2400));
#353=EDGE_LOOP('',(#2401));
#354=EDGE_LOOP('',(#2402));
#355=EDGE_LOOP('',(#2403));
#356=EDGE_LOOP('',(#2404));
#357=EDGE_LOOP('',(#2405));
#358=EDGE_LOOP('',(#2406));
#359=EDGE_LOOP('',(#2407));
#360=EDGE_LOOP('',(#2408));
#361=EDGE_LOOP('',(#2409));
#362=EDGE_LOOP('',(#2410));
#363=EDGE_LOOP('',(#2411));
#364=EDGE_LOOP('',(#2412));
#365=EDGE_LOOP('',(#2413,#2414,#2415,#2416,#2417,#2418));
#366=EDGE_LOOP('',(#2419,#2420,#2421,#2422,#2423,#2424));
#367=EDGE_LOOP('',(#2425,#2426,#2427,#2428,#2429,#2430));
#368=EDGE_LOOP('',(#2431));
#369=EDGE_LOOP('',(#2432));
#370=EDGE_LOOP('',(#2433));
#371=EDGE_LOOP('',(#2434));
#372=EDGE_LOOP('',(#2435));
#373=EDGE_LOOP('',(#2436));
#374=EDGE_LOOP('',(#2437));
#375=EDGE_LOOP('',(#2438));
#376=EDGE_LOOP('',(#2439));
#377=EDGE_LOOP('',(#2440));
#378=EDGE_LOOP('',(#2441));
#379=EDGE_LOOP('',(#2442));
#380=EDGE_LOOP('',(#2443));
#381=EDGE_LOOP('',(#2444));
#382=EDGE_LOOP('',(#2445));
#383=EDGE_LOOP('',(#2446,#2447,#2448,#2449,#2450,#2451));
#384=EDGE_LOOP('',(#2452));
#385=EDGE_LOOP('',(#2453));
#386=EDGE_LOOP('',(#2454));
#387=EDGE_LOOP('',(#2455));
#388=EDGE_LOOP('',(#2456));
#389=EDGE_LOOP('',(#2457,#2458,#2459,#2460,#2461,#2462,#2463,#2464,#2465,
#2466,#2467,#2468));
#390=EDGE_LOOP('',(#2469,#2470,#2471,#2472,#2473,#2474,#2475,#2476,#2477,
#2478,#2479,#2480));
#391=EDGE_LOOP('',(#2481,#2482,#2483,#2484));
#392=EDGE_LOOP('',(#2485,#2486,#2487,#2488));
#393=EDGE_LOOP('',(#2489,#2490,#2491,#2492));
#394=EDGE_LOOP('',(#2493,#2494,#2495,#2496));
#395=EDGE_LOOP('',(#2497,#2498,#2499,#2500));
#396=EDGE_LOOP('',(#2501,#2502,#2503,#2504,#2505,#2506,#2507,#2508,#2509,
#2510,#2511,#2512,#2513,#2514,#2515,#2516,#2517,#2518,#2519,#2520,#2521,
#2522,#2523,#2524,#2525,#2526,#2527,#2528,#2529,#2530,#2531,#2532,#2533,
#2534,#2535,#2536,#2537,#2538,#2539,#2540,#2541,#2542,#2543,#2544,#2545,
#2546,#2547,#2548,#2549,#2550,#2551,#2552,#2553,#2554,#2555,#2556,#2557,
#2558,#2559,#2560,#2561,#2562,#2563,#2564,#2565,#2566,#2567,#2568,#2569,
#2570,#2571,#2572,#2573,#2574,#2575,#2576,#2577,#2578,#2579,#2580,#2581,
#2582,#2583,#2584,#2585,#2586,#2587,#2588));
#397=EDGE_LOOP('',(#2589,#2590,#2591,#2592,#2593,#2594,#2595,#2596,#2597,
#2598,#2599,#2600));
#398=EDGE_LOOP('',(#2601));
#399=EDGE_LOOP('',(#2602));
#400=EDGE_LOOP('',(#2603));
#401=EDGE_LOOP('',(#2604));
#402=EDGE_LOOP('',(#2605));
#403=EDGE_LOOP('',(#2606));
#404=EDGE_LOOP('',(#2607));
#405=EDGE_LOOP('',(#2608));
#406=EDGE_LOOP('',(#2609));
#407=EDGE_LOOP('',(#2610));
#408=EDGE_LOOP('',(#2611));
#409=EDGE_LOOP('',(#2612));
#410=EDGE_LOOP('',(#2613,#2614,#2615,#2616,#2617,#2618));
#411=EDGE_LOOP('',(#2619,#2620,#2621,#2622,#2623,#2624));
#412=EDGE_LOOP('',(#2625,#2626,#2627,#2628,#2629,#2630));
#413=EDGE_LOOP('',(#2631));
#414=EDGE_LOOP('',(#2632));
#415=EDGE_LOOP('',(#2633));
#416=EDGE_LOOP('',(#2634));
#417=EDGE_LOOP('',(#2635));
#418=EDGE_LOOP('',(#2636));
#419=EDGE_LOOP('',(#2637));
#420=EDGE_LOOP('',(#2638));
#421=EDGE_LOOP('',(#2639));
#422=EDGE_LOOP('',(#2640));
#423=EDGE_LOOP('',(#2641));
#424=EDGE_LOOP('',(#2642));
#425=EDGE_LOOP('',(#2643));
#426=EDGE_LOOP('',(#2644));
#427=EDGE_LOOP('',(#2645));
#428=EDGE_LOOP('',(#2646));
#429=EDGE_LOOP('',(#2647));
#430=EDGE_LOOP('',(#2648));
#431=EDGE_LOOP('',(#2649));
#432=EDGE_LOOP('',(#2650));
#433=EDGE_LOOP('',(#2651,#2652,#2653,#2654,#2655,#2656));
#434=EDGE_LOOP('',(#2657,#2658,#2659,#2660,#2661,#2662,#2663,#2664,#2665,
#2666,#2667,#2668));
#435=EDGE_LOOP('',(#2669,#2670,#2671,#2672));
#436=EDGE_LOOP('',(#2673,#2674,#2675,#2676));
#437=EDGE_LOOP('',(#2677,#2678,#2679,#2680));
#438=EDGE_LOOP('',(#2681,#2682,#2683,#2684));
#439=EDGE_LOOP('',(#2685,#2686,#2687,#2688));
#440=EDGE_LOOP('',(#2689,#2690,#2691,#2692));
#441=EDGE_LOOP('',(#2693,#2694,#2695,#2696));
#442=EDGE_LOOP('',(#2697,#2698,#2699,#2700));
#443=EDGE_LOOP('',(#2701,#2702,#2703,#2704));
#444=EDGE_LOOP('',(#2705,#2706,#2707,#2708));
#445=EDGE_LOOP('',(#2709,#2710,#2711,#2712));
#446=EDGE_LOOP('',(#2713,#2714,#2715,#2716));
#447=EDGE_LOOP('',(#2717,#2718,#2719,#2720));
#448=EDGE_LOOP('',(#2721,#2722,#2723,#2724));
#449=EDGE_LOOP('',(#2725,#2726,#2727,#2728));
#450=EDGE_LOOP('',(#2729,#2730,#2731,#2732));
#451=EDGE_LOOP('',(#2733,#2734,#2735,#2736));
#452=EDGE_LOOP('',(#2737,#2738,#2739,#2740));
#453=EDGE_LOOP('',(#2741,#2742,#2743,#2744));
#454=EDGE_LOOP('',(#2745,#2746,#2747,#2748));
#455=EDGE_LOOP('',(#2749,#2750,#2751,#2752));
#456=EDGE_LOOP('',(#2753,#2754,#2755,#2756));
#457=EDGE_LOOP('',(#2757,#2758,#2759,#2760));
#458=EDGE_LOOP('',(#2761,#2762,#2763,#2764));
#459=EDGE_LOOP('',(#2765,#2766,#2767,#2768));
#460=EDGE_LOOP('',(#2769,#2770,#2771,#2772));
#461=EDGE_LOOP('',(#2773,#2774,#2775,#2776));
#462=EDGE_LOOP('',(#2777,#2778,#2779,#2780));
#463=EDGE_LOOP('',(#2781,#2782,#2783,#2784));
#464=EDGE_LOOP('',(#2785,#2786,#2787,#2788));
#465=EDGE_LOOP('',(#2789,#2790,#2791,#2792));
#466=EDGE_LOOP('',(#2793,#2794,#2795,#2796));
#467=EDGE_LOOP('',(#2797,#2798,#2799,#2800));
#468=EDGE_LOOP('',(#2801,#2802,#2803,#2804));
#469=EDGE_LOOP('',(#2805,#2806,#2807,#2808));
#470=EDGE_LOOP('',(#2809,#2810,#2811,#2812));
#471=EDGE_LOOP('',(#2813,#2814,#2815,#2816));
#472=EDGE_LOOP('',(#2817,#2818,#2819,#2820));
#473=EDGE_LOOP('',(#2821,#2822,#2823,#2824));
#474=EDGE_LOOP('',(#2825,#2826,#2827,#2828));
#475=EDGE_LOOP('',(#2829,#2830,#2831,#2832));
#476=EDGE_LOOP('',(#2833,#2834,#2835,#2836));
#477=EDGE_LOOP('',(#2837,#2838,#2839,#2840));
#478=EDGE_LOOP('',(#2841,#2842,#2843,#2844));
#479=EDGE_LOOP('',(#2845,#2846,#2847,#2848));
#480=EDGE_LOOP('',(#2849,#2850,#2851,#2852));
#481=EDGE_LOOP('',(#2853,#2854,#2855,#2856));
#482=EDGE_LOOP('',(#2857,#2858,#2859,#2860));
#483=EDGE_LOOP('',(#2861,#2862,#2863,#2864));
#484=EDGE_LOOP('',(#2865,#2866,#2867,#2868));
#485=EDGE_LOOP('',(#2869,#2870,#2871,#2872));
#486=EDGE_LOOP('',(#2873,#2874,#2875,#2876));
#487=EDGE_LOOP('',(#2877,#2878,#2879,#2880));
#488=EDGE_LOOP('',(#2881,#2882,#2883,#2884));
#489=EDGE_LOOP('',(#2885,#2886,#2887,#2888));
#490=EDGE_LOOP('',(#2889,#2890,#2891,#2892));
#491=EDGE_LOOP('',(#2893,#2894,#2895,#2896));
#492=EDGE_LOOP('',(#2897,#2898,#2899,#2900));
#493=EDGE_LOOP('',(#2901,#2902,#2903,#2904));
#494=EDGE_LOOP('',(#2905,#2906,#2907,#2908));
#495=EDGE_LOOP('',(#2909,#2910,#2911,#2912));
#496=EDGE_LOOP('',(#2913,#2914,#2915,#2916));
#497=EDGE_LOOP('',(#2917,#2918,#2919,#2920));
#498=EDGE_LOOP('',(#2921,#2922,#2923,#2924));
#499=EDGE_LOOP('',(#2925,#2926,#2927,#2928));
#500=EDGE_LOOP('',(#2929,#2930,#2931,#2932));
#501=EDGE_LOOP('',(#2933,#2934,#2935,#2936));
#502=EDGE_LOOP('',(#2937,#2938,#2939,#2940));
#503=EDGE_LOOP('',(#2941,#2942,#2943,#2944));
#504=EDGE_LOOP('',(#2945,#2946,#2947,#2948));
#505=EDGE_LOOP('',(#2949,#2950,#2951,#2952));
#506=EDGE_LOOP('',(#2953,#2954,#2955,#2956));
#507=EDGE_LOOP('',(#2957,#2958,#2959,#2960));
#508=EDGE_LOOP('',(#2961,#2962,#2963,#2964));
#509=EDGE_LOOP('',(#2965,#2966,#2967,#2968));
#510=EDGE_LOOP('',(#2969,#2970,#2971,#2972));
#511=EDGE_LOOP('',(#2973,#2974,#2975,#2976));
#512=EDGE_LOOP('',(#2977,#2978,#2979,#2980));
#513=EDGE_LOOP('',(#2981,#2982,#2983,#2984));
#514=EDGE_LOOP('',(#2985,#2986,#2987,#2988));
#515=EDGE_LOOP('',(#2989,#2990,#2991,#2992));
#516=EDGE_LOOP('',(#2993,#2994,#2995,#2996));
#517=EDGE_LOOP('',(#2997,#2998,#2999,#3000));
#518=EDGE_LOOP('',(#3001,#3002,#3003,#3004));
#519=EDGE_LOOP('',(#3005,#3006,#3007,#3008));
#520=EDGE_LOOP('',(#3009,#3010,#3011,#3012));
#521=EDGE_LOOP('',(#3013,#3014,#3015,#3016));
#522=EDGE_LOOP('',(#3017,#3018,#3019,#3020));
#523=EDGE_LOOP('',(#3021,#3022,#3023,#3024));
#524=EDGE_LOOP('',(#3025,#3026,#3027,#3028));
#525=EDGE_LOOP('',(#3029,#3030,#3031,#3032));
#526=EDGE_LOOP('',(#3033,#3034,#3035,#3036));
#527=EDGE_LOOP('',(#3037,#3038,#3039,#3040));
#528=EDGE_LOOP('',(#3041,#3042,#3043,#3044));
#529=EDGE_LOOP('',(#3045,#3046,#3047,#3048));
#530=EDGE_LOOP('',(#3049,#3050,#3051,#3052));
#531=EDGE_LOOP('',(#3053,#3054,#3055,#3056));
#532=EDGE_LOOP('',(#3057,#3058,#3059,#3060));
#533=EDGE_LOOP('',(#3061,#3062,#3063,#3064));
#534=EDGE_LOOP('',(#3065,#3066,#3067,#3068));
#535=EDGE_LOOP('',(#3069,#3070,#3071,#3072));
#536=EDGE_LOOP('',(#3073,#3074,#3075,#3076));
#537=EDGE_LOOP('',(#3077,#3078,#3079,#3080));
#538=EDGE_LOOP('',(#3081,#3082,#3083,#3084));
#539=EDGE_LOOP('',(#3085,#3086,#3087,#3088));
#540=EDGE_LOOP('',(#3089,#3090,#3091,#3092));
#541=EDGE_LOOP('',(#3093,#3094,#3095,#3096));
#542=EDGE_LOOP('',(#3097,#3098,#3099,#3100));
#543=EDGE_LOOP('',(#3101,#3102,#3103,#3104));
#544=EDGE_LOOP('',(#3105,#3106,#3107,#3108));
#545=EDGE_LOOP('',(#3109,#3110,#3111,#3112));
#546=EDGE_LOOP('',(#3113,#3114,#3115,#3116));
#547=EDGE_LOOP('',(#3117,#3118,#3119,#3120));
#548=EDGE_LOOP('',(#3121,#3122,#3123,#3124));
#549=EDGE_LOOP('',(#3125,#3126,#3127,#3128));
#550=EDGE_LOOP('',(#3129,#3130,#3131,#3132));
#551=EDGE_LOOP('',(#3133,#3134,#3135,#3136));
#552=EDGE_LOOP('',(#3137,#3138,#3139,#3140));
#553=EDGE_LOOP('',(#3141,#3142,#3143,#3144));
#554=EDGE_LOOP('',(#3145,#3146,#3147,#3148));
#555=EDGE_LOOP('',(#3149,#3150,#3151,#3152));
#556=EDGE_LOOP('',(#3153,#3154,#3155,#3156));
#557=EDGE_LOOP('',(#3157,#3158,#3159,#3160));
#558=EDGE_LOOP('',(#3161,#3162,#3163,#3164));
#559=EDGE_LOOP('',(#3165,#3166,#3167,#3168));
#560=EDGE_LOOP('',(#3169,#3170,#3171,#3172));
#561=EDGE_LOOP('',(#3173,#3174,#3175,#3176));
#562=EDGE_LOOP('',(#3177,#3178,#3179,#3180));
#563=EDGE_LOOP('',(#3181,#3182,#3183,#3184));
#564=EDGE_LOOP('',(#3185,#3186,#3187,#3188));
#565=EDGE_LOOP('',(#3189,#3190,#3191,#3192));
#566=EDGE_LOOP('',(#3193,#3194,#3195,#3196));
#567=EDGE_LOOP('',(#3197,#3198,#3199,#3200));
#568=EDGE_LOOP('',(#3201,#3202,#3203,#3204));
#569=EDGE_LOOP('',(#3205,#3206,#3207,#3208));
#570=EDGE_LOOP('',(#3209,#3210,#3211,#3212));
#571=EDGE_LOOP('',(#3213,#3214,#3215,#3216));
#572=EDGE_LOOP('',(#3217,#3218,#3219,#3220));
#573=LINE('',#4956,#869);
#574=LINE('',#4959,#870);
#575=LINE('',#4962,#871);
#576=LINE('',#4964,#872);
#577=LINE('',#4965,#873);
#578=LINE('',#4971,#874);
#579=LINE('',#4974,#875);
#580=LINE('',#4977,#876);
#581=LINE('',#4979,#877);
#582=LINE('',#4980,#878);
#583=LINE('',#4986,#879);
#584=LINE('',#4989,#880);
#585=LINE('',#4992,#881);
#586=LINE('',#4994,#882);
#587=LINE('',#4995,#883);
#588=LINE('',#5001,#884);
#589=LINE('',#5004,#885);
#590=LINE('',#5007,#886);
#591=LINE('',#5009,#887);
#592=LINE('',#5010,#888);
#593=LINE('',#5016,#889);
#594=LINE('',#5019,#890);
#595=LINE('',#5022,#891);
#596=LINE('',#5024,#892);
#597=LINE('',#5025,#893);
#598=LINE('',#5031,#894);
#599=LINE('',#5034,#895);
#600=LINE('',#5037,#896);
#601=LINE('',#5039,#897);
#602=LINE('',#5040,#898);
#603=LINE('',#5045,#899);
#604=LINE('',#5052,#900);
#605=LINE('',#5055,#901);
#606=LINE('',#5058,#902);
#607=LINE('',#5060,#903);
#608=LINE('',#5061,#904);
#609=LINE('',#5067,#905);
#610=LINE('',#5072,#906);
#611=LINE('',#5079,#907);
#612=LINE('',#5082,#908);
#613=LINE('',#5085,#909);
#614=LINE('',#5087,#910);
#615=LINE('',#5088,#911);
#616=LINE('',#5094,#912);
#617=LINE('',#5100,#913);
#618=LINE('',#5106,#914);
#619=LINE('',#5112,#915);
#620=LINE('',#5118,#916);
#621=LINE('',#5120,#917);
#622=LINE('',#5121,#918);
#623=LINE('',#5124,#919);
#624=LINE('',#5128,#920);
#625=LINE('',#5132,#921);
#626=LINE('',#5136,#922);
#627=LINE('',#5140,#923);
#628=LINE('',#5144,#924);
#629=LINE('',#5148,#925);
#630=LINE('',#5152,#926);
#631=LINE('',#5158,#927);
#632=LINE('',#5164,#928);
#633=LINE('',#5168,#929);
#634=LINE('',#5172,#930);
#635=LINE('',#5176,#931);
#636=LINE('',#5180,#932);
#637=LINE('',#5184,#933);
#638=LINE('',#5188,#934);
#639=LINE('',#5191,#935);
#640=LINE('',#5195,#936);
#641=LINE('',#5198,#937);
#642=LINE('',#5202,#938);
#643=LINE('',#5206,#939);
#644=LINE('',#5210,#940);
#645=LINE('',#5214,#941);
#646=LINE('',#5218,#942);
#647=LINE('',#5222,#943);
#648=LINE('',#5226,#944);
#649=LINE('',#5232,#945);
#650=LINE('',#5238,#946);
#651=LINE('',#5242,#947);
#652=LINE('',#5246,#948);
#653=LINE('',#5250,#949);
#654=LINE('',#5254,#950);
#655=LINE('',#5258,#951);
#656=LINE('',#5262,#952);
#657=LINE('',#5265,#953);
#658=LINE('',#5269,#954);
#659=LINE('',#5297,#955);
#660=LINE('',#5301,#956);
#661=LINE('',#5305,#957);
#662=LINE('',#5309,#958);
#663=LINE('',#5313,#959);
#664=LINE('',#5317,#960);
#665=LINE('',#5321,#961);
#666=LINE('',#5325,#962);
#667=LINE('',#5329,#963);
#668=LINE('',#5363,#964);
#669=LINE('',#5367,#965);
#670=LINE('',#5371,#966);
#671=LINE('',#5385,#967);
#672=LINE('',#5388,#968);
#673=LINE('',#5389,#969);
#674=LINE('',#5391,#970);
#675=LINE('',#5395,#971);
#676=LINE('',#5398,#972);
#677=LINE('',#5400,#973);
#678=LINE('',#5404,#974);
#679=LINE('',#5405,#975);
#680=LINE('',#5408,#976);
#681=LINE('',#5409,#977);
#682=LINE('',#5412,#978);
#683=LINE('',#5413,#979);
#684=LINE('',#5416,#980);
#685=LINE('',#5417,#981);
#686=LINE('',#5419,#982);
#687=LINE('',#5424,#983);
#688=LINE('',#5429,#984);
#689=LINE('',#5433,#985);
#690=LINE('',#5437,#986);
#691=LINE('',#5441,#987);
#692=LINE('',#5445,#988);
#693=LINE('',#5449,#989);
#694=LINE('',#5453,#990);
#695=LINE('',#5459,#991);
#696=LINE('',#5465,#992);
#697=LINE('',#5469,#993);
#698=LINE('',#5473,#994);
#699=LINE('',#5477,#995);
#700=LINE('',#5481,#996);
#701=LINE('',#5485,#997);
#702=LINE('',#5489,#998);
#703=LINE('',#5492,#999);
#704=LINE('',#5496,#1000);
#705=LINE('',#5499,#1001);
#706=LINE('',#5503,#1002);
#707=LINE('',#5507,#1003);
#708=LINE('',#5511,#1004);
#709=LINE('',#5515,#1005);
#710=LINE('',#5519,#1006);
#711=LINE('',#5523,#1007);
#712=LINE('',#5527,#1008);
#713=LINE('',#5533,#1009);
#714=LINE('',#5539,#1010);
#715=LINE('',#5543,#1011);
#716=LINE('',#5547,#1012);
#717=LINE('',#5551,#1013);
#718=LINE('',#5555,#1014);
#719=LINE('',#5559,#1015);
#720=LINE('',#5563,#1016);
#721=LINE('',#5567,#1017);
#722=LINE('',#5596,#1018);
#723=LINE('',#5600,#1019);
#724=LINE('',#5604,#1020);
#725=LINE('',#5608,#1021);
#726=LINE('',#5612,#1022);
#727=LINE('',#5616,#1023);
#728=LINE('',#5620,#1024);
#729=LINE('',#5624,#1025);
#730=LINE('',#5628,#1026);
#731=LINE('',#5672,#1027);
#732=LINE('',#5676,#1028);
#733=LINE('',#5680,#1029);
#734=LINE('',#5684,#1030);
#735=LINE('',#5687,#1031);
#736=LINE('',#5689,#1032);
#737=LINE('',#5692,#1033);
#738=LINE('',#5694,#1034);
#739=LINE('',#5696,#1035);
#740=LINE('',#5698,#1036);
#741=LINE('',#5700,#1037);
#742=LINE('',#5701,#1038);
#743=LINE('',#5703,#1039);
#744=LINE('',#5705,#1040);
#745=LINE('',#5706,#1041);
#746=LINE('',#5708,#1042);
#747=LINE('',#5710,#1043);
#748=LINE('',#5711,#1044);
#749=LINE('',#5713,#1045);
#750=LINE('',#5716,#1046);
#751=LINE('',#5717,#1047);
#752=LINE('',#5719,#1048);
#753=LINE('',#5721,#1049);
#754=LINE('',#5722,#1050);
#755=LINE('',#5724,#1051);
#756=LINE('',#5726,#1052);
#757=LINE('',#5728,#1053);
#758=LINE('',#5729,#1054);
#759=LINE('',#5732,#1055);
#760=LINE('',#5733,#1056);
#761=LINE('',#5735,#1057);
#762=LINE('',#5737,#1058);
#763=LINE('',#5739,#1059);
#764=LINE('',#5741,#1060);
#765=LINE('',#5744,#1061);
#766=LINE('',#5745,#1062);
#767=LINE('',#5747,#1063);
#768=LINE('',#5749,#1064);
#769=LINE('',#5751,#1065);
#770=LINE('',#5753,#1066);
#771=LINE('',#5754,#1067);
#772=LINE('',#5756,#1068);
#773=LINE('',#5758,#1069);
#774=LINE('',#5760,#1070);
#775=LINE('',#5761,#1071);
#776=LINE('',#5763,#1072);
#777=LINE('',#5765,#1073);
#778=LINE('',#5767,#1074);
#779=LINE('',#5769,#1075);
#780=LINE('',#5771,#1076);
#781=LINE('',#5773,#1077);
#782=LINE('',#5775,#1078);
#783=LINE('',#5776,#1079);
#784=LINE('',#5778,#1080);
#785=LINE('',#5781,#1081);
#786=LINE('',#5782,#1082);
#787=LINE('',#5784,#1083);
#788=LINE('',#5786,#1084);
#789=LINE('',#5787,#1085);
#790=LINE('',#5790,#1086);
#791=LINE('',#5791,#1087);
#792=LINE('',#5793,#1088);
#793=LINE('',#5795,#1089);
#794=LINE('',#5797,#1090);
#795=LINE('',#5798,#1091);
#796=LINE('',#5800,#1092);
#797=LINE('',#5802,#1093);
#798=LINE('',#5804,#1094);
#799=LINE('',#5806,#1095);
#800=LINE('',#5807,#1096);
#801=LINE('',#5809,#1097);
#802=LINE('',#5811,#1098);
#803=LINE('',#5812,#1099);
#804=LINE('',#5814,#1100);
#805=LINE('',#5816,#1101);
#806=LINE('',#5818,#1102);
#807=LINE('',#5819,#1103);
#808=LINE('',#5821,#1104);
#809=LINE('',#5823,#1105);
#810=LINE('',#5824,#1106);
#811=LINE('',#5826,#1107);
#812=LINE('',#5828,#1108);
#813=LINE('',#5829,#1109);
#814=LINE('',#5831,#1110);
#815=LINE('',#5833,#1111);
#816=LINE('',#5835,#1112);
#817=LINE('',#5837,#1113);
#818=LINE('',#5839,#1114);
#819=LINE('',#5841,#1115);
#820=LINE('',#5843,#1116);
#821=LINE('',#5845,#1117);
#822=LINE('',#5848,#1118);
#823=LINE('',#5849,#1119);
#824=LINE('',#5852,#1120);
#825=LINE('',#5853,#1121);
#826=LINE('',#5856,#1122);
#827=LINE('',#5860,#1123);
#828=LINE('',#5864,#1124);
#829=LINE('',#5866,#1125);
#830=LINE('',#5868,#1126);
#831=LINE('',#5870,#1127);
#832=LINE('',#5873,#1128);
#833=LINE('',#5875,#1129);
#834=LINE('',#5877,#1130);
#835=LINE('',#5880,#1131);
#836=LINE('',#5882,#1132);
#837=LINE('',#5884,#1133);
#838=LINE('',#5887,#1134);
#839=LINE('',#5889,#1135);
#840=LINE('',#5891,#1136);
#841=LINE('',#5894,#1137);
#842=LINE('',#5896,#1138);
#843=LINE('',#5898,#1139);
#844=LINE('',#5900,#1140);
#845=LINE('',#5905,#1141);
#846=LINE('',#5907,#1142);
#847=LINE('',#5909,#1143);
#848=LINE('',#5911,#1144);
#849=LINE('',#5913,#1145);
#850=LINE('',#5915,#1146);
#851=LINE('',#5918,#1147);
#852=LINE('',#5921,#1148);
#853=LINE('',#5923,#1149);
#854=LINE('',#5925,#1150);
#855=LINE('',#5927,#1151);
#856=LINE('',#5929,#1152);
#857=LINE('',#5934,#1153);
#858=LINE('',#5936,#1154);
#859=LINE('',#5938,#1155);
#860=LINE('',#5940,#1156);
#861=LINE('',#5942,#1157);
#862=LINE('',#5944,#1158);
#863=LINE('',#5946,#1159);
#864=LINE('',#5949,#1160);
#865=LINE('',#5951,#1161);
#866=LINE('',#5953,#1162);
#867=LINE('',#5955,#1163);
#868=LINE('',#5957,#1164);
#869=VECTOR('',#3902,10.);
#870=VECTOR('',#3905,10.);
#871=VECTOR('',#3908,10.);
#872=VECTOR('',#3909,2.);
#873=VECTOR('',#3910,10.);
#874=VECTOR('',#3915,10.);
#875=VECTOR('',#3918,10.);
#876=VECTOR('',#3921,10.);
#877=VECTOR('',#3922,2.);
#878=VECTOR('',#3923,10.);
#879=VECTOR('',#3928,10.);
#880=VECTOR('',#3931,10.);
#881=VECTOR('',#3934,10.);
#882=VECTOR('',#3935,10.);
#883=VECTOR('',#3936,10.);
#884=VECTOR('',#3941,10.);
#885=VECTOR('',#3944,10.);
#886=VECTOR('',#3947,10.);
#887=VECTOR('',#3948,10.);
#888=VECTOR('',#3949,10.);
#889=VECTOR('',#3954,10.);
#890=VECTOR('',#3957,10.);
#891=VECTOR('',#3960,10.);
#892=VECTOR('',#3961,10.);
#893=VECTOR('',#3962,10.);
#894=VECTOR('',#3967,10.);
#895=VECTOR('',#3970,10.);
#896=VECTOR('',#3973,10.);
#897=VECTOR('',#3974,10.);
#898=VECTOR('',#3975,10.);
#899=VECTOR('',#3980,2.);
#900=VECTOR('',#3987,2.);
#901=VECTOR('',#3990,2.);
#902=VECTOR('',#3993,10.);
#903=VECTOR('',#3994,10.);
#904=VECTOR('',#3995,10.);
#905=VECTOR('',#4002,10.);
#906=VECTOR('',#4007,2.);
#907=VECTOR('',#4014,2.);
#908=VECTOR('',#4017,2.);
#909=VECTOR('',#4020,10.);
#910=VECTOR('',#4021,10.);
#911=VECTOR('',#4022,10.);
#912=VECTOR('',#4029,10.);
#913=VECTOR('',#4036,10.);
#914=VECTOR('',#4043,10.);
#915=VECTOR('',#4050,10.);
#916=VECTOR('',#4057,10.);
#917=VECTOR('',#4060,10.);
#918=VECTOR('',#4061,10.);
#919=VECTOR('',#4064,10.);
#920=VECTOR('',#4067,10.);
#921=VECTOR('',#4070,10.);
#922=VECTOR('',#4073,10.);
#923=VECTOR('',#4076,10.);
#924=VECTOR('',#4079,10.);
#925=VECTOR('',#4082,10.);
#926=VECTOR('',#4085,10.);
#927=VECTOR('',#4090,10.);
#928=VECTOR('',#4095,10.);
#929=VECTOR('',#4098,10.);
#930=VECTOR('',#4101,10.);
#931=VECTOR('',#4104,10.);
#932=VECTOR('',#4107,10.);
#933=VECTOR('',#4110,10.);
#934=VECTOR('',#4113,10.);
#935=VECTOR('',#4116,10.);
#936=VECTOR('',#4119,10.);
#937=VECTOR('',#4122,10.);
#938=VECTOR('',#4125,10.);
#939=VECTOR('',#4128,10.);
#940=VECTOR('',#4131,10.);
#941=VECTOR('',#4134,10.);
#942=VECTOR('',#4137,10.);
#943=VECTOR('',#4140,10.);
#944=VECTOR('',#4143,10.);
#945=VECTOR('',#4148,10.);
#946=VECTOR('',#4153,10.);
#947=VECTOR('',#4156,10.);
#948=VECTOR('',#4159,10.);
#949=VECTOR('',#4162,10.);
#950=VECTOR('',#4165,10.);
#951=VECTOR('',#4168,10.);
#952=VECTOR('',#4171,10.);
#953=VECTOR('',#4174,10.);
#954=VECTOR('',#4177,10.);
#955=VECTOR('',#4204,10.);
#956=VECTOR('',#4207,10.);
#957=VECTOR('',#4210,10.);
#958=VECTOR('',#4213,10.);
#959=VECTOR('',#4216,10.);
#960=VECTOR('',#4219,10.);
#961=VECTOR('',#4222,10.);
#962=VECTOR('',#4225,10.);
#963=VECTOR('',#4228,10.);
#964=VECTOR('',#4261,10.);
#965=VECTOR('',#4264,10.);
#966=VECTOR('',#4267,10.);
#967=VECTOR('',#4280,10.);
#968=VECTOR('',#4283,10.);
#969=VECTOR('',#4284,10.);
#970=VECTOR('',#4285,10.);
#971=VECTOR('',#4288,10.);
#972=VECTOR('',#4291,10.);
#973=VECTOR('',#4292,10.);
#974=VECTOR('',#4297,10.);
#975=VECTOR('',#4298,10.);
#976=VECTOR('',#4301,10.);
#977=VECTOR('',#4302,10.);
#978=VECTOR('',#4305,10.);
#979=VECTOR('',#4306,10.);
#980=VECTOR('',#4309,10.);
#981=VECTOR('',#4310,10.);
#982=VECTOR('',#4313,10.);
#983=VECTOR('',#4318,10.);
#984=VECTOR('',#4323,10.);
#985=VECTOR('',#4326,10.);
#986=VECTOR('',#4329,10.);
#987=VECTOR('',#4332,10.);
#988=VECTOR('',#4335,10.);
#989=VECTOR('',#4338,10.);
#990=VECTOR('',#4341,10.);
#991=VECTOR('',#4346,10.);
#992=VECTOR('',#4351,10.);
#993=VECTOR('',#4354,10.);
#994=VECTOR('',#4357,10.);
#995=VECTOR('',#4360,10.);
#996=VECTOR('',#4363,10.);
#997=VECTOR('',#4366,10.);
#998=VECTOR('',#4369,10.);
#999=VECTOR('',#4372,10.);
#1000=VECTOR('',#4375,10.);
#1001=VECTOR('',#4378,10.);
#1002=VECTOR('',#4381,10.);
#1003=VECTOR('',#4384,10.);
#1004=VECTOR('',#4387,10.);
#1005=VECTOR('',#4390,10.);
#1006=VECTOR('',#4393,10.);
#1007=VECTOR('',#4396,10.);
#1008=VECTOR('',#4399,10.);
#1009=VECTOR('',#4404,10.);
#1010=VECTOR('',#4409,10.);
#1011=VECTOR('',#4412,10.);
#1012=VECTOR('',#4415,10.);
#1013=VECTOR('',#4418,10.);
#1014=VECTOR('',#4421,10.);
#1015=VECTOR('',#4424,10.);
#1016=VECTOR('',#4427,10.);
#1017=VECTOR('',#4430,10.);
#1018=VECTOR('',#4459,10.);
#1019=VECTOR('',#4462,10.);
#1020=VECTOR('',#4465,10.);
#1021=VECTOR('',#4468,10.);
#1022=VECTOR('',#4471,10.);
#1023=VECTOR('',#4474,10.);
#1024=VECTOR('',#4477,10.);
#1025=VECTOR('',#4480,10.);
#1026=VECTOR('',#4483,10.);
#1027=VECTOR('',#4526,10.);
#1028=VECTOR('',#4529,10.);
#1029=VECTOR('',#4532,10.);
#1030=VECTOR('',#4535,10.);
#1031=VECTOR('',#4538,10.);
#1032=VECTOR('',#4539,10.);
#1033=VECTOR('',#4544,10.);
#1034=VECTOR('',#4547,10.);
#1035=VECTOR('',#4550,10.);
#1036=VECTOR('',#4553,10.);
#1037=VECTOR('',#4556,10.);
#1038=VECTOR('',#4557,10.);
#1039=VECTOR('',#4560,10.);
#1040=VECTOR('',#4563,10.);
#1041=VECTOR('',#4564,10.);
#1042=VECTOR('',#4567,10.);
#1043=VECTOR('',#4570,10.);
#1044=VECTOR('',#4571,10.);
#1045=VECTOR('',#4574,10.);
#1046=VECTOR('',#4579,10.);
#1047=VECTOR('',#4580,10.);
#1048=VECTOR('',#4583,10.);
#1049=VECTOR('',#4586,10.);
#1050=VECTOR('',#4587,10.);
#1051=VECTOR('',#4590,10.);
#1052=VECTOR('',#4593,10.);
#1053=VECTOR('',#4596,10.);
#1054=VECTOR('',#4597,10.);
#1055=VECTOR('',#4602,10.);
#1056=VECTOR('',#4603,10.);
#1057=VECTOR('',#4606,10.);
#1058=VECTOR('',#4609,10.);
#1059=VECTOR('',#4612,10.);
#1060=VECTOR('',#4615,10.);
#1061=VECTOR('',#4620,10.);
#1062=VECTOR('',#4621,10.);
#1063=VECTOR('',#4624,10.);
#1064=VECTOR('',#4627,10.);
#1065=VECTOR('',#4630,10.);
#1066=VECTOR('',#4633,10.);
#1067=VECTOR('',#4634,10.);
#1068=VECTOR('',#4637,10.);
#1069=VECTOR('',#4640,10.);
#1070=VECTOR('',#4643,10.);
#1071=VECTOR('',#4644,10.);
#1072=VECTOR('',#4647,10.);
#1073=VECTOR('',#4650,10.);
#1074=VECTOR('',#4653,10.);
#1075=VECTOR('',#4656,10.);
#1076=VECTOR('',#4659,10.);
#1077=VECTOR('',#4662,10.);
#1078=VECTOR('',#4665,10.);
#1079=VECTOR('',#4666,10.);
#1080=VECTOR('',#4669,10.);
#1081=VECTOR('',#4674,10.);
#1082=VECTOR('',#4675,10.);
#1083=VECTOR('',#4678,10.);
#1084=VECTOR('',#4681,10.);
#1085=VECTOR('',#4682,10.);
#1086=VECTOR('',#4687,10.);
#1087=VECTOR('',#4688,10.);
#1088=VECTOR('',#4691,10.);
#1089=VECTOR('',#4694,10.);
#1090=VECTOR('',#4697,10.);
#1091=VECTOR('',#4698,10.);
#1092=VECTOR('',#4701,10.);
#1093=VECTOR('',#4704,10.);
#1094=VECTOR('',#4707,10.);
#1095=VECTOR('',#4710,10.);
#1096=VECTOR('',#4711,10.);
#1097=VECTOR('',#4714,10.);
#1098=VECTOR('',#4717,10.);
#1099=VECTOR('',#4718,10.);
#1100=VECTOR('',#4721,10.);
#1101=VECTOR('',#4724,10.);
#1102=VECTOR('',#4727,10.);
#1103=VECTOR('',#4728,10.);
#1104=VECTOR('',#4731,10.);
#1105=VECTOR('',#4734,10.);
#1106=VECTOR('',#4735,10.);
#1107=VECTOR('',#4738,10.);
#1108=VECTOR('',#4741,10.);
#1109=VECTOR('',#4742,10.);
#1110=VECTOR('',#4745,10.);
#1111=VECTOR('',#4748,10.);
#1112=VECTOR('',#4751,10.);
#1113=VECTOR('',#4754,10.);
#1114=VECTOR('',#4757,10.);
#1115=VECTOR('',#4760,10.);
#1116=VECTOR('',#4763,10.);
#1117=VECTOR('',#4766,10.);
#1118=VECTOR('',#4771,10.);
#1119=VECTOR('',#4772,10.);
#1120=VECTOR('',#4777,10.);
#1121=VECTOR('',#4778,10.);
#1122=VECTOR('',#4783,10.);
#1123=VECTOR('',#4790,10.);
#1124=VECTOR('',#4797,10.);
#1125=VECTOR('',#4800,1.05);
#1126=VECTOR('',#4803,1.05);
#1127=VECTOR('',#4806,10.);
#1128=VECTOR('',#4811,1.05);
#1129=VECTOR('',#4814,1.05);
#1130=VECTOR('',#4817,10.);
#1131=VECTOR('',#4822,1.05);
#1132=VECTOR('',#4825,1.05);
#1133=VECTOR('',#4828,10.);
#1134=VECTOR('',#4833,1.05);
#1135=VECTOR('',#4836,1.05);
#1136=VECTOR('',#4839,10.);
#1137=VECTOR('',#4844,1.05);
#1138=VECTOR('',#4847,1.05);
#1139=VECTOR('',#4850,1.05);
#1140=VECTOR('',#4853,1.05);
#1141=VECTOR('',#4862,1.05);
#1142=VECTOR('',#4865,1.05);
#1143=VECTOR('',#4868,1.05);
#1144=VECTOR('',#4871,1.05);
#1145=VECTOR('',#4874,2.15);
#1146=VECTOR('',#4877,10.);
#1147=VECTOR('',#4882,10.);
#1148=VECTOR('',#4887,1.05);
#1149=VECTOR('',#4890,1.05);
#1150=VECTOR('',#4893,1.05);
#1151=VECTOR('',#4896,1.05);
#1152=VECTOR('',#4899,2.15);
#1153=VECTOR('',#4908,1.05);
#1154=VECTOR('',#4911,1.05);
#1155=VECTOR('',#4914,1.05);
#1156=VECTOR('',#4917,1.05);
#1157=VECTOR('',#4920,2.15);
#1158=VECTOR('',#4923,10.);
#1159=VECTOR('',#4926,10.);
#1160=VECTOR('',#4931,1.05);
#1161=VECTOR('',#4934,1.05);
#1162=VECTOR('',#4937,1.05);
#1163=VECTOR('',#4940,1.05);
#1164=VECTOR('',#4943,2.15);
#1165=CIRCLE('',#3519,2.);
#1166=CIRCLE('',#3520,2.);
#1167=CIRCLE('',#3523,2.);
#1168=CIRCLE('',#3524,2.);
#1169=CIRCLE('',#3527,2.);
#1170=CIRCLE('',#3528,2.);
#1171=CIRCLE('',#3531,2.);
#1172=CIRCLE('',#3532,2.);
#1173=CIRCLE('',#3535,2.);
#1174=CIRCLE('',#3536,2.);
#1175=CIRCLE('',#3539,2.);
#1176=CIRCLE('',#3540,2.);
#1177=CIRCLE('',#3543,2.);
#1178=CIRCLE('',#3544,2.);
#1179=CIRCLE('',#3546,2.);
#1180=CIRCLE('',#3547,2.);
#1181=CIRCLE('',#3550,2.);
#1182=CIRCLE('',#3551,2.);
#1183=CIRCLE('',#3553,2.);
#1184=CIRCLE('',#3554,2.);
#1185=CIRCLE('',#3556,2.);
#1186=CIRCLE('',#3557,2.);
#1187=CIRCLE('',#3560,2.);
#1188=CIRCLE('',#3561,2.);
#1189=CIRCLE('',#3563,2.);
#1190=CIRCLE('',#3564,2.);
#1191=CIRCLE('',#3566,2.);
#1192=CIRCLE('',#3567,2.);
#1193=CIRCLE('',#3569,2.);
#1194=CIRCLE('',#3570,2.);
#1195=CIRCLE('',#3572,2.);
#1196=CIRCLE('',#3573,2.);
#1197=CIRCLE('',#3576,2.);
#1198=CIRCLE('',#3577,2.);
#1199=CIRCLE('',#3578,7.);
#1200=CIRCLE('',#3579,2.);
#1201=CIRCLE('',#3580,2.);
#1202=CIRCLE('',#3581,2.);
#1203=CIRCLE('',#3582,2.);
#1204=CIRCLE('',#3583,2.);
#1205=CIRCLE('',#3584,3.);
#1206=CIRCLE('',#3585,3.);
#1207=CIRCLE('',#3586,2.);
#1208=CIRCLE('',#3587,2.);
#1209=CIRCLE('',#3588,2.);
#1210=CIRCLE('',#3589,2.);
#1211=CIRCLE('',#3590,2.);
#1212=CIRCLE('',#3591,7.);
#1213=CIRCLE('',#3592,2.);
#1214=CIRCLE('',#3593,2.);
#1215=CIRCLE('',#3594,3.);
#1216=CIRCLE('',#3595,3.);
#1217=CIRCLE('',#3596,2.);
#1218=CIRCLE('',#3597,2.);
#1219=CIRCLE('',#3598,7.);
#1220=CIRCLE('',#3599,2.);
#1221=CIRCLE('',#3600,2.);
#1222=CIRCLE('',#3601,2.);
#1223=CIRCLE('',#3602,2.);
#1224=CIRCLE('',#3603,2.);
#1225=CIRCLE('',#3604,3.);
#1226=CIRCLE('',#3605,3.);
#1227=CIRCLE('',#3606,2.);
#1228=CIRCLE('',#3607,2.);
#1229=CIRCLE('',#3608,2.);
#1230=CIRCLE('',#3609,2.);
#1231=CIRCLE('',#3610,2.);
#1232=CIRCLE('',#3611,7.);
#1233=CIRCLE('',#3612,2.);
#1234=CIRCLE('',#3613,2.);
#1235=CIRCLE('',#3614,3.);
#1236=CIRCLE('',#3615,3.);
#1237=CIRCLE('',#3616,1.05);
#1238=CIRCLE('',#3617,1.05);
#1239=CIRCLE('',#3618,1.05);
#1240=CIRCLE('',#3619,1.05);
#1241=CIRCLE('',#3620,1.05);
#1242=CIRCLE('',#3621,1.05);
#1243=CIRCLE('',#3622,1.05);
#1244=CIRCLE('',#3623,1.05);
#1245=CIRCLE('',#3624,1.05);
#1246=CIRCLE('',#3625,1.05);
#1247=CIRCLE('',#3626,1.05);
#1248=CIRCLE('',#3627,1.05);
#1249=CIRCLE('',#3628,1.);
#1250=CIRCLE('',#3629,1.);
#1251=CIRCLE('',#3630,1.);
#1252=CIRCLE('',#3631,1.);
#1253=CIRCLE('',#3632,1.);
#1254=CIRCLE('',#3633,1.);
#1255=CIRCLE('',#3634,1.);
#1256=CIRCLE('',#3635,1.);
#1257=CIRCLE('',#3636,1.);
#1258=CIRCLE('',#3637,1.05);
#1259=CIRCLE('',#3638,1.05);
#1260=CIRCLE('',#3639,1.05);
#1261=CIRCLE('',#3640,1.05);
#1262=CIRCLE('',#3641,2.15);
#1263=CIRCLE('',#3642,2.15);
#1264=CIRCLE('',#3643,1.05);
#1265=CIRCLE('',#3644,1.05);
#1266=CIRCLE('',#3645,1.05);
#1267=CIRCLE('',#3646,1.05);
#1268=CIRCLE('',#3647,2.15);
#1269=CIRCLE('',#3648,1.05);
#1270=CIRCLE('',#3649,1.05);
#1271=CIRCLE('',#3650,1.05);
#1272=CIRCLE('',#3651,1.05);
#1273=CIRCLE('',#3652,1.);
#1274=CIRCLE('',#3653,1.);
#1275=CIRCLE('',#3654,1.);
#1276=CIRCLE('',#3655,1.05);
#1277=CIRCLE('',#3656,1.05);
#1278=CIRCLE('',#3657,1.05);
#1279=CIRCLE('',#3658,1.05);
#1280=CIRCLE('',#3659,2.15);
#1281=CIRCLE('',#3660,2.);
#1282=CIRCLE('',#3661,2.);
#1283=CIRCLE('',#3662,2.);
#1284=CIRCLE('',#3663,2.);
#1285=CIRCLE('',#3670,3.);
#1286=CIRCLE('',#3671,3.);
#1287=CIRCLE('',#3672,2.);
#1288=CIRCLE('',#3673,2.);
#1289=CIRCLE('',#3674,7.);
#1290=CIRCLE('',#3675,2.);
#1291=CIRCLE('',#3676,2.);
#1292=CIRCLE('',#3677,2.);
#1293=CIRCLE('',#3678,2.);
#1294=CIRCLE('',#3679,2.);
#1295=CIRCLE('',#3680,3.);
#1296=CIRCLE('',#3681,3.);
#1297=CIRCLE('',#3682,2.);
#1298=CIRCLE('',#3683,2.);
#1299=CIRCLE('',#3684,2.);
#1300=CIRCLE('',#3685,2.);
#1301=CIRCLE('',#3686,2.);
#1302=CIRCLE('',#3687,7.);
#1303=CIRCLE('',#3688,2.);
#1304=CIRCLE('',#3689,2.);
#1305=CIRCLE('',#3690,3.);
#1306=CIRCLE('',#3691,3.);
#1307=CIRCLE('',#3692,2.);
#1308=CIRCLE('',#3693,2.);
#1309=CIRCLE('',#3694,7.);
#1310=CIRCLE('',#3695,2.);
#1311=CIRCLE('',#3696,2.);
#1312=CIRCLE('',#3697,2.);
#1313=CIRCLE('',#3698,2.);
#1314=CIRCLE('',#3699,2.);
#1315=CIRCLE('',#3700,3.);
#1316=CIRCLE('',#3701,3.);
#1317=CIRCLE('',#3702,2.);
#1318=CIRCLE('',#3703,2.);
#1319=CIRCLE('',#3704,2.);
#1320=CIRCLE('',#3705,2.);
#1321=CIRCLE('',#3706,2.);
#1322=CIRCLE('',#3707,7.);
#1323=CIRCLE('',#3708,2.);
#1324=CIRCLE('',#3709,2.);
#1325=CIRCLE('',#3710,2.);
#1326=CIRCLE('',#3711,2.);
#1327=CIRCLE('',#3712,1.05);
#1328=CIRCLE('',#3713,1.05);
#1329=CIRCLE('',#3714,1.05);
#1330=CIRCLE('',#3715,1.05);
#1331=CIRCLE('',#3716,1.05);
#1332=CIRCLE('',#3717,1.05);
#1333=CIRCLE('',#3718,1.05);
#1334=CIRCLE('',#3719,1.05);
#1335=CIRCLE('',#3720,1.05);
#1336=CIRCLE('',#3721,1.05);
#1337=CIRCLE('',#3722,1.05);
#1338=CIRCLE('',#3723,1.05);
#1339=CIRCLE('',#3724,1.);
#1340=CIRCLE('',#3725,1.);
#1341=CIRCLE('',#3726,1.);
#1342=CIRCLE('',#3727,1.);
#1343=CIRCLE('',#3728,1.);
#1344=CIRCLE('',#3729,1.);
#1345=CIRCLE('',#3730,1.);
#1346=CIRCLE('',#3731,1.);
#1347=CIRCLE('',#3732,1.);
#1348=CIRCLE('',#3733,2.15);
#1349=CIRCLE('',#3734,1.05);
#1350=CIRCLE('',#3735,1.05);
#1351=CIRCLE('',#3736,1.05);
#1352=CIRCLE('',#3737,1.05);
#1353=CIRCLE('',#3738,2.15);
#1354=CIRCLE('',#3739,1.05);
#1355=CIRCLE('',#3740,1.05);
#1356=CIRCLE('',#3741,1.05);
#1357=CIRCLE('',#3742,1.05);
#1358=CIRCLE('',#3743,2.15);
#1359=CIRCLE('',#3744,1.05);
#1360=CIRCLE('',#3745,1.05);
#1361=CIRCLE('',#3746,1.05);
#1362=CIRCLE('',#3747,1.05);
#1363=CIRCLE('',#3748,2.15);
#1364=CIRCLE('',#3749,1.05);
#1365=CIRCLE('',#3750,1.05);
#1366=CIRCLE('',#3751,1.05);
#1367=CIRCLE('',#3752,1.05);
#1368=CIRCLE('',#3753,1.);
#1369=CIRCLE('',#3754,1.);
#1370=CIRCLE('',#3755,1.);
#1371=CIRCLE('',#3756,2.);
#1372=CIRCLE('',#3757,2.);
#1373=VERTEX_POINT('',#4952);
#1374=VERTEX_POINT('',#4953);
#1375=VERTEX_POINT('',#4955);
#1376=VERTEX_POINT('',#4957);
#1377=VERTEX_POINT('',#4961);
#1378=VERTEX_POINT('',#4963);
#1379=VERTEX_POINT('',#4967);
#1380=VERTEX_POINT('',#4968);
#1381=VERTEX_POINT('',#4970);
#1382=VERTEX_POINT('',#4972);
#1383=VERTEX_POINT('',#4976);
#1384=VERTEX_POINT('',#4978);
#1385=VERTEX_POINT('',#4982);
#1386=VERTEX_POINT('',#4983);
#1387=VERTEX_POINT('',#4985);
#1388=VERTEX_POINT('',#4987);
#1389=VERTEX_POINT('',#4991);
#1390=VERTEX_POINT('',#4993);
#1391=VERTEX_POINT('',#4997);
#1392=VERTEX_POINT('',#4998);
#1393=VERTEX_POINT('',#5000);
#1394=VERTEX_POINT('',#5002);
#1395=VERTEX_POINT('',#5006);
#1396=VERTEX_POINT('',#5008);
#1397=VERTEX_POINT('',#5012);
#1398=VERTEX_POINT('',#5013);
#1399=VERTEX_POINT('',#5015);
#1400=VERTEX_POINT('',#5017);
#1401=VERTEX_POINT('',#5021);
#1402=VERTEX_POINT('',#5023);
#1403=VERTEX_POINT('',#5027);
#1404=VERTEX_POINT('',#5028);
#1405=VERTEX_POINT('',#5030);
#1406=VERTEX_POINT('',#5032);
#1407=VERTEX_POINT('',#5036);
#1408=VERTEX_POINT('',#5038);
#1409=VERTEX_POINT('',#5042);
#1410=VERTEX_POINT('',#5044);
#1411=VERTEX_POINT('',#5048);
#1412=VERTEX_POINT('',#5049);
#1413=VERTEX_POINT('',#5051);
#1414=VERTEX_POINT('',#5053);
#1415=VERTEX_POINT('',#5057);
#1416=VERTEX_POINT('',#5059);
#1417=VERTEX_POINT('',#5063);
#1418=VERTEX_POINT('',#5065);
#1419=VERTEX_POINT('',#5069);
#1420=VERTEX_POINT('',#5071);
#1421=VERTEX_POINT('',#5075);
#1422=VERTEX_POINT('',#5076);
#1423=VERTEX_POINT('',#5078);
#1424=VERTEX_POINT('',#5080);
#1425=VERTEX_POINT('',#5084);
#1426=VERTEX_POINT('',#5086);
#1427=VERTEX_POINT('',#5090);
#1428=VERTEX_POINT('',#5092);
#1429=VERTEX_POINT('',#5096);
#1430=VERTEX_POINT('',#5098);
#1431=VERTEX_POINT('',#5102);
#1432=VERTEX_POINT('',#5104);
#1433=VERTEX_POINT('',#5108);
#1434=VERTEX_POINT('',#5110);
#1435=VERTEX_POINT('',#5114);
#1436=VERTEX_POINT('',#5116);
#1437=VERTEX_POINT('',#5123);
#1438=VERTEX_POINT('',#5125);
#1439=VERTEX_POINT('',#5127);
#1440=VERTEX_POINT('',#5129);
#1441=VERTEX_POINT('',#5131);
#1442=VERTEX_POINT('',#5133);
#1443=VERTEX_POINT('',#5135);
#1444=VERTEX_POINT('',#5137);
#1445=VERTEX_POINT('',#5139);
#1446=VERTEX_POINT('',#5141);
#1447=VERTEX_POINT('',#5143);
#1448=VERTEX_POINT('',#5145);
#1449=VERTEX_POINT('',#5147);
#1450=VERTEX_POINT('',#5149);
#1451=VERTEX_POINT('',#5151);
#1452=VERTEX_POINT('',#5153);
#1453=VERTEX_POINT('',#5155);
#1454=VERTEX_POINT('',#5157);
#1455=VERTEX_POINT('',#5159);
#1456=VERTEX_POINT('',#5161);
#1457=VERTEX_POINT('',#5163);
#1458=VERTEX_POINT('',#5165);
#1459=VERTEX_POINT('',#5167);
#1460=VERTEX_POINT('',#5169);
#1461=VERTEX_POINT('',#5171);
#1462=VERTEX_POINT('',#5173);
#1463=VERTEX_POINT('',#5175);
#1464=VERTEX_POINT('',#5177);
#1465=VERTEX_POINT('',#5179);
#1466=VERTEX_POINT('',#5181);
#1467=VERTEX_POINT('',#5183);
#1468=VERTEX_POINT('',#5185);
#1469=VERTEX_POINT('',#5187);
#1470=VERTEX_POINT('',#5189);
#1471=VERTEX_POINT('',#5192);
#1472=VERTEX_POINT('',#5194);
#1473=VERTEX_POINT('',#5197);
#1474=VERTEX_POINT('',#5199);
#1475=VERTEX_POINT('',#5201);
#1476=VERTEX_POINT('',#5203);
#1477=VERTEX_POINT('',#5205);
#1478=VERTEX_POINT('',#5207);
#1479=VERTEX_POINT('',#5209);
#1480=VERTEX_POINT('',#5211);
#1481=VERTEX_POINT('',#5213);
#1482=VERTEX_POINT('',#5215);
#1483=VERTEX_POINT('',#5217);
#1484=VERTEX_POINT('',#5219);
#1485=VERTEX_POINT('',#5221);
#1486=VERTEX_POINT('',#5223);
#1487=VERTEX_POINT('',#5225);
#1488=VERTEX_POINT('',#5227);
#1489=VERTEX_POINT('',#5229);
#1490=VERTEX_POINT('',#5231);
#1491=VERTEX_POINT('',#5233);
#1492=VERTEX_POINT('',#5235);
#1493=VERTEX_POINT('',#5237);
#1494=VERTEX_POINT('',#5239);
#1495=VERTEX_POINT('',#5241);
#1496=VERTEX_POINT('',#5243);
#1497=VERTEX_POINT('',#5245);
#1498=VERTEX_POINT('',#5247);
#1499=VERTEX_POINT('',#5249);
#1500=VERTEX_POINT('',#5251);
#1501=VERTEX_POINT('',#5253);
#1502=VERTEX_POINT('',#5255);
#1503=VERTEX_POINT('',#5257);
#1504=VERTEX_POINT('',#5259);
#1505=VERTEX_POINT('',#5261);
#1506=VERTEX_POINT('',#5263);
#1507=VERTEX_POINT('',#5266);
#1508=VERTEX_POINT('',#5268);
#1509=VERTEX_POINT('',#5271);
#1510=VERTEX_POINT('',#5273);
#1511=VERTEX_POINT('',#5275);
#1512=VERTEX_POINT('',#5277);
#1513=VERTEX_POINT('',#5279);
#1514=VERTEX_POINT('',#5281);
#1515=VERTEX_POINT('',#5283);
#1516=VERTEX_POINT('',#5285);
#1517=VERTEX_POINT('',#5287);
#1518=VERTEX_POINT('',#5289);
#1519=VERTEX_POINT('',#5291);
#1520=VERTEX_POINT('',#5293);
#1521=VERTEX_POINT('',#5295);
#1522=VERTEX_POINT('',#5296);
#1523=VERTEX_POINT('',#5298);
#1524=VERTEX_POINT('',#5300);
#1525=VERTEX_POINT('',#5302);
#1526=VERTEX_POINT('',#5304);
#1527=VERTEX_POINT('',#5307);
#1528=VERTEX_POINT('',#5308);
#1529=VERTEX_POINT('',#5310);
#1530=VERTEX_POINT('',#5312);
#1531=VERTEX_POINT('',#5314);
#1532=VERTEX_POINT('',#5316);
#1533=VERTEX_POINT('',#5319);
#1534=VERTEX_POINT('',#5320);
#1535=VERTEX_POINT('',#5322);
#1536=VERTEX_POINT('',#5324);
#1537=VERTEX_POINT('',#5326);
#1538=VERTEX_POINT('',#5328);
#1539=VERTEX_POINT('',#5331);
#1540=VERTEX_POINT('',#5333);
#1541=VERTEX_POINT('',#5335);
#1542=VERTEX_POINT('',#5337);
#1543=VERTEX_POINT('',#5339);
#1544=VERTEX_POINT('',#5341);
#1545=VERTEX_POINT('',#5343);
#1546=VERTEX_POINT('',#5345);
#1547=VERTEX_POINT('',#5347);
#1548=VERTEX_POINT('',#5349);
#1549=VERTEX_POINT('',#5351);
#1550=VERTEX_POINT('',#5353);
#1551=VERTEX_POINT('',#5355);
#1552=VERTEX_POINT('',#5357);
#1553=VERTEX_POINT('',#5359);
#1554=VERTEX_POINT('',#5361);
#1555=VERTEX_POINT('',#5362);
#1556=VERTEX_POINT('',#5364);
#1557=VERTEX_POINT('',#5366);
#1558=VERTEX_POINT('',#5368);
#1559=VERTEX_POINT('',#5370);
#1560=VERTEX_POINT('',#5373);
#1561=VERTEX_POINT('',#5375);
#1562=VERTEX_POINT('',#5377);
#1563=VERTEX_POINT('',#5379);
#1564=VERTEX_POINT('',#5381);
#1565=VERTEX_POINT('',#5383);
#1566=VERTEX_POINT('',#5384);
#1567=VERTEX_POINT('',#5386);
#1568=VERTEX_POINT('',#5390);
#1569=VERTEX_POINT('',#5393);
#1570=VERTEX_POINT('',#5394);
#1571=VERTEX_POINT('',#5396);
#1572=VERTEX_POINT('',#5399);
#1573=VERTEX_POINT('',#5403);
#1574=VERTEX_POINT('',#5407);
#1575=VERTEX_POINT('',#5411);
#1576=VERTEX_POINT('',#5415);
#1577=VERTEX_POINT('',#5421);
#1578=VERTEX_POINT('',#5423);
#1579=VERTEX_POINT('',#5426);
#1580=VERTEX_POINT('',#5428);
#1581=VERTEX_POINT('',#5430);
#1582=VERTEX_POINT('',#5432);
#1583=VERTEX_POINT('',#5434);
#1584=VERTEX_POINT('',#5436);
#1585=VERTEX_POINT('',#5438);
#1586=VERTEX_POINT('',#5440);
#1587=VERTEX_POINT('',#5442);
#1588=VERTEX_POINT('',#5444);
#1589=VERTEX_POINT('',#5446);
#1590=VERTEX_POINT('',#5448);
#1591=VERTEX_POINT('',#5450);
#1592=VERTEX_POINT('',#5452);
#1593=VERTEX_POINT('',#5454);
#1594=VERTEX_POINT('',#5456);
#1595=VERTEX_POINT('',#5458);
#1596=VERTEX_POINT('',#5460);
#1597=VERTEX_POINT('',#5462);
#1598=VERTEX_POINT('',#5464);
#1599=VERTEX_POINT('',#5466);
#1600=VERTEX_POINT('',#5468);
#1601=VERTEX_POINT('',#5470);
#1602=VERTEX_POINT('',#5472);
#1603=VERTEX_POINT('',#5474);
#1604=VERTEX_POINT('',#5476);
#1605=VERTEX_POINT('',#5478);
#1606=VERTEX_POINT('',#5480);
#1607=VERTEX_POINT('',#5482);
#1608=VERTEX_POINT('',#5484);
#1609=VERTEX_POINT('',#5486);
#1610=VERTEX_POINT('',#5488);
#1611=VERTEX_POINT('',#5490);
#1612=VERTEX_POINT('',#5493);
#1613=VERTEX_POINT('',#5495);
#1614=VERTEX_POINT('',#5498);
#1615=VERTEX_POINT('',#5500);
#1616=VERTEX_POINT('',#5502);
#1617=VERTEX_POINT('',#5504);
#1618=VERTEX_POINT('',#5506);
#1619=VERTEX_POINT('',#5508);
#1620=VERTEX_POINT('',#5510);
#1621=VERTEX_POINT('',#5512);
#1622=VERTEX_POINT('',#5514);
#1623=VERTEX_POINT('',#5516);
#1624=VERTEX_POINT('',#5518);
#1625=VERTEX_POINT('',#5520);
#1626=VERTEX_POINT('',#5522);
#1627=VERTEX_POINT('',#5524);
#1628=VERTEX_POINT('',#5526);
#1629=VERTEX_POINT('',#5528);
#1630=VERTEX_POINT('',#5530);
#1631=VERTEX_POINT('',#5532);
#1632=VERTEX_POINT('',#5534);
#1633=VERTEX_POINT('',#5536);
#1634=VERTEX_POINT('',#5538);
#1635=VERTEX_POINT('',#5540);
#1636=VERTEX_POINT('',#5542);
#1637=VERTEX_POINT('',#5544);
#1638=VERTEX_POINT('',#5546);
#1639=VERTEX_POINT('',#5548);
#1640=VERTEX_POINT('',#5550);
#1641=VERTEX_POINT('',#5552);
#1642=VERTEX_POINT('',#5554);
#1643=VERTEX_POINT('',#5556);
#1644=VERTEX_POINT('',#5558);
#1645=VERTEX_POINT('',#5560);
#1646=VERTEX_POINT('',#5562);
#1647=VERTEX_POINT('',#5565);
#1648=VERTEX_POINT('',#5566);
#1649=VERTEX_POINT('',#5570);
#1650=VERTEX_POINT('',#5572);
#1651=VERTEX_POINT('',#5574);
#1652=VERTEX_POINT('',#5576);
#1653=VERTEX_POINT('',#5578);
#1654=VERTEX_POINT('',#5580);
#1655=VERTEX_POINT('',#5582);
#1656=VERTEX_POINT('',#5584);
#1657=VERTEX_POINT('',#5586);
#1658=VERTEX_POINT('',#5588);
#1659=VERTEX_POINT('',#5590);
#1660=VERTEX_POINT('',#5592);
#1661=VERTEX_POINT('',#5594);
#1662=VERTEX_POINT('',#5595);
#1663=VERTEX_POINT('',#5597);
#1664=VERTEX_POINT('',#5599);
#1665=VERTEX_POINT('',#5601);
#1666=VERTEX_POINT('',#5603);
#1667=VERTEX_POINT('',#5606);
#1668=VERTEX_POINT('',#5607);
#1669=VERTEX_POINT('',#5609);
#1670=VERTEX_POINT('',#5611);
#1671=VERTEX_POINT('',#5613);
#1672=VERTEX_POINT('',#5615);
#1673=VERTEX_POINT('',#5618);
#1674=VERTEX_POINT('',#5619);
#1675=VERTEX_POINT('',#5621);
#1676=VERTEX_POINT('',#5623);
#1677=VERTEX_POINT('',#5625);
#1678=VERTEX_POINT('',#5627);
#1679=VERTEX_POINT('',#5630);
#1680=VERTEX_POINT('',#5632);
#1681=VERTEX_POINT('',#5634);
#1682=VERTEX_POINT('',#5636);
#1683=VERTEX_POINT('',#5638);
#1684=VERTEX_POINT('',#5640);
#1685=VERTEX_POINT('',#5642);
#1686=VERTEX_POINT('',#5644);
#1687=VERTEX_POINT('',#5646);
#1688=VERTEX_POINT('',#5648);
#1689=VERTEX_POINT('',#5650);
#1690=VERTEX_POINT('',#5652);
#1691=VERTEX_POINT('',#5654);
#1692=VERTEX_POINT('',#5656);
#1693=VERTEX_POINT('',#5658);
#1694=VERTEX_POINT('',#5660);
#1695=VERTEX_POINT('',#5662);
#1696=VERTEX_POINT('',#5664);
#1697=VERTEX_POINT('',#5666);
#1698=VERTEX_POINT('',#5668);
#1699=VERTEX_POINT('',#5670);
#1700=VERTEX_POINT('',#5671);
#1701=VERTEX_POINT('',#5673);
#1702=VERTEX_POINT('',#5675);
#1703=VERTEX_POINT('',#5677);
#1704=VERTEX_POINT('',#5679);
#1705=VERTEX_POINT('',#5682);
#1706=VERTEX_POINT('',#5683);
#1707=VERTEX_POINT('',#5685);
#1708=VERTEX_POINT('',#5688);
#1709=EDGE_CURVE('',#1373,#1374,#1165,.T.);
#1710=EDGE_CURVE('',#1374,#1375,#573,.T.);
#1711=EDGE_CURVE('',#1375,#1376,#1166,.T.);
#1712=EDGE_CURVE('',#1376,#1373,#574,.T.);
#1713=EDGE_CURVE('',#1374,#1377,#575,.T.);
#1714=EDGE_CURVE('',#1378,#1377,#576,.T.);
#1715=EDGE_CURVE('',#1378,#1375,#577,.T.);
#1716=EDGE_CURVE('',#1379,#1380,#1167,.T.);
#1717=EDGE_CURVE('',#1380,#1381,#578,.T.);
#1718=EDGE_CURVE('',#1381,#1382,#1168,.T.);
#1719=EDGE_CURVE('',#1382,#1379,#579,.T.);
#1720=EDGE_CURVE('',#1383,#1380,#580,.T.);
#1721=EDGE_CURVE('',#1384,#1383,#581,.T.);
#1722=EDGE_CURVE('',#1381,#1384,#582,.T.);
#1723=EDGE_CURVE('',#1385,#1386,#1169,.T.);
#1724=EDGE_CURVE('',#1386,#1387,#583,.T.);
#1725=EDGE_CURVE('',#1387,#1388,#1170,.T.);
#1726=EDGE_CURVE('',#1388,#1385,#584,.T.);
#1727=EDGE_CURVE('',#1386,#1389,#585,.T.);
#1728=EDGE_CURVE('',#1390,#1389,#586,.T.);
#1729=EDGE_CURVE('',#1390,#1387,#587,.T.);
#1730=EDGE_CURVE('',#1391,#1392,#1171,.T.);
#1731=EDGE_CURVE('',#1392,#1393,#588,.T.);
#1732=EDGE_CURVE('',#1393,#1394,#1172,.T.);
#1733=EDGE_CURVE('',#1394,#1391,#589,.T.);
#1734=EDGE_CURVE('',#1392,#1395,#590,.T.);
#1735=EDGE_CURVE('',#1396,#1395,#591,.T.);
#1736=EDGE_CURVE('',#1396,#1393,#592,.T.);
#1737=EDGE_CURVE('',#1397,#1398,#1173,.T.);
#1738=EDGE_CURVE('',#1398,#1399,#593,.T.);
#1739=EDGE_CURVE('',#1399,#1400,#1174,.T.);
#1740=EDGE_CURVE('',#1400,#1397,#594,.T.);
#1741=EDGE_CURVE('',#1401,#1398,#595,.T.);
#1742=EDGE_CURVE('',#1402,#1401,#596,.T.);
#1743=EDGE_CURVE('',#1399,#1402,#597,.T.);
#1744=EDGE_CURVE('',#1403,#1404,#1175,.T.);
#1745=EDGE_CURVE('',#1404,#1405,#598,.T.);
#1746=EDGE_CURVE('',#1405,#1406,#1176,.T.);
#1747=EDGE_CURVE('',#1406,#1403,#599,.T.);
#1748=EDGE_CURVE('',#1407,#1404,#600,.T.);
#1749=EDGE_CURVE('',#1408,#1407,#601,.T.);
#1750=EDGE_CURVE('',#1405,#1408,#602,.T.);
#1751=EDGE_CURVE('',#1377,#1409,#1177,.T.);
#1752=EDGE_CURVE('',#1409,#1410,#603,.T.);
#1753=EDGE_CURVE('',#1378,#1410,#1178,.F.);
#1754=EDGE_CURVE('',#1411,#1412,#1179,.T.);
#1755=EDGE_CURVE('',#1412,#1413,#604,.T.);
#1756=EDGE_CURVE('',#1414,#1413,#1180,.F.);
#1757=EDGE_CURVE('',#1414,#1411,#605,.T.);
#1758=EDGE_CURVE('',#1414,#1415,#606,.T.);
#1759=EDGE_CURVE('',#1416,#1415,#607,.T.);
#1760=EDGE_CURVE('',#1416,#1411,#608,.T.);
#1761=EDGE_CURVE('',#1417,#1416,#1181,.T.);
#1762=EDGE_CURVE('',#1415,#1418,#1182,.T.);
#1763=EDGE_CURVE('',#1418,#1417,#609,.T.);
#1764=EDGE_CURVE('',#1383,#1419,#1183,.T.);
#1765=EDGE_CURVE('',#1419,#1420,#610,.T.);
#1766=EDGE_CURVE('',#1384,#1420,#1184,.F.);
#1767=EDGE_CURVE('',#1421,#1422,#1185,.T.);
#1768=EDGE_CURVE('',#1422,#1423,#611,.T.);
#1769=EDGE_CURVE('',#1424,#1423,#1186,.F.);
#1770=EDGE_CURVE('',#1424,#1421,#612,.T.);
#1771=EDGE_CURVE('',#1425,#1424,#613,.T.);
#1772=EDGE_CURVE('',#1426,#1425,#614,.T.);
#1773=EDGE_CURVE('',#1421,#1426,#615,.T.);
#1774=EDGE_CURVE('',#1427,#1426,#1187,.T.);
#1775=EDGE_CURVE('',#1425,#1428,#1188,.T.);
#1776=EDGE_CURVE('',#1428,#1427,#616,.T.);
#1777=EDGE_CURVE('',#1429,#1408,#1189,.T.);
#1778=EDGE_CURVE('',#1407,#1430,#1190,.T.);
#1779=EDGE_CURVE('',#1430,#1429,#617,.T.);
#1780=EDGE_CURVE('',#1431,#1396,#1191,.T.);
#1781=EDGE_CURVE('',#1395,#1432,#1192,.T.);
#1782=EDGE_CURVE('',#1432,#1431,#618,.T.);
#1783=EDGE_CURVE('',#1433,#1390,#1193,.T.);
#1784=EDGE_CURVE('',#1389,#1434,#1194,.T.);
#1785=EDGE_CURVE('',#1434,#1433,#619,.T.);
#1786=EDGE_CURVE('',#1435,#1402,#1195,.T.);
#1787=EDGE_CURVE('',#1401,#1436,#1196,.T.);
#1788=EDGE_CURVE('',#1436,#1435,#620,.T.);
#1789=EDGE_CURVE('',#1391,#1388,#621,.T.);
#1790=EDGE_CURVE('',#1385,#1394,#622,.T.);
#1791=EDGE_CURVE('',#1437,#1417,#623,.T.);
#1792=EDGE_CURVE('',#1438,#1437,#1197,.T.);
#1793=EDGE_CURVE('',#1439,#1438,#624,.T.);
#1794=EDGE_CURVE('',#1440,#1439,#1198,.T.);
#1795=EDGE_CURVE('',#1441,#1440,#625,.T.);
#1796=EDGE_CURVE('',#1442,#1441,#1199,.T.);
#1797=EDGE_CURVE('',#1443,#1442,#626,.T.);
#1798=EDGE_CURVE('',#1444,#1443,#1200,.T.);
#1799=EDGE_CURVE('',#1445,#1444,#627,.T.);
#1800=EDGE_CURVE('',#1446,#1445,#1201,.T.);
#1801=EDGE_CURVE('',#1447,#1446,#628,.T.);
#1802=EDGE_CURVE('',#1448,#1447,#1202,.T.);
#1803=EDGE_CURVE('',#1448,#1449,#629,.T.);
#1804=EDGE_CURVE('',#1450,#1449,#1203,.T.);
#1805=EDGE_CURVE('',#1450,#1451,#630,.T.);
#1806=EDGE_CURVE('',#1452,#1451,#1204,.T.);
#1807=EDGE_CURVE('',#1452,#1453,#1205,.T.);
#1808=EDGE_CURVE('',#1453,#1454,#631,.T.);
#1809=EDGE_CURVE('',#1454,#1455,#1206,.T.);
#1810=EDGE_CURVE('',#1456,#1455,#1207,.T.);
#1811=EDGE_CURVE('',#1456,#1457,#632,.T.);
#1812=EDGE_CURVE('',#1458,#1457,#1208,.T.);
#1813=EDGE_CURVE('',#1458,#1459,#633,.T.);
#1814=EDGE_CURVE('',#1460,#1459,#1209,.T.);
#1815=EDGE_CURVE('',#1461,#1460,#634,.T.);
#1816=EDGE_CURVE('',#1462,#1461,#1210,.T.);
#1817=EDGE_CURVE('',#1463,#1462,#635,.T.);
#1818=EDGE_CURVE('',#1464,#1463,#1211,.T.);
#1819=EDGE_CURVE('',#1465,#1464,#636,.T.);
#1820=EDGE_CURVE('',#1466,#1465,#1212,.T.);
#1821=EDGE_CURVE('',#1467,#1466,#637,.T.);
#1822=EDGE_CURVE('',#1468,#1467,#1213,.T.);
#1823=EDGE_CURVE('',#1469,#1468,#638,.T.);
#1824=EDGE_CURVE('',#1470,#1469,#1214,.T.);
#1825=EDGE_CURVE('',#1428,#1470,#639,.T.);
#1826=EDGE_CURVE('',#1423,#1471,#1215,.T.);
#1827=EDGE_CURVE('',#1471,#1472,#640,.T.);
#1828=EDGE_CURVE('',#1472,#1419,#1216,.T.);
#1829=EDGE_CURVE('',#1473,#1379,#641,.T.);
#1830=EDGE_CURVE('',#1474,#1473,#1217,.T.);
#1831=EDGE_CURVE('',#1475,#1474,#642,.T.);
#1832=EDGE_CURVE('',#1476,#1475,#1218,.T.);
#1833=EDGE_CURVE('',#1477,#1476,#643,.T.);
#1834=EDGE_CURVE('',#1478,#1477,#1219,.T.);
#1835=EDGE_CURVE('',#1479,#1478,#644,.T.);
#1836=EDGE_CURVE('',#1480,#1479,#1220,.T.);
#1837=EDGE_CURVE('',#1481,#1480,#645,.T.);
#1838=EDGE_CURVE('',#1482,#1481,#1221,.T.);
#1839=EDGE_CURVE('',#1483,#1482,#646,.T.);
#1840=EDGE_CURVE('',#1484,#1483,#1222,.T.);
#1841=EDGE_CURVE('',#1484,#1485,#647,.T.);
#1842=EDGE_CURVE('',#1486,#1485,#1223,.T.);
#1843=EDGE_CURVE('',#1486,#1487,#648,.T.);
#1844=EDGE_CURVE('',#1488,#1487,#1224,.T.);
#1845=EDGE_CURVE('',#1488,#1489,#1225,.T.);
#1846=EDGE_CURVE('',#1489,#1490,#649,.T.);
#1847=EDGE_CURVE('',#1490,#1491,#1226,.T.);
#1848=EDGE_CURVE('',#1492,#1491,#1227,.T.);
#1849=EDGE_CURVE('',#1492,#1493,#650,.T.);
#1850=EDGE_CURVE('',#1494,#1493,#1228,.T.);
#1851=EDGE_CURVE('',#1494,#1495,#651,.T.);
#1852=EDGE_CURVE('',#1496,#1495,#1229,.T.);
#1853=EDGE_CURVE('',#1497,#1496,#652,.T.);
#1854=EDGE_CURVE('',#1498,#1497,#1230,.T.);
#1855=EDGE_CURVE('',#1499,#1498,#653,.T.);
#1856=EDGE_CURVE('',#1500,#1499,#1231,.T.);
#1857=EDGE_CURVE('',#1501,#1500,#654,.T.);
#1858=EDGE_CURVE('',#1502,#1501,#1232,.T.);
#1859=EDGE_CURVE('',#1503,#1502,#655,.T.);
#1860=EDGE_CURVE('',#1504,#1503,#1233,.T.);
#1861=EDGE_CURVE('',#1505,#1504,#656,.T.);
#1862=EDGE_CURVE('',#1506,#1505,#1234,.T.);
#1863=EDGE_CURVE('',#1376,#1506,#657,.T.);
#1864=EDGE_CURVE('',#1410,#1507,#1235,.T.);
#1865=EDGE_CURVE('',#1507,#1508,#658,.T.);
#1866=EDGE_CURVE('',#1508,#1412,#1236,.T.);
#1867=EDGE_CURVE('',#1509,#1509,#1237,.T.);
#1868=EDGE_CURVE('',#1510,#1510,#1238,.T.);
#1869=EDGE_CURVE('',#1511,#1511,#1239,.T.);
#1870=EDGE_CURVE('',#1512,#1512,#1240,.T.);
#1871=EDGE_CURVE('',#1513,#1513,#1241,.T.);
#1872=EDGE_CURVE('',#1514,#1514,#1242,.T.);
#1873=EDGE_CURVE('',#1515,#1515,#1243,.T.);
#1874=EDGE_CURVE('',#1516,#1516,#1244,.T.);
#1875=EDGE_CURVE('',#1517,#1517,#1245,.T.);
#1876=EDGE_CURVE('',#1518,#1518,#1246,.T.);
#1877=EDGE_CURVE('',#1519,#1519,#1247,.T.);
#1878=EDGE_CURVE('',#1520,#1520,#1248,.T.);
#1879=EDGE_CURVE('',#1521,#1522,#659,.T.);
#1880=EDGE_CURVE('',#1523,#1521,#1249,.T.);
#1881=EDGE_CURVE('',#1523,#1524,#660,.T.);
#1882=EDGE_CURVE('',#1525,#1524,#1250,.T.);
#1883=EDGE_CURVE('',#1526,#1525,#661,.T.);
#1884=EDGE_CURVE('',#1522,#1526,#1251,.T.);
#1885=EDGE_CURVE('',#1527,#1528,#662,.T.);
#1886=EDGE_CURVE('',#1529,#1528,#1252,.T.);
#1887=EDGE_CURVE('',#1530,#1529,#663,.T.);
#1888=EDGE_CURVE('',#1531,#1530,#1253,.T.);
#1889=EDGE_CURVE('',#1532,#1531,#664,.T.);
#1890=EDGE_CURVE('',#1527,#1532,#1254,.T.);
#1891=EDGE_CURVE('',#1533,#1534,#665,.T.);
#1892=EDGE_CURVE('',#1535,#1534,#1255,.T.);
#1893=EDGE_CURVE('',#1536,#1535,#666,.T.);
#1894=EDGE_CURVE('',#1537,#1536,#1256,.T.);
#1895=EDGE_CURVE('',#1538,#1537,#667,.T.);
#1896=EDGE_CURVE('',#1533,#1538,#1257,.T.);
#1897=EDGE_CURVE('',#1539,#1539,#1258,.T.);
#1898=EDGE_CURVE('',#1540,#1540,#1259,.T.);
#1899=EDGE_CURVE('',#1541,#1541,#1260,.T.);
#1900=EDGE_CURVE('',#1542,#1542,#1261,.T.);
#1901=EDGE_CURVE('',#1543,#1543,#1262,.T.);
#1902=EDGE_CURVE('',#1544,#1544,#1263,.T.);
#1903=EDGE_CURVE('',#1545,#1545,#1264,.T.);
#1904=EDGE_CURVE('',#1546,#1546,#1265,.T.);
#1905=EDGE_CURVE('',#1547,#1547,#1266,.T.);
#1906=EDGE_CURVE('',#1548,#1548,#1267,.T.);
#1907=EDGE_CURVE('',#1549,#1549,#1268,.T.);
#1908=EDGE_CURVE('',#1550,#1550,#1269,.T.);
#1909=EDGE_CURVE('',#1551,#1551,#1270,.T.);
#1910=EDGE_CURVE('',#1552,#1552,#1271,.T.);
#1911=EDGE_CURVE('',#1553,#1553,#1272,.T.);
#1912=EDGE_CURVE('',#1554,#1555,#668,.T.);
#1913=EDGE_CURVE('',#1556,#1555,#1273,.T.);
#1914=EDGE_CURVE('',#1557,#1556,#669,.T.);
#1915=EDGE_CURVE('',#1558,#1557,#1274,.T.);
#1916=EDGE_CURVE('',#1559,#1558,#670,.T.);
#1917=EDGE_CURVE('',#1554,#1559,#1275,.T.);
#1918=EDGE_CURVE('',#1560,#1560,#1276,.T.);
#1919=EDGE_CURVE('',#1561,#1561,#1277,.T.);
#1920=EDGE_CURVE('',#1562,#1562,#1278,.T.);
#1921=EDGE_CURVE('',#1563,#1563,#1279,.T.);
#1922=EDGE_CURVE('',#1564,#1564,#1280,.T.);
#1923=EDGE_CURVE('',#1565,#1566,#671,.T.);
#1924=EDGE_CURVE('',#1567,#1566,#1281,.T.);
#1925=EDGE_CURVE('',#1436,#1567,#672,.T.);
#1926=EDGE_CURVE('',#1397,#1406,#673,.T.);
#1927=EDGE_CURVE('',#1568,#1429,#674,.T.);
#1928=EDGE_CURVE('',#1565,#1568,#1282,.T.);
#1929=EDGE_CURVE('',#1569,#1570,#675,.T.);
#1930=EDGE_CURVE('',#1571,#1570,#1283,.T.);
#1931=EDGE_CURVE('',#1432,#1571,#676,.T.);
#1932=EDGE_CURVE('',#1572,#1433,#677,.T.);
#1933=EDGE_CURVE('',#1569,#1572,#1284,.T.);
#1934=EDGE_CURVE('',#1573,#1418,#678,.T.);
#1935=EDGE_CURVE('',#1437,#1573,#679,.T.);
#1936=EDGE_CURVE('',#1574,#1571,#680,.T.);
#1937=EDGE_CURVE('',#1431,#1574,#681,.T.);
#1938=EDGE_CURVE('',#1575,#1506,#682,.T.);
#1939=EDGE_CURVE('',#1373,#1575,#683,.T.);
#1940=EDGE_CURVE('',#1576,#1434,#684,.T.);
#1941=EDGE_CURVE('',#1572,#1576,#685,.T.);
#1942=EDGE_CURVE('',#1403,#1400,#686,.T.);
#1943=EDGE_CURVE('',#1413,#1577,#1285,.T.);
#1944=EDGE_CURVE('',#1577,#1578,#687,.T.);
#1945=EDGE_CURVE('',#1578,#1409,#1286,.T.);
#1946=EDGE_CURVE('',#1579,#1575,#1287,.T.);
#1947=EDGE_CURVE('',#1579,#1580,#688,.T.);
#1948=EDGE_CURVE('',#1581,#1580,#1288,.T.);
#1949=EDGE_CURVE('',#1581,#1582,#689,.T.);
#1950=EDGE_CURVE('',#1582,#1583,#1289,.T.);
#1951=EDGE_CURVE('',#1583,#1584,#690,.T.);
#1952=EDGE_CURVE('',#1585,#1584,#1290,.T.);
#1953=EDGE_CURVE('',#1585,#1586,#691,.T.);
#1954=EDGE_CURVE('',#1587,#1586,#1291,.T.);
#1955=EDGE_CURVE('',#1587,#1588,#692,.T.);
#1956=EDGE_CURVE('',#1589,#1588,#1292,.T.);
#1957=EDGE_CURVE('',#1589,#1590,#693,.T.);
#1958=EDGE_CURVE('',#1591,#1590,#1293,.T.);
#1959=EDGE_CURVE('',#1591,#1592,#694,.T.);
#1960=EDGE_CURVE('',#1593,#1592,#1294,.T.);
#1961=EDGE_CURVE('',#1593,#1594,#1295,.T.);
#1962=EDGE_CURVE('',#1594,#1595,#695,.T.);
#1963=EDGE_CURVE('',#1595,#1596,#1296,.T.);
#1964=EDGE_CURVE('',#1597,#1596,#1297,.T.);
#1965=EDGE_CURVE('',#1597,#1598,#696,.T.);
#1966=EDGE_CURVE('',#1599,#1598,#1298,.T.);
#1967=EDGE_CURVE('',#1599,#1600,#697,.T.);
#1968=EDGE_CURVE('',#1601,#1600,#1299,.T.);
#1969=EDGE_CURVE('',#1601,#1602,#698,.T.);
#1970=EDGE_CURVE('',#1603,#1602,#1300,.T.);
#1971=EDGE_CURVE('',#1603,#1604,#699,.T.);
#1972=EDGE_CURVE('',#1605,#1604,#1301,.T.);
#1973=EDGE_CURVE('',#1605,#1606,#700,.T.);
#1974=EDGE_CURVE('',#1606,#1607,#1302,.T.);
#1975=EDGE_CURVE('',#1607,#1608,#701,.T.);
#1976=EDGE_CURVE('',#1609,#1608,#1303,.T.);
#1977=EDGE_CURVE('',#1609,#1610,#702,.T.);
#1978=EDGE_CURVE('',#1611,#1610,#1304,.T.);
#1979=EDGE_CURVE('',#1611,#1382,#703,.T.);
#1980=EDGE_CURVE('',#1420,#1612,#1305,.T.);
#1981=EDGE_CURVE('',#1612,#1613,#704,.T.);
#1982=EDGE_CURVE('',#1613,#1422,#1306,.T.);
#1983=EDGE_CURVE('',#1427,#1614,#705,.T.);
#1984=EDGE_CURVE('',#1615,#1614,#1307,.T.);
#1985=EDGE_CURVE('',#1615,#1616,#706,.T.);
#1986=EDGE_CURVE('',#1617,#1616,#1308,.T.);
#1987=EDGE_CURVE('',#1617,#1618,#707,.T.);
#1988=EDGE_CURVE('',#1618,#1619,#1309,.T.);
#1989=EDGE_CURVE('',#1619,#1620,#708,.T.);
#1990=EDGE_CURVE('',#1621,#1620,#1310,.T.);
#1991=EDGE_CURVE('',#1621,#1622,#709,.T.);
#1992=EDGE_CURVE('',#1623,#1622,#1311,.T.);
#1993=EDGE_CURVE('',#1623,#1624,#710,.T.);
#1994=EDGE_CURVE('',#1625,#1624,#1312,.T.);
#1995=EDGE_CURVE('',#1625,#1626,#711,.T.);
#1996=EDGE_CURVE('',#1627,#1626,#1313,.T.);
#1997=EDGE_CURVE('',#1627,#1628,#712,.T.);
#1998=EDGE_CURVE('',#1629,#1628,#1314,.T.);
#1999=EDGE_CURVE('',#1629,#1630,#1315,.T.);
#2000=EDGE_CURVE('',#1630,#1631,#713,.T.);
#2001=EDGE_CURVE('',#1631,#1632,#1316,.T.);
#2002=EDGE_CURVE('',#1633,#1632,#1317,.T.);
#2003=EDGE_CURVE('',#1633,#1634,#714,.T.);
#2004=EDGE_CURVE('',#1635,#1634,#1318,.T.);
#2005=EDGE_CURVE('',#1635,#1636,#715,.T.);
#2006=EDGE_CURVE('',#1637,#1636,#1319,.T.);
#2007=EDGE_CURVE('',#1637,#1638,#716,.T.);
#2008=EDGE_CURVE('',#1639,#1638,#1320,.T.);
#2009=EDGE_CURVE('',#1639,#1640,#717,.T.);
#2010=EDGE_CURVE('',#1641,#1640,#1321,.T.);
#2011=EDGE_CURVE('',#1641,#1642,#718,.T.);
#2012=EDGE_CURVE('',#1642,#1643,#1322,.T.);
#2013=EDGE_CURVE('',#1643,#1644,#719,.T.);
#2014=EDGE_CURVE('',#1645,#1644,#1323,.T.);
#2015=EDGE_CURVE('',#1645,#1646,#720,.T.);
#2016=EDGE_CURVE('',#1573,#1646,#1324,.T.);
#2017=EDGE_CURVE('',#1647,#1648,#721,.T.);
#2018=EDGE_CURVE('',#1576,#1648,#1325,.T.);
#2019=EDGE_CURVE('',#1647,#1574,#1326,.T.);
#2020=EDGE_CURVE('',#1649,#1649,#1327,.T.);
#2021=EDGE_CURVE('',#1650,#1650,#1328,.T.);
#2022=EDGE_CURVE('',#1651,#1651,#1329,.T.);
#2023=EDGE_CURVE('',#1652,#1652,#1330,.T.);
#2024=EDGE_CURVE('',#1653,#1653,#1331,.T.);
#2025=EDGE_CURVE('',#1654,#1654,#1332,.T.);
#2026=EDGE_CURVE('',#1655,#1655,#1333,.T.);
#2027=EDGE_CURVE('',#1656,#1656,#1334,.T.);
#2028=EDGE_CURVE('',#1657,#1657,#1335,.T.);
#2029=EDGE_CURVE('',#1658,#1658,#1336,.T.);
#2030=EDGE_CURVE('',#1659,#1659,#1337,.T.);
#2031=EDGE_CURVE('',#1660,#1660,#1338,.T.);
#2032=EDGE_CURVE('',#1661,#1662,#722,.T.);
#2033=EDGE_CURVE('',#1663,#1662,#1339,.T.);
#2034=EDGE_CURVE('',#1663,#1664,#723,.T.);
#2035=EDGE_CURVE('',#1665,#1664,#1340,.T.);
#2036=EDGE_CURVE('',#1665,#1666,#724,.T.);
#2037=EDGE_CURVE('',#1661,#1666,#1341,.T.);
#2038=EDGE_CURVE('',#1667,#1668,#725,.T.);
#2039=EDGE_CURVE('',#1669,#1668,#1342,.T.);
#2040=EDGE_CURVE('',#1669,#1670,#726,.T.);
#2041=EDGE_CURVE('',#1671,#1670,#1343,.T.);
#2042=EDGE_CURVE('',#1671,#1672,#727,.T.);
#2043=EDGE_CURVE('',#1667,#1672,#1344,.T.);
#2044=EDGE_CURVE('',#1673,#1674,#728,.T.);
#2045=EDGE_CURVE('',#1675,#1674,#1345,.T.);
#2046=EDGE_CURVE('',#1675,#1676,#729,.T.);
#2047=EDGE_CURVE('',#1677,#1676,#1346,.T.);
#2048=EDGE_CURVE('',#1677,#1678,#730,.T.);
#2049=EDGE_CURVE('',#1673,#1678,#1347,.T.);
#2050=EDGE_CURVE('',#1679,#1679,#1348,.T.);
#2051=EDGE_CURVE('',#1680,#1680,#1349,.T.);
#2052=EDGE_CURVE('',#1681,#1681,#1350,.T.);
#2053=EDGE_CURVE('',#1682,#1682,#1351,.T.);
#2054=EDGE_CURVE('',#1683,#1683,#1352,.T.);
#2055=EDGE_CURVE('',#1684,#1684,#1353,.T.);
#2056=EDGE_CURVE('',#1685,#1685,#1354,.T.);
#2057=EDGE_CURVE('',#1686,#1686,#1355,.T.);
#2058=EDGE_CURVE('',#1687,#1687,#1356,.T.);
#2059=EDGE_CURVE('',#1688,#1688,#1357,.T.);
#2060=EDGE_CURVE('',#1689,#1689,#1358,.T.);
#2061=EDGE_CURVE('',#1690,#1690,#1359,.T.);
#2062=EDGE_CURVE('',#1691,#1691,#1360,.T.);
#2063=EDGE_CURVE('',#1692,#1692,#1361,.T.);
#2064=EDGE_CURVE('',#1693,#1693,#1362,.T.);
#2065=EDGE_CURVE('',#1694,#1694,#1363,.T.);
#2066=EDGE_CURVE('',#1695,#1695,#1364,.T.);
#2067=EDGE_CURVE('',#1696,#1696,#1365,.T.);
#2068=EDGE_CURVE('',#1697,#1697,#1366,.T.);
#2069=EDGE_CURVE('',#1698,#1698,#1367,.T.);
#2070=EDGE_CURVE('',#1699,#1700,#731,.T.);
#2071=EDGE_CURVE('',#1701,#1700,#1368,.T.);
#2072=EDGE_CURVE('',#1701,#1702,#732,.T.);
#2073=EDGE_CURVE('',#1703,#1702,#1369,.T.);
#2074=EDGE_CURVE('',#1703,#1704,#733,.T.);
#2075=EDGE_CURVE('',#1699,#1704,#1370,.T.);
#2076=EDGE_CURVE('',#1705,#1706,#734,.T.);
#2077=EDGE_CURVE('',#1707,#1706,#1371,.T.);
#2078=EDGE_CURVE('',#1707,#1430,#735,.T.);
#2079=EDGE_CURVE('',#1435,#1708,#736,.T.);
#2080=EDGE_CURVE('',#1705,#1708,#1372,.T.);
#2081=EDGE_CURVE('',#1614,#1470,#737,.T.);
#2082=EDGE_CURVE('',#1568,#1707,#738,.T.);
#2083=EDGE_CURVE('',#1708,#1567,#739,.T.);
#2084=EDGE_CURVE('',#1473,#1611,#740,.T.);
#2085=EDGE_CURVE('',#1526,#1703,#741,.T.);
#2086=EDGE_CURVE('',#1702,#1522,#742,.T.);
#2087=EDGE_CURVE('',#1704,#1525,#743,.T.);
#2088=EDGE_CURVE('',#1672,#1533,#744,.T.);
#2089=EDGE_CURVE('',#1538,#1667,#745,.T.);
#2090=EDGE_CURVE('',#1534,#1671,#746,.T.);
#2091=EDGE_CURVE('',#1536,#1669,#747,.T.);
#2092=EDGE_CURVE('',#1668,#1537,#748,.T.);
#2093=EDGE_CURVE('',#1670,#1535,#749,.T.);
#2094=EDGE_CURVE('',#1678,#1554,#750,.T.);
#2095=EDGE_CURVE('',#1559,#1673,#751,.T.);
#2096=EDGE_CURVE('',#1555,#1677,#752,.T.);
#2097=EDGE_CURVE('',#1700,#1523,#753,.T.);
#2098=EDGE_CURVE('',#1521,#1701,#754,.T.);
#2099=EDGE_CURVE('',#1524,#1699,#755,.T.);
#2100=EDGE_CURVE('',#1676,#1556,#756,.T.);
#2101=EDGE_CURVE('',#1557,#1675,#757,.T.);
#2102=EDGE_CURVE('',#1674,#1558,#758,.T.);
#2103=EDGE_CURVE('',#1530,#1663,#759,.T.);
#2104=EDGE_CURVE('',#1662,#1531,#760,.T.);
#2105=EDGE_CURVE('',#1664,#1529,#761,.T.);
#2106=EDGE_CURVE('',#1528,#1665,#762,.T.);
#2107=EDGE_CURVE('',#1666,#1527,#763,.T.);
#2108=EDGE_CURVE('',#1532,#1661,#764,.T.);
#2109=EDGE_CURVE('',#1445,#1639,#765,.T.);
#2110=EDGE_CURVE('',#1638,#1446,#766,.T.);
#2111=EDGE_CURVE('',#1640,#1444,#767,.T.);
#2112=EDGE_CURVE('',#1443,#1641,#768,.T.);
#2113=EDGE_CURVE('',#1442,#1642,#769,.T.);
#2114=EDGE_CURVE('',#1644,#1440,#770,.T.);
#2115=EDGE_CURVE('',#1439,#1645,#771,.T.);
#2116=EDGE_CURVE('',#1441,#1643,#772,.T.);
#2117=EDGE_CURVE('',#1646,#1438,#773,.T.);
#2118=EDGE_CURVE('',#1584,#1500,#774,.T.);
#2119=EDGE_CURVE('',#1499,#1585,#775,.T.);
#2120=EDGE_CURVE('',#1586,#1498,#776,.T.);
#2121=EDGE_CURVE('',#1497,#1587,#777,.T.);
#2122=EDGE_CURVE('',#1588,#1496,#778,.T.);
#2123=EDGE_CURVE('',#1505,#1579,#779,.T.);
#2124=EDGE_CURVE('',#1580,#1504,#780,.T.);
#2125=EDGE_CURVE('',#1503,#1581,#781,.T.);
#2126=EDGE_CURVE('',#1616,#1468,#782,.T.);
#2127=EDGE_CURVE('',#1467,#1617,#783,.T.);
#2128=EDGE_CURVE('',#1469,#1615,#784,.T.);
#2129=EDGE_CURVE('',#1461,#1623,#785,.T.);
#2130=EDGE_CURVE('',#1622,#1462,#786,.T.);
#2131=EDGE_CURVE('',#1624,#1460,#787,.T.);
#2132=EDGE_CURVE('',#1620,#1464,#788,.T.);
#2133=EDGE_CURVE('',#1463,#1621,#789,.T.);
#2134=EDGE_CURVE('',#1608,#1476,#790,.T.);
#2135=EDGE_CURVE('',#1475,#1609,#791,.T.);
#2136=EDGE_CURVE('',#1477,#1607,#792,.T.);
#2137=EDGE_CURVE('',#1610,#1474,#793,.T.);
#2138=EDGE_CURVE('',#1481,#1603,#794,.T.);
#2139=EDGE_CURVE('',#1602,#1482,#795,.T.);
#2140=EDGE_CURVE('',#1604,#1480,#796,.T.);
#2141=EDGE_CURVE('',#1479,#1605,#797,.T.);
#2142=EDGE_CURVE('',#1478,#1606,#798,.T.);
#2143=EDGE_CURVE('',#1628,#1456,#799,.T.);
#2144=EDGE_CURVE('',#1455,#1629,#800,.T.);
#2145=EDGE_CURVE('',#1457,#1627,#801,.T.);
#2146=EDGE_CURVE('',#1632,#1452,#802,.T.);
#2147=EDGE_CURVE('',#1451,#1633,#803,.T.);
#2148=EDGE_CURVE('',#1631,#1453,#804,.T.);
#2149=EDGE_CURVE('',#1613,#1471,#805,.T.);
#2150=EDGE_CURVE('',#1596,#1488,#806,.T.);
#2151=EDGE_CURVE('',#1487,#1597,#807,.T.);
#2152=EDGE_CURVE('',#1595,#1489,#808,.T.);
#2153=EDGE_CURVE('',#1592,#1492,#809,.T.);
#2154=EDGE_CURVE('',#1491,#1593,#810,.T.);
#2155=EDGE_CURVE('',#1493,#1591,#811,.T.);
#2156=EDGE_CURVE('',#1636,#1448,#812,.T.);
#2157=EDGE_CURVE('',#1447,#1637,#813,.T.);
#2158=EDGE_CURVE('',#1449,#1635,#814,.T.);
#2159=EDGE_CURVE('',#1706,#1565,#815,.T.);
#2160=EDGE_CURVE('',#1459,#1625,#816,.T.);
#2161=EDGE_CURVE('',#1626,#1458,#817,.T.);
#2162=EDGE_CURVE('',#1648,#1569,#818,.T.);
#2163=EDGE_CURVE('',#1570,#1647,#819,.T.);
#2164=EDGE_CURVE('',#1495,#1589,#820,.T.);
#2165=EDGE_CURVE('',#1590,#1494,#821,.T.);
#2166=EDGE_CURVE('',#1598,#1486,#822,.T.);
#2167=EDGE_CURVE('',#1485,#1599,#823,.T.);
#2168=EDGE_CURVE('',#1600,#1484,#824,.T.);
#2169=EDGE_CURVE('',#1483,#1601,#825,.T.);
#2170=EDGE_CURVE('',#1566,#1705,#826,.T.);
#2171=EDGE_CURVE('',#1634,#1450,#827,.T.);
#2172=EDGE_CURVE('',#1578,#1507,#828,.T.);
#2173=EDGE_CURVE('',#1509,#1649,#829,.T.);
#2174=EDGE_CURVE('',#1510,#1650,#830,.T.);
#2175=EDGE_CURVE('',#1577,#1508,#831,.T.);
#2176=EDGE_CURVE('',#1511,#1651,#832,.T.);
#2177=EDGE_CURVE('',#1512,#1652,#833,.T.);
#2178=EDGE_CURVE('',#1630,#1454,#834,.T.);
#2179=EDGE_CURVE('',#1513,#1653,#835,.T.);
#2180=EDGE_CURVE('',#1514,#1654,#836,.T.);
#2181=EDGE_CURVE('',#1612,#1472,#837,.T.);
#2182=EDGE_CURVE('',#1515,#1655,#838,.T.);
#2183=EDGE_CURVE('',#1516,#1656,#839,.T.);
#2184=EDGE_CURVE('',#1594,#1490,#840,.T.);
#2185=EDGE_CURVE('',#1657,#1517,#841,.T.);
#2186=EDGE_CURVE('',#1658,#1518,#842,.T.);
#2187=EDGE_CURVE('',#1659,#1519,#843,.T.);
#2188=EDGE_CURVE('',#1660,#1520,#844,.T.);
#2189=EDGE_CURVE('',#1688,#1548,#845,.T.);
#2190=EDGE_CURVE('',#1687,#1547,#846,.T.);
#2191=EDGE_CURVE('',#1686,#1546,#847,.T.);
#2192=EDGE_CURVE('',#1685,#1545,#848,.T.);
#2193=EDGE_CURVE('',#1684,#1544,#849,.T.);
#2194=EDGE_CURVE('',#1502,#1582,#850,.T.);
#2195=EDGE_CURVE('',#1501,#1583,#851,.T.);
#2196=EDGE_CURVE('',#1693,#1553,#852,.T.);
#2197=EDGE_CURVE('',#1692,#1552,#853,.T.);
#2198=EDGE_CURVE('',#1691,#1551,#854,.T.);
#2199=EDGE_CURVE('',#1690,#1550,#855,.T.);
#2200=EDGE_CURVE('',#1689,#1549,#856,.T.);
#2201=EDGE_CURVE('',#1698,#1560,#857,.T.);
#2202=EDGE_CURVE('',#1697,#1561,#858,.T.);
#2203=EDGE_CURVE('',#1696,#1562,#859,.T.);
#2204=EDGE_CURVE('',#1695,#1563,#860,.T.);
#2205=EDGE_CURVE('',#1694,#1564,#861,.T.);
#2206=EDGE_CURVE('',#1466,#1618,#862,.T.);
#2207=EDGE_CURVE('',#1465,#1619,#863,.T.);
#2208=EDGE_CURVE('',#1683,#1539,#864,.T.);
#2209=EDGE_CURVE('',#1682,#1540,#865,.T.);
#2210=EDGE_CURVE('',#1681,#1541,#866,.T.);
#2211=EDGE_CURVE('',#1680,#1542,#867,.T.);
#2212=EDGE_CURVE('',#1679,#1543,#868,.T.);
#2213=ORIENTED_EDGE('',*,*,#1709,.T.);
#2214=ORIENTED_EDGE('',*,*,#1710,.T.);
#2215=ORIENTED_EDGE('',*,*,#1711,.T.);
#2216=ORIENTED_EDGE('',*,*,#1712,.T.);
#2217=ORIENTED_EDGE('',*,*,#1710,.F.);
#2218=ORIENTED_EDGE('',*,*,#1713,.T.);
#2219=ORIENTED_EDGE('',*,*,#1714,.F.);
#2220=ORIENTED_EDGE('',*,*,#1715,.T.);
#2221=ORIENTED_EDGE('',*,*,#1716,.T.);
#2222=ORIENTED_EDGE('',*,*,#1717,.T.);
#2223=ORIENTED_EDGE('',*,*,#1718,.T.);
#2224=ORIENTED_EDGE('',*,*,#1719,.T.);
#2225=ORIENTED_EDGE('',*,*,#1717,.F.);
#2226=ORIENTED_EDGE('',*,*,#1720,.F.);
#2227=ORIENTED_EDGE('',*,*,#1721,.F.);
#2228=ORIENTED_EDGE('',*,*,#1722,.F.);
#2229=ORIENTED_EDGE('',*,*,#1723,.T.);
#2230=ORIENTED_EDGE('',*,*,#1724,.T.);
#2231=ORIENTED_EDGE('',*,*,#1725,.T.);
#2232=ORIENTED_EDGE('',*,*,#1726,.T.);
#2233=ORIENTED_EDGE('',*,*,#1724,.F.);
#2234=ORIENTED_EDGE('',*,*,#1727,.T.);
#2235=ORIENTED_EDGE('',*,*,#1728,.F.);
#2236=ORIENTED_EDGE('',*,*,#1729,.T.);
#2237=ORIENTED_EDGE('',*,*,#1730,.T.);
#2238=ORIENTED_EDGE('',*,*,#1731,.T.);
#2239=ORIENTED_EDGE('',*,*,#1732,.T.);
#2240=ORIENTED_EDGE('',*,*,#1733,.T.);
#2241=ORIENTED_EDGE('',*,*,#1731,.F.);
#2242=ORIENTED_EDGE('',*,*,#1734,.T.);
#2243=ORIENTED_EDGE('',*,*,#1735,.F.);
#2244=ORIENTED_EDGE('',*,*,#1736,.T.);
#2245=ORIENTED_EDGE('',*,*,#1737,.T.);
#2246=ORIENTED_EDGE('',*,*,#1738,.T.);
#2247=ORIENTED_EDGE('',*,*,#1739,.T.);
#2248=ORIENTED_EDGE('',*,*,#1740,.T.);
#2249=ORIENTED_EDGE('',*,*,#1738,.F.);
#2250=ORIENTED_EDGE('',*,*,#1741,.F.);
#2251=ORIENTED_EDGE('',*,*,#1742,.F.);
#2252=ORIENTED_EDGE('',*,*,#1743,.F.);
#2253=ORIENTED_EDGE('',*,*,#1744,.T.);
#2254=ORIENTED_EDGE('',*,*,#1745,.T.);
#2255=ORIENTED_EDGE('',*,*,#1746,.T.);
#2256=ORIENTED_EDGE('',*,*,#1747,.T.);
#2257=ORIENTED_EDGE('',*,*,#1745,.F.);
#2258=ORIENTED_EDGE('',*,*,#1748,.F.);
#2259=ORIENTED_EDGE('',*,*,#1749,.F.);
#2260=ORIENTED_EDGE('',*,*,#1750,.F.);
#2261=ORIENTED_EDGE('',*,*,#1751,.T.);
#2262=ORIENTED_EDGE('',*,*,#1752,.T.);
#2263=ORIENTED_EDGE('',*,*,#1753,.F.);
#2264=ORIENTED_EDGE('',*,*,#1714,.T.);
#2265=ORIENTED_EDGE('',*,*,#1754,.T.);
#2266=ORIENTED_EDGE('',*,*,#1755,.T.);
#2267=ORIENTED_EDGE('',*,*,#1756,.F.);
#2268=ORIENTED_EDGE('',*,*,#1757,.T.);
#2269=ORIENTED_EDGE('',*,*,#1757,.F.);
#2270=ORIENTED_EDGE('',*,*,#1758,.T.);
#2271=ORIENTED_EDGE('',*,*,#1759,.F.);
#2272=ORIENTED_EDGE('',*,*,#1760,.T.);
#2273=ORIENTED_EDGE('',*,*,#1761,.T.);
#2274=ORIENTED_EDGE('',*,*,#1759,.T.);
#2275=ORIENTED_EDGE('',*,*,#1762,.T.);
#2276=ORIENTED_EDGE('',*,*,#1763,.T.);
#2277=ORIENTED_EDGE('',*,*,#1764,.T.);
#2278=ORIENTED_EDGE('',*,*,#1765,.T.);
#2279=ORIENTED_EDGE('',*,*,#1766,.F.);
#2280=ORIENTED_EDGE('',*,*,#1721,.T.);
#2281=ORIENTED_EDGE('',*,*,#1767,.T.);
#2282=ORIENTED_EDGE('',*,*,#1768,.T.);
#2283=ORIENTED_EDGE('',*,*,#1769,.F.);
#2284=ORIENTED_EDGE('',*,*,#1770,.T.);
#2285=ORIENTED_EDGE('',*,*,#1770,.F.);
#2286=ORIENTED_EDGE('',*,*,#1771,.F.);
#2287=ORIENTED_EDGE('',*,*,#1772,.F.);
#2288=ORIENTED_EDGE('',*,*,#1773,.F.);
#2289=ORIENTED_EDGE('',*,*,#1774,.T.);
#2290=ORIENTED_EDGE('',*,*,#1772,.T.);
#2291=ORIENTED_EDGE('',*,*,#1775,.T.);
#2292=ORIENTED_EDGE('',*,*,#1776,.T.);
#2293=ORIENTED_EDGE('',*,*,#1777,.T.);
#2294=ORIENTED_EDGE('',*,*,#1749,.T.);
#2295=ORIENTED_EDGE('',*,*,#1778,.T.);
#2296=ORIENTED_EDGE('',*,*,#1779,.T.);
#2297=ORIENTED_EDGE('',*,*,#1780,.T.);
#2298=ORIENTED_EDGE('',*,*,#1735,.T.);
#2299=ORIENTED_EDGE('',*,*,#1781,.T.);
#2300=ORIENTED_EDGE('',*,*,#1782,.T.);
#2301=ORIENTED_EDGE('',*,*,#1783,.T.);
#2302=ORIENTED_EDGE('',*,*,#1728,.T.);
#2303=ORIENTED_EDGE('',*,*,#1784,.T.);
#2304=ORIENTED_EDGE('',*,*,#1785,.T.);
#2305=ORIENTED_EDGE('',*,*,#1786,.T.);
#2306=ORIENTED_EDGE('',*,*,#1742,.T.);
#2307=ORIENTED_EDGE('',*,*,#1787,.T.);
#2308=ORIENTED_EDGE('',*,*,#1788,.T.);
#2309=ORIENTED_EDGE('',*,*,#1726,.F.);
#2310=ORIENTED_EDGE('',*,*,#1789,.F.);
#2311=ORIENTED_EDGE('',*,*,#1733,.F.);
#2312=ORIENTED_EDGE('',*,*,#1790,.F.);
#2313=ORIENTED_EDGE('',*,*,#1791,.F.);
#2314=ORIENTED_EDGE('',*,*,#1792,.F.);
#2315=ORIENTED_EDGE('',*,*,#1793,.F.);
#2316=ORIENTED_EDGE('',*,*,#1794,.F.);
#2317=ORIENTED_EDGE('',*,*,#1795,.F.);
#2318=ORIENTED_EDGE('',*,*,#1796,.F.);
#2319=ORIENTED_EDGE('',*,*,#1797,.F.);
#2320=ORIENTED_EDGE('',*,*,#1798,.F.);
#2321=ORIENTED_EDGE('',*,*,#1799,.F.);
#2322=ORIENTED_EDGE('',*,*,#1800,.F.);
#2323=ORIENTED_EDGE('',*,*,#1801,.F.);
#2324=ORIENTED_EDGE('',*,*,#1802,.F.);
#2325=ORIENTED_EDGE('',*,*,#1803,.T.);
#2326=ORIENTED_EDGE('',*,*,#1804,.F.);
#2327=ORIENTED_EDGE('',*,*,#1805,.T.);
#2328=ORIENTED_EDGE('',*,*,#1806,.F.);
#2329=ORIENTED_EDGE('',*,*,#1807,.T.);
#2330=ORIENTED_EDGE('',*,*,#1808,.T.);
#2331=ORIENTED_EDGE('',*,*,#1809,.T.);
#2332=ORIENTED_EDGE('',*,*,#1810,.F.);
#2333=ORIENTED_EDGE('',*,*,#1811,.T.);
#2334=ORIENTED_EDGE('',*,*,#1812,.F.);
#2335=ORIENTED_EDGE('',*,*,#1813,.T.);
#2336=ORIENTED_EDGE('',*,*,#1814,.F.);
#2337=ORIENTED_EDGE('',*,*,#1815,.F.);
#2338=ORIENTED_EDGE('',*,*,#1816,.F.);
#2339=ORIENTED_EDGE('',*,*,#1817,.F.);
#2340=ORIENTED_EDGE('',*,*,#1818,.F.);
#2341=ORIENTED_EDGE('',*,*,#1819,.F.);
#2342=ORIENTED_EDGE('',*,*,#1820,.F.);
#2343=ORIENTED_EDGE('',*,*,#1821,.F.);
#2344=ORIENTED_EDGE('',*,*,#1822,.F.);
#2345=ORIENTED_EDGE('',*,*,#1823,.F.);
#2346=ORIENTED_EDGE('',*,*,#1824,.F.);
#2347=ORIENTED_EDGE('',*,*,#1825,.F.);
#2348=ORIENTED_EDGE('',*,*,#1775,.F.);
#2349=ORIENTED_EDGE('',*,*,#1771,.T.);
#2350=ORIENTED_EDGE('',*,*,#1769,.T.);
#2351=ORIENTED_EDGE('',*,*,#1826,.T.);
#2352=ORIENTED_EDGE('',*,*,#1827,.T.);
#2353=ORIENTED_EDGE('',*,*,#1828,.T.);
#2354=ORIENTED_EDGE('',*,*,#1764,.F.);
#2355=ORIENTED_EDGE('',*,*,#1720,.T.);
#2356=ORIENTED_EDGE('',*,*,#1716,.F.);
#2357=ORIENTED_EDGE('',*,*,#1829,.F.);
#2358=ORIENTED_EDGE('',*,*,#1830,.F.);
#2359=ORIENTED_EDGE('',*,*,#1831,.F.);
#2360=ORIENTED_EDGE('',*,*,#1832,.F.);
#2361=ORIENTED_EDGE('',*,*,#1833,.F.);
#2362=ORIENTED_EDGE('',*,*,#1834,.F.);
#2363=ORIENTED_EDGE('',*,*,#1835,.F.);
#2364=ORIENTED_EDGE('',*,*,#1836,.F.);
#2365=ORIENTED_EDGE('',*,*,#1837,.F.);
#2366=ORIENTED_EDGE('',*,*,#1838,.F.);
#2367=ORIENTED_EDGE('',*,*,#1839,.F.);
#2368=ORIENTED_EDGE('',*,*,#1840,.F.);
#2369=ORIENTED_EDGE('',*,*,#1841,.T.);
#2370=ORIENTED_EDGE('',*,*,#1842,.F.);
#2371=ORIENTED_EDGE('',*,*,#1843,.T.);
#2372=ORIENTED_EDGE('',*,*,#1844,.F.);
#2373=ORIENTED_EDGE('',*,*,#1845,.T.);
#2374=ORIENTED_EDGE('',*,*,#1846,.T.);
#2375=ORIENTED_EDGE('',*,*,#1847,.T.);
#2376=ORIENTED_EDGE('',*,*,#1848,.F.);
#2377=ORIENTED_EDGE('',*,*,#1849,.T.);
#2378=ORIENTED_EDGE('',*,*,#1850,.F.);
#2379=ORIENTED_EDGE('',*,*,#1851,.T.);
#2380=ORIENTED_EDGE('',*,*,#1852,.F.);
#2381=ORIENTED_EDGE('',*,*,#1853,.F.);
#2382=ORIENTED_EDGE('',*,*,#1854,.F.);
#2383=ORIENTED_EDGE('',*,*,#1855,.F.);
#2384=ORIENTED_EDGE('',*,*,#1856,.F.);
#2385=ORIENTED_EDGE('',*,*,#1857,.F.);
#2386=ORIENTED_EDGE('',*,*,#1858,.F.);
#2387=ORIENTED_EDGE('',*,*,#1859,.F.);
#2388=ORIENTED_EDGE('',*,*,#1860,.F.);
#2389=ORIENTED_EDGE('',*,*,#1861,.F.);
#2390=ORIENTED_EDGE('',*,*,#1862,.F.);
#2391=ORIENTED_EDGE('',*,*,#1863,.F.);
#2392=ORIENTED_EDGE('',*,*,#1711,.F.);
#2393=ORIENTED_EDGE('',*,*,#1715,.F.);
#2394=ORIENTED_EDGE('',*,*,#1753,.T.);
#2395=ORIENTED_EDGE('',*,*,#1864,.T.);
#2396=ORIENTED_EDGE('',*,*,#1865,.T.);
#2397=ORIENTED_EDGE('',*,*,#1866,.T.);
#2398=ORIENTED_EDGE('',*,*,#1754,.F.);
#2399=ORIENTED_EDGE('',*,*,#1760,.F.);
#2400=ORIENTED_EDGE('',*,*,#1761,.F.);
#2401=ORIENTED_EDGE('',*,*,#1867,.T.);
#2402=ORIENTED_EDGE('',*,*,#1868,.T.);
#2403=ORIENTED_EDGE('',*,*,#1869,.T.);
#2404=ORIENTED_EDGE('',*,*,#1870,.T.);
#2405=ORIENTED_EDGE('',*,*,#1871,.T.);
#2406=ORIENTED_EDGE('',*,*,#1872,.T.);
#2407=ORIENTED_EDGE('',*,*,#1873,.T.);
#2408=ORIENTED_EDGE('',*,*,#1874,.T.);
#2409=ORIENTED_EDGE('',*,*,#1875,.T.);
#2410=ORIENTED_EDGE('',*,*,#1876,.T.);
#2411=ORIENTED_EDGE('',*,*,#1877,.T.);
#2412=ORIENTED_EDGE('',*,*,#1878,.T.);
#2413=ORIENTED_EDGE('',*,*,#1879,.F.);
#2414=ORIENTED_EDGE('',*,*,#1880,.F.);
#2415=ORIENTED_EDGE('',*,*,#1881,.T.);
#2416=ORIENTED_EDGE('',*,*,#1882,.F.);
#2417=ORIENTED_EDGE('',*,*,#1883,.F.);
#2418=ORIENTED_EDGE('',*,*,#1884,.F.);
#2419=ORIENTED_EDGE('',*,*,#1885,.T.);
#2420=ORIENTED_EDGE('',*,*,#1886,.F.);
#2421=ORIENTED_EDGE('',*,*,#1887,.F.);
#2422=ORIENTED_EDGE('',*,*,#1888,.F.);
#2423=ORIENTED_EDGE('',*,*,#1889,.F.);
#2424=ORIENTED_EDGE('',*,*,#1890,.F.);
#2425=ORIENTED_EDGE('',*,*,#1891,.T.);
#2426=ORIENTED_EDGE('',*,*,#1892,.F.);
#2427=ORIENTED_EDGE('',*,*,#1893,.F.);
#2428=ORIENTED_EDGE('',*,*,#1894,.F.);
#2429=ORIENTED_EDGE('',*,*,#1895,.F.);
#2430=ORIENTED_EDGE('',*,*,#1896,.F.);
#2431=ORIENTED_EDGE('',*,*,#1897,.F.);
#2432=ORIENTED_EDGE('',*,*,#1898,.F.);
#2433=ORIENTED_EDGE('',*,*,#1899,.F.);
#2434=ORIENTED_EDGE('',*,*,#1900,.F.);
#2435=ORIENTED_EDGE('',*,*,#1901,.F.);
#2436=ORIENTED_EDGE('',*,*,#1902,.F.);
#2437=ORIENTED_EDGE('',*,*,#1903,.F.);
#2438=ORIENTED_EDGE('',*,*,#1904,.F.);
#2439=ORIENTED_EDGE('',*,*,#1905,.F.);
#2440=ORIENTED_EDGE('',*,*,#1906,.F.);
#2441=ORIENTED_EDGE('',*,*,#1907,.F.);
#2442=ORIENTED_EDGE('',*,*,#1908,.F.);
#2443=ORIENTED_EDGE('',*,*,#1909,.F.);
#2444=ORIENTED_EDGE('',*,*,#1910,.F.);
#2445=ORIENTED_EDGE('',*,*,#1911,.F.);
#2446=ORIENTED_EDGE('',*,*,#1912,.T.);
#2447=ORIENTED_EDGE('',*,*,#1913,.F.);
#2448=ORIENTED_EDGE('',*,*,#1914,.F.);
#2449=ORIENTED_EDGE('',*,*,#1915,.F.);
#2450=ORIENTED_EDGE('',*,*,#1916,.F.);
#2451=ORIENTED_EDGE('',*,*,#1917,.F.);
#2452=ORIENTED_EDGE('',*,*,#1918,.F.);
#2453=ORIENTED_EDGE('',*,*,#1919,.F.);
#2454=ORIENTED_EDGE('',*,*,#1920,.F.);
#2455=ORIENTED_EDGE('',*,*,#1921,.F.);
#2456=ORIENTED_EDGE('',*,*,#1922,.F.);
#2457=ORIENTED_EDGE('',*,*,#1923,.T.);
#2458=ORIENTED_EDGE('',*,*,#1924,.F.);
#2459=ORIENTED_EDGE('',*,*,#1925,.F.);
#2460=ORIENTED_EDGE('',*,*,#1787,.F.);
#2461=ORIENTED_EDGE('',*,*,#1741,.T.);
#2462=ORIENTED_EDGE('',*,*,#1737,.F.);
#2463=ORIENTED_EDGE('',*,*,#1926,.T.);
#2464=ORIENTED_EDGE('',*,*,#1746,.F.);
#2465=ORIENTED_EDGE('',*,*,#1750,.T.);
#2466=ORIENTED_EDGE('',*,*,#1777,.F.);
#2467=ORIENTED_EDGE('',*,*,#1927,.F.);
#2468=ORIENTED_EDGE('',*,*,#1928,.F.);
#2469=ORIENTED_EDGE('',*,*,#1929,.T.);
#2470=ORIENTED_EDGE('',*,*,#1930,.F.);
#2471=ORIENTED_EDGE('',*,*,#1931,.F.);
#2472=ORIENTED_EDGE('',*,*,#1781,.F.);
#2473=ORIENTED_EDGE('',*,*,#1734,.F.);
#2474=ORIENTED_EDGE('',*,*,#1730,.F.);
#2475=ORIENTED_EDGE('',*,*,#1789,.T.);
#2476=ORIENTED_EDGE('',*,*,#1725,.F.);
#2477=ORIENTED_EDGE('',*,*,#1729,.F.);
#2478=ORIENTED_EDGE('',*,*,#1783,.F.);
#2479=ORIENTED_EDGE('',*,*,#1932,.F.);
#2480=ORIENTED_EDGE('',*,*,#1933,.F.);
#2481=ORIENTED_EDGE('',*,*,#1763,.F.);
#2482=ORIENTED_EDGE('',*,*,#1934,.F.);
#2483=ORIENTED_EDGE('',*,*,#1935,.F.);
#2484=ORIENTED_EDGE('',*,*,#1791,.T.);
#2485=ORIENTED_EDGE('',*,*,#1782,.F.);
#2486=ORIENTED_EDGE('',*,*,#1931,.T.);
#2487=ORIENTED_EDGE('',*,*,#1936,.F.);
#2488=ORIENTED_EDGE('',*,*,#1937,.F.);
#2489=ORIENTED_EDGE('',*,*,#1712,.F.);
#2490=ORIENTED_EDGE('',*,*,#1863,.T.);
#2491=ORIENTED_EDGE('',*,*,#1938,.F.);
#2492=ORIENTED_EDGE('',*,*,#1939,.F.);
#2493=ORIENTED_EDGE('',*,*,#1785,.F.);
#2494=ORIENTED_EDGE('',*,*,#1940,.F.);
#2495=ORIENTED_EDGE('',*,*,#1941,.F.);
#2496=ORIENTED_EDGE('',*,*,#1932,.T.);
#2497=ORIENTED_EDGE('',*,*,#1740,.F.);
#2498=ORIENTED_EDGE('',*,*,#1942,.F.);
#2499=ORIENTED_EDGE('',*,*,#1747,.F.);
#2500=ORIENTED_EDGE('',*,*,#1926,.F.);
#2501=ORIENTED_EDGE('',*,*,#1943,.T.);
#2502=ORIENTED_EDGE('',*,*,#1944,.T.);
#2503=ORIENTED_EDGE('',*,*,#1945,.T.);
#2504=ORIENTED_EDGE('',*,*,#1751,.F.);
#2505=ORIENTED_EDGE('',*,*,#1713,.F.);
#2506=ORIENTED_EDGE('',*,*,#1709,.F.);
#2507=ORIENTED_EDGE('',*,*,#1939,.T.);
#2508=ORIENTED_EDGE('',*,*,#1946,.F.);
#2509=ORIENTED_EDGE('',*,*,#1947,.T.);
#2510=ORIENTED_EDGE('',*,*,#1948,.F.);
#2511=ORIENTED_EDGE('',*,*,#1949,.T.);
#2512=ORIENTED_EDGE('',*,*,#1950,.T.);
#2513=ORIENTED_EDGE('',*,*,#1951,.T.);
#2514=ORIENTED_EDGE('',*,*,#1952,.F.);
#2515=ORIENTED_EDGE('',*,*,#1953,.T.);
#2516=ORIENTED_EDGE('',*,*,#1954,.F.);
#2517=ORIENTED_EDGE('',*,*,#1955,.T.);
#2518=ORIENTED_EDGE('',*,*,#1956,.F.);
#2519=ORIENTED_EDGE('',*,*,#1957,.T.);
#2520=ORIENTED_EDGE('',*,*,#1958,.F.);
#2521=ORIENTED_EDGE('',*,*,#1959,.T.);
#2522=ORIENTED_EDGE('',*,*,#1960,.F.);
#2523=ORIENTED_EDGE('',*,*,#1961,.T.);
#2524=ORIENTED_EDGE('',*,*,#1962,.T.);
#2525=ORIENTED_EDGE('',*,*,#1963,.T.);
#2526=ORIENTED_EDGE('',*,*,#1964,.F.);
#2527=ORIENTED_EDGE('',*,*,#1965,.T.);
#2528=ORIENTED_EDGE('',*,*,#1966,.F.);
#2529=ORIENTED_EDGE('',*,*,#1967,.T.);
#2530=ORIENTED_EDGE('',*,*,#1968,.F.);
#2531=ORIENTED_EDGE('',*,*,#1969,.T.);
#2532=ORIENTED_EDGE('',*,*,#1970,.F.);
#2533=ORIENTED_EDGE('',*,*,#1971,.T.);
#2534=ORIENTED_EDGE('',*,*,#1972,.F.);
#2535=ORIENTED_EDGE('',*,*,#1973,.T.);
#2536=ORIENTED_EDGE('',*,*,#1974,.T.);
#2537=ORIENTED_EDGE('',*,*,#1975,.T.);
#2538=ORIENTED_EDGE('',*,*,#1976,.F.);
#2539=ORIENTED_EDGE('',*,*,#1977,.T.);
#2540=ORIENTED_EDGE('',*,*,#1978,.F.);
#2541=ORIENTED_EDGE('',*,*,#1979,.T.);
#2542=ORIENTED_EDGE('',*,*,#1718,.F.);
#2543=ORIENTED_EDGE('',*,*,#1722,.T.);
#2544=ORIENTED_EDGE('',*,*,#1766,.T.);
#2545=ORIENTED_EDGE('',*,*,#1980,.T.);
#2546=ORIENTED_EDGE('',*,*,#1981,.T.);
#2547=ORIENTED_EDGE('',*,*,#1982,.T.);
#2548=ORIENTED_EDGE('',*,*,#1767,.F.);
#2549=ORIENTED_EDGE('',*,*,#1773,.T.);
#2550=ORIENTED_EDGE('',*,*,#1774,.F.);
#2551=ORIENTED_EDGE('',*,*,#1983,.T.);
#2552=ORIENTED_EDGE('',*,*,#1984,.F.);
#2553=ORIENTED_EDGE('',*,*,#1985,.T.);
#2554=ORIENTED_EDGE('',*,*,#1986,.F.);
#2555=ORIENTED_EDGE('',*,*,#1987,.T.);
#2556=ORIENTED_EDGE('',*,*,#1988,.T.);
#2557=ORIENTED_EDGE('',*,*,#1989,.T.);
#2558=ORIENTED_EDGE('',*,*,#1990,.F.);
#2559=ORIENTED_EDGE('',*,*,#1991,.T.);
#2560=ORIENTED_EDGE('',*,*,#1992,.F.);
#2561=ORIENTED_EDGE('',*,*,#1993,.T.);
#2562=ORIENTED_EDGE('',*,*,#1994,.F.);
#2563=ORIENTED_EDGE('',*,*,#1995,.T.);
#2564=ORIENTED_EDGE('',*,*,#1996,.F.);
#2565=ORIENTED_EDGE('',*,*,#1997,.T.);
#2566=ORIENTED_EDGE('',*,*,#1998,.F.);
#2567=ORIENTED_EDGE('',*,*,#1999,.T.);
#2568=ORIENTED_EDGE('',*,*,#2000,.T.);
#2569=ORIENTED_EDGE('',*,*,#2001,.T.);
#2570=ORIENTED_EDGE('',*,*,#2002,.F.);
#2571=ORIENTED_EDGE('',*,*,#2003,.T.);
#2572=ORIENTED_EDGE('',*,*,#2004,.F.);
#2573=ORIENTED_EDGE('',*,*,#2005,.T.);
#2574=ORIENTED_EDGE('',*,*,#2006,.F.);
#2575=ORIENTED_EDGE('',*,*,#2007,.T.);
#2576=ORIENTED_EDGE('',*,*,#2008,.F.);
#2577=ORIENTED_EDGE('',*,*,#2009,.T.);
#2578=ORIENTED_EDGE('',*,*,#2010,.F.);
#2579=ORIENTED_EDGE('',*,*,#2011,.T.);
#2580=ORIENTED_EDGE('',*,*,#2012,.T.);
#2581=ORIENTED_EDGE('',*,*,#2013,.T.);
#2582=ORIENTED_EDGE('',*,*,#2014,.F.);
#2583=ORIENTED_EDGE('',*,*,#2015,.T.);
#2584=ORIENTED_EDGE('',*,*,#2016,.F.);
#2585=ORIENTED_EDGE('',*,*,#1934,.T.);
#2586=ORIENTED_EDGE('',*,*,#1762,.F.);
#2587=ORIENTED_EDGE('',*,*,#1758,.F.);
#2588=ORIENTED_EDGE('',*,*,#1756,.T.);
#2589=ORIENTED_EDGE('',*,*,#2017,.T.);
#2590=ORIENTED_EDGE('',*,*,#2018,.F.);
#2591=ORIENTED_EDGE('',*,*,#1940,.T.);
#2592=ORIENTED_EDGE('',*,*,#1784,.F.);
#2593=ORIENTED_EDGE('',*,*,#1727,.F.);
#2594=ORIENTED_EDGE('',*,*,#1723,.F.);
#2595=ORIENTED_EDGE('',*,*,#1790,.T.);
#2596=ORIENTED_EDGE('',*,*,#1732,.F.);
#2597=ORIENTED_EDGE('',*,*,#1736,.F.);
#2598=ORIENTED_EDGE('',*,*,#1780,.F.);
#2599=ORIENTED_EDGE('',*,*,#1937,.T.);
#2600=ORIENTED_EDGE('',*,*,#2019,.F.);
#2601=ORIENTED_EDGE('',*,*,#2020,.T.);
#2602=ORIENTED_EDGE('',*,*,#2021,.T.);
#2603=ORIENTED_EDGE('',*,*,#2022,.T.);
#2604=ORIENTED_EDGE('',*,*,#2023,.T.);
#2605=ORIENTED_EDGE('',*,*,#2024,.T.);
#2606=ORIENTED_EDGE('',*,*,#2025,.T.);
#2607=ORIENTED_EDGE('',*,*,#2026,.T.);
#2608=ORIENTED_EDGE('',*,*,#2027,.T.);
#2609=ORIENTED_EDGE('',*,*,#2028,.T.);
#2610=ORIENTED_EDGE('',*,*,#2029,.T.);
#2611=ORIENTED_EDGE('',*,*,#2030,.T.);
#2612=ORIENTED_EDGE('',*,*,#2031,.T.);
#2613=ORIENTED_EDGE('',*,*,#2032,.T.);
#2614=ORIENTED_EDGE('',*,*,#2033,.F.);
#2615=ORIENTED_EDGE('',*,*,#2034,.T.);
#2616=ORIENTED_EDGE('',*,*,#2035,.F.);
#2617=ORIENTED_EDGE('',*,*,#2036,.T.);
#2618=ORIENTED_EDGE('',*,*,#2037,.F.);
#2619=ORIENTED_EDGE('',*,*,#2038,.T.);
#2620=ORIENTED_EDGE('',*,*,#2039,.F.);
#2621=ORIENTED_EDGE('',*,*,#2040,.T.);
#2622=ORIENTED_EDGE('',*,*,#2041,.F.);
#2623=ORIENTED_EDGE('',*,*,#2042,.T.);
#2624=ORIENTED_EDGE('',*,*,#2043,.F.);
#2625=ORIENTED_EDGE('',*,*,#2044,.T.);
#2626=ORIENTED_EDGE('',*,*,#2045,.F.);
#2627=ORIENTED_EDGE('',*,*,#2046,.T.);
#2628=ORIENTED_EDGE('',*,*,#2047,.F.);
#2629=ORIENTED_EDGE('',*,*,#2048,.T.);
#2630=ORIENTED_EDGE('',*,*,#2049,.F.);
#2631=ORIENTED_EDGE('',*,*,#2050,.T.);
#2632=ORIENTED_EDGE('',*,*,#2051,.T.);
#2633=ORIENTED_EDGE('',*,*,#2052,.T.);
#2634=ORIENTED_EDGE('',*,*,#2053,.T.);
#2635=ORIENTED_EDGE('',*,*,#2054,.T.);
#2636=ORIENTED_EDGE('',*,*,#2055,.T.);
#2637=ORIENTED_EDGE('',*,*,#2056,.T.);
#2638=ORIENTED_EDGE('',*,*,#2057,.T.);
#2639=ORIENTED_EDGE('',*,*,#2058,.T.);
#2640=ORIENTED_EDGE('',*,*,#2059,.T.);
#2641=ORIENTED_EDGE('',*,*,#2060,.T.);
#2642=ORIENTED_EDGE('',*,*,#2061,.T.);
#2643=ORIENTED_EDGE('',*,*,#2062,.T.);
#2644=ORIENTED_EDGE('',*,*,#2063,.T.);
#2645=ORIENTED_EDGE('',*,*,#2064,.T.);
#2646=ORIENTED_EDGE('',*,*,#2065,.T.);
#2647=ORIENTED_EDGE('',*,*,#2066,.T.);
#2648=ORIENTED_EDGE('',*,*,#2067,.T.);
#2649=ORIENTED_EDGE('',*,*,#2068,.T.);
#2650=ORIENTED_EDGE('',*,*,#2069,.T.);
#2651=ORIENTED_EDGE('',*,*,#2070,.T.);
#2652=ORIENTED_EDGE('',*,*,#2071,.F.);
#2653=ORIENTED_EDGE('',*,*,#2072,.T.);
#2654=ORIENTED_EDGE('',*,*,#2073,.F.);
#2655=ORIENTED_EDGE('',*,*,#2074,.T.);
#2656=ORIENTED_EDGE('',*,*,#2075,.F.);
#2657=ORIENTED_EDGE('',*,*,#2076,.T.);
#2658=ORIENTED_EDGE('',*,*,#2077,.F.);
#2659=ORIENTED_EDGE('',*,*,#2078,.T.);
#2660=ORIENTED_EDGE('',*,*,#1778,.F.);
#2661=ORIENTED_EDGE('',*,*,#1748,.T.);
#2662=ORIENTED_EDGE('',*,*,#1744,.F.);
#2663=ORIENTED_EDGE('',*,*,#1942,.T.);
#2664=ORIENTED_EDGE('',*,*,#1739,.F.);
#2665=ORIENTED_EDGE('',*,*,#1743,.T.);
#2666=ORIENTED_EDGE('',*,*,#1786,.F.);
#2667=ORIENTED_EDGE('',*,*,#2079,.T.);
#2668=ORIENTED_EDGE('',*,*,#2080,.F.);
#2669=ORIENTED_EDGE('',*,*,#1776,.F.);
#2670=ORIENTED_EDGE('',*,*,#1825,.T.);
#2671=ORIENTED_EDGE('',*,*,#2081,.F.);
#2672=ORIENTED_EDGE('',*,*,#1983,.F.);
#2673=ORIENTED_EDGE('',*,*,#1779,.F.);
#2674=ORIENTED_EDGE('',*,*,#2078,.F.);
#2675=ORIENTED_EDGE('',*,*,#2082,.F.);
#2676=ORIENTED_EDGE('',*,*,#1927,.T.);
#2677=ORIENTED_EDGE('',*,*,#1788,.F.);
#2678=ORIENTED_EDGE('',*,*,#1925,.T.);
#2679=ORIENTED_EDGE('',*,*,#2083,.F.);
#2680=ORIENTED_EDGE('',*,*,#2079,.F.);
#2681=ORIENTED_EDGE('',*,*,#1719,.F.);
#2682=ORIENTED_EDGE('',*,*,#1979,.F.);
#2683=ORIENTED_EDGE('',*,*,#2084,.F.);
#2684=ORIENTED_EDGE('',*,*,#1829,.T.);
#2685=ORIENTED_EDGE('',*,*,#1884,.T.);
#2686=ORIENTED_EDGE('',*,*,#2085,.T.);
#2687=ORIENTED_EDGE('',*,*,#2073,.T.);
#2688=ORIENTED_EDGE('',*,*,#2086,.T.);
#2689=ORIENTED_EDGE('',*,*,#2085,.F.);
#2690=ORIENTED_EDGE('',*,*,#1883,.T.);
#2691=ORIENTED_EDGE('',*,*,#2087,.F.);
#2692=ORIENTED_EDGE('',*,*,#2074,.F.);
#2693=ORIENTED_EDGE('',*,*,#2043,.T.);
#2694=ORIENTED_EDGE('',*,*,#2088,.T.);
#2695=ORIENTED_EDGE('',*,*,#1896,.T.);
#2696=ORIENTED_EDGE('',*,*,#2089,.T.);
#2697=ORIENTED_EDGE('',*,*,#2088,.F.);
#2698=ORIENTED_EDGE('',*,*,#2042,.F.);
#2699=ORIENTED_EDGE('',*,*,#2090,.F.);
#2700=ORIENTED_EDGE('',*,*,#1891,.F.);
#2701=ORIENTED_EDGE('',*,*,#1894,.T.);
#2702=ORIENTED_EDGE('',*,*,#2091,.T.);
#2703=ORIENTED_EDGE('',*,*,#2039,.T.);
#2704=ORIENTED_EDGE('',*,*,#2092,.T.);
#2705=ORIENTED_EDGE('',*,*,#2091,.F.);
#2706=ORIENTED_EDGE('',*,*,#1893,.T.);
#2707=ORIENTED_EDGE('',*,*,#2093,.F.);
#2708=ORIENTED_EDGE('',*,*,#2040,.F.);
#2709=ORIENTED_EDGE('',*,*,#1892,.T.);
#2710=ORIENTED_EDGE('',*,*,#2090,.T.);
#2711=ORIENTED_EDGE('',*,*,#2041,.T.);
#2712=ORIENTED_EDGE('',*,*,#2093,.T.);
#2713=ORIENTED_EDGE('',*,*,#2049,.T.);
#2714=ORIENTED_EDGE('',*,*,#2094,.T.);
#2715=ORIENTED_EDGE('',*,*,#1917,.T.);
#2716=ORIENTED_EDGE('',*,*,#2095,.T.);
#2717=ORIENTED_EDGE('',*,*,#2094,.F.);
#2718=ORIENTED_EDGE('',*,*,#2048,.F.);
#2719=ORIENTED_EDGE('',*,*,#2096,.F.);
#2720=ORIENTED_EDGE('',*,*,#1912,.F.);
#2721=ORIENTED_EDGE('',*,*,#2071,.T.);
#2722=ORIENTED_EDGE('',*,*,#2097,.T.);
#2723=ORIENTED_EDGE('',*,*,#1880,.T.);
#2724=ORIENTED_EDGE('',*,*,#2098,.T.);
#2725=ORIENTED_EDGE('',*,*,#2097,.F.);
#2726=ORIENTED_EDGE('',*,*,#2070,.F.);
#2727=ORIENTED_EDGE('',*,*,#2099,.F.);
#2728=ORIENTED_EDGE('',*,*,#1881,.F.);
#2729=ORIENTED_EDGE('',*,*,#1913,.T.);
#2730=ORIENTED_EDGE('',*,*,#2096,.T.);
#2731=ORIENTED_EDGE('',*,*,#2047,.T.);
#2732=ORIENTED_EDGE('',*,*,#2100,.T.);
#2733=ORIENTED_EDGE('',*,*,#1915,.T.);
#2734=ORIENTED_EDGE('',*,*,#2101,.T.);
#2735=ORIENTED_EDGE('',*,*,#2045,.T.);
#2736=ORIENTED_EDGE('',*,*,#2102,.T.);
#2737=ORIENTED_EDGE('',*,*,#2100,.F.);
#2738=ORIENTED_EDGE('',*,*,#2046,.F.);
#2739=ORIENTED_EDGE('',*,*,#2101,.F.);
#2740=ORIENTED_EDGE('',*,*,#1914,.T.);
#2741=ORIENTED_EDGE('',*,*,#1888,.T.);
#2742=ORIENTED_EDGE('',*,*,#2103,.T.);
#2743=ORIENTED_EDGE('',*,*,#2033,.T.);
#2744=ORIENTED_EDGE('',*,*,#2104,.T.);
#2745=ORIENTED_EDGE('',*,*,#2103,.F.);
#2746=ORIENTED_EDGE('',*,*,#1887,.T.);
#2747=ORIENTED_EDGE('',*,*,#2105,.F.);
#2748=ORIENTED_EDGE('',*,*,#2034,.F.);
#2749=ORIENTED_EDGE('',*,*,#1886,.T.);
#2750=ORIENTED_EDGE('',*,*,#2106,.T.);
#2751=ORIENTED_EDGE('',*,*,#2035,.T.);
#2752=ORIENTED_EDGE('',*,*,#2105,.T.);
#2753=ORIENTED_EDGE('',*,*,#2106,.F.);
#2754=ORIENTED_EDGE('',*,*,#1885,.F.);
#2755=ORIENTED_EDGE('',*,*,#2107,.F.);
#2756=ORIENTED_EDGE('',*,*,#2036,.F.);
#2757=ORIENTED_EDGE('',*,*,#2037,.T.);
#2758=ORIENTED_EDGE('',*,*,#2107,.T.);
#2759=ORIENTED_EDGE('',*,*,#1890,.T.);
#2760=ORIENTED_EDGE('',*,*,#2108,.T.);
#2761=ORIENTED_EDGE('',*,*,#1882,.T.);
#2762=ORIENTED_EDGE('',*,*,#2099,.T.);
#2763=ORIENTED_EDGE('',*,*,#2075,.T.);
#2764=ORIENTED_EDGE('',*,*,#2087,.T.);
#2765=ORIENTED_EDGE('',*,*,#1800,.T.);
#2766=ORIENTED_EDGE('',*,*,#2109,.T.);
#2767=ORIENTED_EDGE('',*,*,#2008,.T.);
#2768=ORIENTED_EDGE('',*,*,#2110,.T.);
#2769=ORIENTED_EDGE('',*,*,#2109,.F.);
#2770=ORIENTED_EDGE('',*,*,#1799,.T.);
#2771=ORIENTED_EDGE('',*,*,#2111,.F.);
#2772=ORIENTED_EDGE('',*,*,#2009,.F.);
#2773=ORIENTED_EDGE('',*,*,#2010,.T.);
#2774=ORIENTED_EDGE('',*,*,#2111,.T.);
#2775=ORIENTED_EDGE('',*,*,#1798,.T.);
#2776=ORIENTED_EDGE('',*,*,#2112,.T.);
#2777=ORIENTED_EDGE('',*,*,#2112,.F.);
#2778=ORIENTED_EDGE('',*,*,#1797,.T.);
#2779=ORIENTED_EDGE('',*,*,#2113,.T.);
#2780=ORIENTED_EDGE('',*,*,#2011,.F.);
#2781=ORIENTED_EDGE('',*,*,#2014,.T.);
#2782=ORIENTED_EDGE('',*,*,#2114,.T.);
#2783=ORIENTED_EDGE('',*,*,#1794,.T.);
#2784=ORIENTED_EDGE('',*,*,#2115,.T.);
#2785=ORIENTED_EDGE('',*,*,#2114,.F.);
#2786=ORIENTED_EDGE('',*,*,#2013,.F.);
#2787=ORIENTED_EDGE('',*,*,#2116,.F.);
#2788=ORIENTED_EDGE('',*,*,#1795,.T.);
#2789=ORIENTED_EDGE('',*,*,#1792,.T.);
#2790=ORIENTED_EDGE('',*,*,#1935,.T.);
#2791=ORIENTED_EDGE('',*,*,#2016,.T.);
#2792=ORIENTED_EDGE('',*,*,#2117,.T.);
#2793=ORIENTED_EDGE('',*,*,#1952,.T.);
#2794=ORIENTED_EDGE('',*,*,#2118,.T.);
#2795=ORIENTED_EDGE('',*,*,#1856,.T.);
#2796=ORIENTED_EDGE('',*,*,#2119,.T.);
#2797=ORIENTED_EDGE('',*,*,#2119,.F.);
#2798=ORIENTED_EDGE('',*,*,#1855,.T.);
#2799=ORIENTED_EDGE('',*,*,#2120,.F.);
#2800=ORIENTED_EDGE('',*,*,#1953,.F.);
#2801=ORIENTED_EDGE('',*,*,#1854,.T.);
#2802=ORIENTED_EDGE('',*,*,#2121,.T.);
#2803=ORIENTED_EDGE('',*,*,#1954,.T.);
#2804=ORIENTED_EDGE('',*,*,#2120,.T.);
#2805=ORIENTED_EDGE('',*,*,#2121,.F.);
#2806=ORIENTED_EDGE('',*,*,#1853,.T.);
#2807=ORIENTED_EDGE('',*,*,#2122,.F.);
#2808=ORIENTED_EDGE('',*,*,#1955,.F.);
#2809=ORIENTED_EDGE('',*,*,#1862,.T.);
#2810=ORIENTED_EDGE('',*,*,#2123,.T.);
#2811=ORIENTED_EDGE('',*,*,#1946,.T.);
#2812=ORIENTED_EDGE('',*,*,#1938,.T.);
#2813=ORIENTED_EDGE('',*,*,#2123,.F.);
#2814=ORIENTED_EDGE('',*,*,#1861,.T.);
#2815=ORIENTED_EDGE('',*,*,#2124,.F.);
#2816=ORIENTED_EDGE('',*,*,#1947,.F.);
#2817=ORIENTED_EDGE('',*,*,#1948,.T.);
#2818=ORIENTED_EDGE('',*,*,#2124,.T.);
#2819=ORIENTED_EDGE('',*,*,#1860,.T.);
#2820=ORIENTED_EDGE('',*,*,#2125,.T.);
#2821=ORIENTED_EDGE('',*,*,#1986,.T.);
#2822=ORIENTED_EDGE('',*,*,#2126,.T.);
#2823=ORIENTED_EDGE('',*,*,#1822,.T.);
#2824=ORIENTED_EDGE('',*,*,#2127,.T.);
#2825=ORIENTED_EDGE('',*,*,#2126,.F.);
#2826=ORIENTED_EDGE('',*,*,#1985,.F.);
#2827=ORIENTED_EDGE('',*,*,#2128,.F.);
#2828=ORIENTED_EDGE('',*,*,#1823,.T.);
#2829=ORIENTED_EDGE('',*,*,#1824,.T.);
#2830=ORIENTED_EDGE('',*,*,#2128,.T.);
#2831=ORIENTED_EDGE('',*,*,#1984,.T.);
#2832=ORIENTED_EDGE('',*,*,#2081,.T.);
#2833=ORIENTED_EDGE('',*,*,#1816,.T.);
#2834=ORIENTED_EDGE('',*,*,#2129,.T.);
#2835=ORIENTED_EDGE('',*,*,#1992,.T.);
#2836=ORIENTED_EDGE('',*,*,#2130,.T.);
#2837=ORIENTED_EDGE('',*,*,#2129,.F.);
#2838=ORIENTED_EDGE('',*,*,#1815,.T.);
#2839=ORIENTED_EDGE('',*,*,#2131,.F.);
#2840=ORIENTED_EDGE('',*,*,#1993,.F.);
#2841=ORIENTED_EDGE('',*,*,#1990,.T.);
#2842=ORIENTED_EDGE('',*,*,#2132,.T.);
#2843=ORIENTED_EDGE('',*,*,#1818,.T.);
#2844=ORIENTED_EDGE('',*,*,#2133,.T.);
#2845=ORIENTED_EDGE('',*,*,#2130,.F.);
#2846=ORIENTED_EDGE('',*,*,#1991,.F.);
#2847=ORIENTED_EDGE('',*,*,#2133,.F.);
#2848=ORIENTED_EDGE('',*,*,#1817,.T.);
#2849=ORIENTED_EDGE('',*,*,#1976,.T.);
#2850=ORIENTED_EDGE('',*,*,#2134,.T.);
#2851=ORIENTED_EDGE('',*,*,#1832,.T.);
#2852=ORIENTED_EDGE('',*,*,#2135,.T.);
#2853=ORIENTED_EDGE('',*,*,#2134,.F.);
#2854=ORIENTED_EDGE('',*,*,#1975,.F.);
#2855=ORIENTED_EDGE('',*,*,#2136,.F.);
#2856=ORIENTED_EDGE('',*,*,#1833,.T.);
#2857=ORIENTED_EDGE('',*,*,#1830,.T.);
#2858=ORIENTED_EDGE('',*,*,#2084,.T.);
#2859=ORIENTED_EDGE('',*,*,#1978,.T.);
#2860=ORIENTED_EDGE('',*,*,#2137,.T.);
#2861=ORIENTED_EDGE('',*,*,#1838,.T.);
#2862=ORIENTED_EDGE('',*,*,#2138,.T.);
#2863=ORIENTED_EDGE('',*,*,#1970,.T.);
#2864=ORIENTED_EDGE('',*,*,#2139,.T.);
#2865=ORIENTED_EDGE('',*,*,#2138,.F.);
#2866=ORIENTED_EDGE('',*,*,#1837,.T.);
#2867=ORIENTED_EDGE('',*,*,#2140,.F.);
#2868=ORIENTED_EDGE('',*,*,#1971,.F.);
#2869=ORIENTED_EDGE('',*,*,#1972,.T.);
#2870=ORIENTED_EDGE('',*,*,#2140,.T.);
#2871=ORIENTED_EDGE('',*,*,#1836,.T.);
#2872=ORIENTED_EDGE('',*,*,#2141,.T.);
#2873=ORIENTED_EDGE('',*,*,#2141,.F.);
#2874=ORIENTED_EDGE('',*,*,#1835,.T.);
#2875=ORIENTED_EDGE('',*,*,#2142,.T.);
#2876=ORIENTED_EDGE('',*,*,#1973,.F.);
#2877=ORIENTED_EDGE('',*,*,#1998,.T.);
#2878=ORIENTED_EDGE('',*,*,#2143,.T.);
#2879=ORIENTED_EDGE('',*,*,#1810,.T.);
#2880=ORIENTED_EDGE('',*,*,#2144,.T.);
#2881=ORIENTED_EDGE('',*,*,#2143,.F.);
#2882=ORIENTED_EDGE('',*,*,#1997,.F.);
#2883=ORIENTED_EDGE('',*,*,#2145,.F.);
#2884=ORIENTED_EDGE('',*,*,#1811,.F.);
#2885=ORIENTED_EDGE('',*,*,#2002,.T.);
#2886=ORIENTED_EDGE('',*,*,#2146,.T.);
#2887=ORIENTED_EDGE('',*,*,#1806,.T.);
#2888=ORIENTED_EDGE('',*,*,#2147,.T.);
#2889=ORIENTED_EDGE('',*,*,#2146,.F.);
#2890=ORIENTED_EDGE('',*,*,#2001,.F.);
#2891=ORIENTED_EDGE('',*,*,#2148,.T.);
#2892=ORIENTED_EDGE('',*,*,#1807,.F.);
#2893=ORIENTED_EDGE('',*,*,#1768,.F.);
#2894=ORIENTED_EDGE('',*,*,#1982,.F.);
#2895=ORIENTED_EDGE('',*,*,#2149,.T.);
#2896=ORIENTED_EDGE('',*,*,#1826,.F.);
#2897=ORIENTED_EDGE('',*,*,#1964,.T.);
#2898=ORIENTED_EDGE('',*,*,#2150,.T.);
#2899=ORIENTED_EDGE('',*,*,#1844,.T.);
#2900=ORIENTED_EDGE('',*,*,#2151,.T.);
#2901=ORIENTED_EDGE('',*,*,#2150,.F.);
#2902=ORIENTED_EDGE('',*,*,#1963,.F.);
#2903=ORIENTED_EDGE('',*,*,#2152,.T.);
#2904=ORIENTED_EDGE('',*,*,#1845,.F.);
#2905=ORIENTED_EDGE('',*,*,#1960,.T.);
#2906=ORIENTED_EDGE('',*,*,#2153,.T.);
#2907=ORIENTED_EDGE('',*,*,#1848,.T.);
#2908=ORIENTED_EDGE('',*,*,#2154,.T.);
#2909=ORIENTED_EDGE('',*,*,#2153,.F.);
#2910=ORIENTED_EDGE('',*,*,#1959,.F.);
#2911=ORIENTED_EDGE('',*,*,#2155,.F.);
#2912=ORIENTED_EDGE('',*,*,#1849,.F.);
#2913=ORIENTED_EDGE('',*,*,#2006,.T.);
#2914=ORIENTED_EDGE('',*,*,#2156,.T.);
#2915=ORIENTED_EDGE('',*,*,#1802,.T.);
#2916=ORIENTED_EDGE('',*,*,#2157,.T.);
#2917=ORIENTED_EDGE('',*,*,#2156,.F.);
#2918=ORIENTED_EDGE('',*,*,#2005,.F.);
#2919=ORIENTED_EDGE('',*,*,#2158,.F.);
#2920=ORIENTED_EDGE('',*,*,#1803,.F.);
#2921=ORIENTED_EDGE('',*,*,#2077,.T.);
#2922=ORIENTED_EDGE('',*,*,#2159,.T.);
#2923=ORIENTED_EDGE('',*,*,#1928,.T.);
#2924=ORIENTED_EDGE('',*,*,#2082,.T.);
#2925=ORIENTED_EDGE('',*,*,#1814,.T.);
#2926=ORIENTED_EDGE('',*,*,#2160,.T.);
#2927=ORIENTED_EDGE('',*,*,#1994,.T.);
#2928=ORIENTED_EDGE('',*,*,#2131,.T.);
#2929=ORIENTED_EDGE('',*,*,#2160,.F.);
#2930=ORIENTED_EDGE('',*,*,#1813,.F.);
#2931=ORIENTED_EDGE('',*,*,#2161,.F.);
#2932=ORIENTED_EDGE('',*,*,#1995,.F.);
#2933=ORIENTED_EDGE('',*,*,#2018,.T.);
#2934=ORIENTED_EDGE('',*,*,#2162,.T.);
#2935=ORIENTED_EDGE('',*,*,#1933,.T.);
#2936=ORIENTED_EDGE('',*,*,#1941,.T.);
#2937=ORIENTED_EDGE('',*,*,#2162,.F.);
#2938=ORIENTED_EDGE('',*,*,#2017,.F.);
#2939=ORIENTED_EDGE('',*,*,#2163,.F.);
#2940=ORIENTED_EDGE('',*,*,#1929,.F.);
#2941=ORIENTED_EDGE('',*,*,#1852,.T.);
#2942=ORIENTED_EDGE('',*,*,#2164,.T.);
#2943=ORIENTED_EDGE('',*,*,#1956,.T.);
#2944=ORIENTED_EDGE('',*,*,#2122,.T.);
#2945=ORIENTED_EDGE('',*,*,#2164,.F.);
#2946=ORIENTED_EDGE('',*,*,#1851,.F.);
#2947=ORIENTED_EDGE('',*,*,#2165,.F.);
#2948=ORIENTED_EDGE('',*,*,#1957,.F.);
#2949=ORIENTED_EDGE('',*,*,#1850,.T.);
#2950=ORIENTED_EDGE('',*,*,#2155,.T.);
#2951=ORIENTED_EDGE('',*,*,#1958,.T.);
#2952=ORIENTED_EDGE('',*,*,#2165,.T.);
#2953=ORIENTED_EDGE('',*,*,#1966,.T.);
#2954=ORIENTED_EDGE('',*,*,#2166,.T.);
#2955=ORIENTED_EDGE('',*,*,#1842,.T.);
#2956=ORIENTED_EDGE('',*,*,#2167,.T.);
#2957=ORIENTED_EDGE('',*,*,#2151,.F.);
#2958=ORIENTED_EDGE('',*,*,#1843,.F.);
#2959=ORIENTED_EDGE('',*,*,#2166,.F.);
#2960=ORIENTED_EDGE('',*,*,#1965,.F.);
#2961=ORIENTED_EDGE('',*,*,#1968,.T.);
#2962=ORIENTED_EDGE('',*,*,#2168,.T.);
#2963=ORIENTED_EDGE('',*,*,#1840,.T.);
#2964=ORIENTED_EDGE('',*,*,#2169,.T.);
#2965=ORIENTED_EDGE('',*,*,#2167,.F.);
#2966=ORIENTED_EDGE('',*,*,#1841,.F.);
#2967=ORIENTED_EDGE('',*,*,#2168,.F.);
#2968=ORIENTED_EDGE('',*,*,#1967,.F.);
#2969=ORIENTED_EDGE('',*,*,#1924,.T.);
#2970=ORIENTED_EDGE('',*,*,#2170,.T.);
#2971=ORIENTED_EDGE('',*,*,#2080,.T.);
#2972=ORIENTED_EDGE('',*,*,#2083,.T.);
#2973=ORIENTED_EDGE('',*,*,#2170,.F.);
#2974=ORIENTED_EDGE('',*,*,#1923,.F.);
#2975=ORIENTED_EDGE('',*,*,#2159,.F.);
#2976=ORIENTED_EDGE('',*,*,#2076,.F.);
#2977=ORIENTED_EDGE('',*,*,#1812,.T.);
#2978=ORIENTED_EDGE('',*,*,#2145,.T.);
#2979=ORIENTED_EDGE('',*,*,#1996,.T.);
#2980=ORIENTED_EDGE('',*,*,#2161,.T.);
#2981=ORIENTED_EDGE('',*,*,#2004,.T.);
#2982=ORIENTED_EDGE('',*,*,#2171,.T.);
#2983=ORIENTED_EDGE('',*,*,#1804,.T.);
#2984=ORIENTED_EDGE('',*,*,#2158,.T.);
#2985=ORIENTED_EDGE('',*,*,#2147,.F.);
#2986=ORIENTED_EDGE('',*,*,#1805,.F.);
#2987=ORIENTED_EDGE('',*,*,#2171,.F.);
#2988=ORIENTED_EDGE('',*,*,#2003,.F.);
#2989=ORIENTED_EDGE('',*,*,#1930,.T.);
#2990=ORIENTED_EDGE('',*,*,#2163,.T.);
#2991=ORIENTED_EDGE('',*,*,#2019,.T.);
#2992=ORIENTED_EDGE('',*,*,#1936,.T.);
#2993=ORIENTED_EDGE('',*,*,#1752,.F.);
#2994=ORIENTED_EDGE('',*,*,#1945,.F.);
#2995=ORIENTED_EDGE('',*,*,#2172,.T.);
#2996=ORIENTED_EDGE('',*,*,#1864,.F.);
#2997=ORIENTED_EDGE('',*,*,#1867,.F.);
#2998=ORIENTED_EDGE('',*,*,#2173,.T.);
#2999=ORIENTED_EDGE('',*,*,#2020,.F.);
#3000=ORIENTED_EDGE('',*,*,#2173,.F.);
#3001=ORIENTED_EDGE('',*,*,#1868,.F.);
#3002=ORIENTED_EDGE('',*,*,#2174,.T.);
#3003=ORIENTED_EDGE('',*,*,#2021,.F.);
#3004=ORIENTED_EDGE('',*,*,#2174,.F.);
#3005=ORIENTED_EDGE('',*,*,#1755,.F.);
#3006=ORIENTED_EDGE('',*,*,#1866,.F.);
#3007=ORIENTED_EDGE('',*,*,#2175,.F.);
#3008=ORIENTED_EDGE('',*,*,#1943,.F.);
#3009=ORIENTED_EDGE('',*,*,#1865,.F.);
#3010=ORIENTED_EDGE('',*,*,#2172,.F.);
#3011=ORIENTED_EDGE('',*,*,#1944,.F.);
#3012=ORIENTED_EDGE('',*,*,#2175,.T.);
#3013=ORIENTED_EDGE('',*,*,#1869,.F.);
#3014=ORIENTED_EDGE('',*,*,#2176,.T.);
#3015=ORIENTED_EDGE('',*,*,#2022,.F.);
#3016=ORIENTED_EDGE('',*,*,#2176,.F.);
#3017=ORIENTED_EDGE('',*,*,#1870,.F.);
#3018=ORIENTED_EDGE('',*,*,#2177,.T.);
#3019=ORIENTED_EDGE('',*,*,#2023,.F.);
#3020=ORIENTED_EDGE('',*,*,#2177,.F.);
#3021=ORIENTED_EDGE('',*,*,#2144,.F.);
#3022=ORIENTED_EDGE('',*,*,#1809,.F.);
#3023=ORIENTED_EDGE('',*,*,#2178,.F.);
#3024=ORIENTED_EDGE('',*,*,#1999,.F.);
#3025=ORIENTED_EDGE('',*,*,#1808,.F.);
#3026=ORIENTED_EDGE('',*,*,#2148,.F.);
#3027=ORIENTED_EDGE('',*,*,#2000,.F.);
#3028=ORIENTED_EDGE('',*,*,#2178,.T.);
#3029=ORIENTED_EDGE('',*,*,#1871,.F.);
#3030=ORIENTED_EDGE('',*,*,#2179,.T.);
#3031=ORIENTED_EDGE('',*,*,#2024,.F.);
#3032=ORIENTED_EDGE('',*,*,#2179,.F.);
#3033=ORIENTED_EDGE('',*,*,#1872,.F.);
#3034=ORIENTED_EDGE('',*,*,#2180,.T.);
#3035=ORIENTED_EDGE('',*,*,#2025,.F.);
#3036=ORIENTED_EDGE('',*,*,#2180,.F.);
#3037=ORIENTED_EDGE('',*,*,#1765,.F.);
#3038=ORIENTED_EDGE('',*,*,#1828,.F.);
#3039=ORIENTED_EDGE('',*,*,#2181,.F.);
#3040=ORIENTED_EDGE('',*,*,#1980,.F.);
#3041=ORIENTED_EDGE('',*,*,#1827,.F.);
#3042=ORIENTED_EDGE('',*,*,#2149,.F.);
#3043=ORIENTED_EDGE('',*,*,#1981,.F.);
#3044=ORIENTED_EDGE('',*,*,#2181,.T.);
#3045=ORIENTED_EDGE('',*,*,#1873,.F.);
#3046=ORIENTED_EDGE('',*,*,#2182,.T.);
#3047=ORIENTED_EDGE('',*,*,#2026,.F.);
#3048=ORIENTED_EDGE('',*,*,#2182,.F.);
#3049=ORIENTED_EDGE('',*,*,#1874,.F.);
#3050=ORIENTED_EDGE('',*,*,#2183,.T.);
#3051=ORIENTED_EDGE('',*,*,#2027,.F.);
#3052=ORIENTED_EDGE('',*,*,#2183,.F.);
#3053=ORIENTED_EDGE('',*,*,#2154,.F.);
#3054=ORIENTED_EDGE('',*,*,#1847,.F.);
#3055=ORIENTED_EDGE('',*,*,#2184,.F.);
#3056=ORIENTED_EDGE('',*,*,#1961,.F.);
#3057=ORIENTED_EDGE('',*,*,#1846,.F.);
#3058=ORIENTED_EDGE('',*,*,#2152,.F.);
#3059=ORIENTED_EDGE('',*,*,#1962,.F.);
#3060=ORIENTED_EDGE('',*,*,#2184,.T.);
#3061=ORIENTED_EDGE('',*,*,#2028,.F.);
#3062=ORIENTED_EDGE('',*,*,#2185,.T.);
#3063=ORIENTED_EDGE('',*,*,#1875,.F.);
#3064=ORIENTED_EDGE('',*,*,#2185,.F.);
#3065=ORIENTED_EDGE('',*,*,#2029,.F.);
#3066=ORIENTED_EDGE('',*,*,#2186,.T.);
#3067=ORIENTED_EDGE('',*,*,#1876,.F.);
#3068=ORIENTED_EDGE('',*,*,#2186,.F.);
#3069=ORIENTED_EDGE('',*,*,#2030,.F.);
#3070=ORIENTED_EDGE('',*,*,#2187,.T.);
#3071=ORIENTED_EDGE('',*,*,#1877,.F.);
#3072=ORIENTED_EDGE('',*,*,#2187,.F.);
#3073=ORIENTED_EDGE('',*,*,#2031,.F.);
#3074=ORIENTED_EDGE('',*,*,#2188,.T.);
#3075=ORIENTED_EDGE('',*,*,#1878,.F.);
#3076=ORIENTED_EDGE('',*,*,#2188,.F.);
#3077=ORIENTED_EDGE('',*,*,#2104,.F.);
#3078=ORIENTED_EDGE('',*,*,#2032,.F.);
#3079=ORIENTED_EDGE('',*,*,#2108,.F.);
#3080=ORIENTED_EDGE('',*,*,#1889,.T.);
#3081=ORIENTED_EDGE('',*,*,#2110,.F.);
#3082=ORIENTED_EDGE('',*,*,#2007,.F.);
#3083=ORIENTED_EDGE('',*,*,#2157,.F.);
#3084=ORIENTED_EDGE('',*,*,#1801,.T.);
#3085=ORIENTED_EDGE('',*,*,#2139,.F.);
#3086=ORIENTED_EDGE('',*,*,#1969,.F.);
#3087=ORIENTED_EDGE('',*,*,#2169,.F.);
#3088=ORIENTED_EDGE('',*,*,#1839,.T.);
#3089=ORIENTED_EDGE('',*,*,#2059,.F.);
#3090=ORIENTED_EDGE('',*,*,#2189,.T.);
#3091=ORIENTED_EDGE('',*,*,#1906,.T.);
#3092=ORIENTED_EDGE('',*,*,#2189,.F.);
#3093=ORIENTED_EDGE('',*,*,#2058,.F.);
#3094=ORIENTED_EDGE('',*,*,#2190,.T.);
#3095=ORIENTED_EDGE('',*,*,#1905,.T.);
#3096=ORIENTED_EDGE('',*,*,#2190,.F.);
#3097=ORIENTED_EDGE('',*,*,#2057,.F.);
#3098=ORIENTED_EDGE('',*,*,#2191,.T.);
#3099=ORIENTED_EDGE('',*,*,#1904,.T.);
#3100=ORIENTED_EDGE('',*,*,#2191,.F.);
#3101=ORIENTED_EDGE('',*,*,#2056,.F.);
#3102=ORIENTED_EDGE('',*,*,#2192,.T.);
#3103=ORIENTED_EDGE('',*,*,#1903,.T.);
#3104=ORIENTED_EDGE('',*,*,#2192,.F.);
#3105=ORIENTED_EDGE('',*,*,#2055,.F.);
#3106=ORIENTED_EDGE('',*,*,#2193,.T.);
#3107=ORIENTED_EDGE('',*,*,#1902,.T.);
#3108=ORIENTED_EDGE('',*,*,#2193,.F.);
#3109=ORIENTED_EDGE('',*,*,#2125,.F.);
#3110=ORIENTED_EDGE('',*,*,#1859,.T.);
#3111=ORIENTED_EDGE('',*,*,#2194,.T.);
#3112=ORIENTED_EDGE('',*,*,#1949,.F.);
#3113=ORIENTED_EDGE('',*,*,#2095,.F.);
#3114=ORIENTED_EDGE('',*,*,#1916,.T.);
#3115=ORIENTED_EDGE('',*,*,#2102,.F.);
#3116=ORIENTED_EDGE('',*,*,#2044,.F.);
#3117=ORIENTED_EDGE('',*,*,#2118,.F.);
#3118=ORIENTED_EDGE('',*,*,#1951,.F.);
#3119=ORIENTED_EDGE('',*,*,#2195,.F.);
#3120=ORIENTED_EDGE('',*,*,#1857,.T.);
#3121=ORIENTED_EDGE('',*,*,#1858,.T.);
#3122=ORIENTED_EDGE('',*,*,#2195,.T.);
#3123=ORIENTED_EDGE('',*,*,#1950,.F.);
#3124=ORIENTED_EDGE('',*,*,#2194,.F.);
#3125=ORIENTED_EDGE('',*,*,#2064,.F.);
#3126=ORIENTED_EDGE('',*,*,#2196,.T.);
#3127=ORIENTED_EDGE('',*,*,#1911,.T.);
#3128=ORIENTED_EDGE('',*,*,#2196,.F.);
#3129=ORIENTED_EDGE('',*,*,#2063,.F.);
#3130=ORIENTED_EDGE('',*,*,#2197,.T.);
#3131=ORIENTED_EDGE('',*,*,#1910,.T.);
#3132=ORIENTED_EDGE('',*,*,#2197,.F.);
#3133=ORIENTED_EDGE('',*,*,#2062,.F.);
#3134=ORIENTED_EDGE('',*,*,#2198,.T.);
#3135=ORIENTED_EDGE('',*,*,#1909,.T.);
#3136=ORIENTED_EDGE('',*,*,#2198,.F.);
#3137=ORIENTED_EDGE('',*,*,#2061,.F.);
#3138=ORIENTED_EDGE('',*,*,#2199,.T.);
#3139=ORIENTED_EDGE('',*,*,#1908,.T.);
#3140=ORIENTED_EDGE('',*,*,#2199,.F.);
#3141=ORIENTED_EDGE('',*,*,#2060,.F.);
#3142=ORIENTED_EDGE('',*,*,#2200,.T.);
#3143=ORIENTED_EDGE('',*,*,#1907,.T.);
#3144=ORIENTED_EDGE('',*,*,#2200,.F.);
#3145=ORIENTED_EDGE('',*,*,#2089,.F.);
#3146=ORIENTED_EDGE('',*,*,#1895,.T.);
#3147=ORIENTED_EDGE('',*,*,#2092,.F.);
#3148=ORIENTED_EDGE('',*,*,#2038,.F.);
#3149=ORIENTED_EDGE('',*,*,#2115,.F.);
#3150=ORIENTED_EDGE('',*,*,#1793,.T.);
#3151=ORIENTED_EDGE('',*,*,#2117,.F.);
#3152=ORIENTED_EDGE('',*,*,#2015,.F.);
#3153=ORIENTED_EDGE('',*,*,#1796,.T.);
#3154=ORIENTED_EDGE('',*,*,#2116,.T.);
#3155=ORIENTED_EDGE('',*,*,#2012,.F.);
#3156=ORIENTED_EDGE('',*,*,#2113,.F.);
#3157=ORIENTED_EDGE('',*,*,#2069,.F.);
#3158=ORIENTED_EDGE('',*,*,#2201,.T.);
#3159=ORIENTED_EDGE('',*,*,#1918,.T.);
#3160=ORIENTED_EDGE('',*,*,#2201,.F.);
#3161=ORIENTED_EDGE('',*,*,#2068,.F.);
#3162=ORIENTED_EDGE('',*,*,#2202,.T.);
#3163=ORIENTED_EDGE('',*,*,#1919,.T.);
#3164=ORIENTED_EDGE('',*,*,#2202,.F.);
#3165=ORIENTED_EDGE('',*,*,#2067,.F.);
#3166=ORIENTED_EDGE('',*,*,#2203,.T.);
#3167=ORIENTED_EDGE('',*,*,#1920,.T.);
#3168=ORIENTED_EDGE('',*,*,#2203,.F.);
#3169=ORIENTED_EDGE('',*,*,#2066,.F.);
#3170=ORIENTED_EDGE('',*,*,#2204,.T.);
#3171=ORIENTED_EDGE('',*,*,#1921,.T.);
#3172=ORIENTED_EDGE('',*,*,#2204,.F.);
#3173=ORIENTED_EDGE('',*,*,#2065,.F.);
#3174=ORIENTED_EDGE('',*,*,#2205,.T.);
#3175=ORIENTED_EDGE('',*,*,#1922,.T.);
#3176=ORIENTED_EDGE('',*,*,#2205,.F.);
#3177=ORIENTED_EDGE('',*,*,#2127,.F.);
#3178=ORIENTED_EDGE('',*,*,#1821,.T.);
#3179=ORIENTED_EDGE('',*,*,#2206,.T.);
#3180=ORIENTED_EDGE('',*,*,#1987,.F.);
#3181=ORIENTED_EDGE('',*,*,#2132,.F.);
#3182=ORIENTED_EDGE('',*,*,#1989,.F.);
#3183=ORIENTED_EDGE('',*,*,#2207,.F.);
#3184=ORIENTED_EDGE('',*,*,#1819,.T.);
#3185=ORIENTED_EDGE('',*,*,#1820,.T.);
#3186=ORIENTED_EDGE('',*,*,#2207,.T.);
#3187=ORIENTED_EDGE('',*,*,#1988,.F.);
#3188=ORIENTED_EDGE('',*,*,#2206,.F.);
#3189=ORIENTED_EDGE('',*,*,#2054,.F.);
#3190=ORIENTED_EDGE('',*,*,#2208,.T.);
#3191=ORIENTED_EDGE('',*,*,#1897,.T.);
#3192=ORIENTED_EDGE('',*,*,#2208,.F.);
#3193=ORIENTED_EDGE('',*,*,#2053,.F.);
#3194=ORIENTED_EDGE('',*,*,#2209,.T.);
#3195=ORIENTED_EDGE('',*,*,#1898,.T.);
#3196=ORIENTED_EDGE('',*,*,#2209,.F.);
#3197=ORIENTED_EDGE('',*,*,#2052,.F.);
#3198=ORIENTED_EDGE('',*,*,#2210,.T.);
#3199=ORIENTED_EDGE('',*,*,#1899,.T.);
#3200=ORIENTED_EDGE('',*,*,#2210,.F.);
#3201=ORIENTED_EDGE('',*,*,#2051,.F.);
#3202=ORIENTED_EDGE('',*,*,#2211,.T.);
#3203=ORIENTED_EDGE('',*,*,#1900,.T.);
#3204=ORIENTED_EDGE('',*,*,#2211,.F.);
#3205=ORIENTED_EDGE('',*,*,#2050,.F.);
#3206=ORIENTED_EDGE('',*,*,#2212,.T.);
#3207=ORIENTED_EDGE('',*,*,#1901,.T.);
#3208=ORIENTED_EDGE('',*,*,#2212,.F.);
#3209=ORIENTED_EDGE('',*,*,#2086,.F.);
#3210=ORIENTED_EDGE('',*,*,#2072,.F.);
#3211=ORIENTED_EDGE('',*,*,#2098,.F.);
#3212=ORIENTED_EDGE('',*,*,#1879,.T.);
#3213=ORIENTED_EDGE('',*,*,#2135,.F.);
#3214=ORIENTED_EDGE('',*,*,#1831,.T.);
#3215=ORIENTED_EDGE('',*,*,#2137,.F.);
#3216=ORIENTED_EDGE('',*,*,#1977,.F.);
#3217=ORIENTED_EDGE('',*,*,#1834,.T.);
#3218=ORIENTED_EDGE('',*,*,#2136,.T.);
#3219=ORIENTED_EDGE('',*,*,#1974,.F.);
#3220=ORIENTED_EDGE('',*,*,#2142,.F.);
#3221=CYLINDRICAL_SURFACE('',#3518,2.);
#3222=CYLINDRICAL_SURFACE('',#3522,2.);
#3223=CYLINDRICAL_SURFACE('',#3526,2.);
#3224=CYLINDRICAL_SURFACE('',#3530,2.);
#3225=CYLINDRICAL_SURFACE('',#3534,2.);
#3226=CYLINDRICAL_SURFACE('',#3538,2.);
#3227=CYLINDRICAL_SURFACE('',#3542,2.);
#3228=CYLINDRICAL_SURFACE('',#3545,2.);
#3229=CYLINDRICAL_SURFACE('',#3549,2.);
#3230=CYLINDRICAL_SURFACE('',#3552,2.);
#3231=CYLINDRICAL_SURFACE('',#3555,2.);
#3232=CYLINDRICAL_SURFACE('',#3559,2.);
#3233=CYLINDRICAL_SURFACE('',#3562,2.);
#3234=CYLINDRICAL_SURFACE('',#3565,2.);
#3235=CYLINDRICAL_SURFACE('',#3568,2.);
#3236=CYLINDRICAL_SURFACE('',#3571,2.);
#3237=CYLINDRICAL_SURFACE('',#3762,1.);
#3238=CYLINDRICAL_SURFACE('',#3764,1.);
#3239=CYLINDRICAL_SURFACE('',#3766,1.);
#3240=CYLINDRICAL_SURFACE('',#3768,1.);
#3241=CYLINDRICAL_SURFACE('',#3769,1.);
#3242=CYLINDRICAL_SURFACE('',#3771,1.);
#3243=CYLINDRICAL_SURFACE('',#3773,1.);
#3244=CYLINDRICAL_SURFACE('',#3774,1.);
#3245=CYLINDRICAL_SURFACE('',#3776,1.);
#3246=CYLINDRICAL_SURFACE('',#3778,1.);
#3247=CYLINDRICAL_SURFACE('',#3780,1.);
#3248=CYLINDRICAL_SURFACE('',#3781,1.);
#3249=CYLINDRICAL_SURFACE('',#3782,2.);
#3250=CYLINDRICAL_SURFACE('',#3784,2.);
#3251=CYLINDRICAL_SURFACE('',#3786,2.);
#3252=CYLINDRICAL_SURFACE('',#3788,2.);
#3253=CYLINDRICAL_SURFACE('',#3789,2.);
#3254=CYLINDRICAL_SURFACE('',#3791,2.);
#3255=CYLINDRICAL_SURFACE('',#3793,2.);
#3256=CYLINDRICAL_SURFACE('',#3795,2.);
#3257=CYLINDRICAL_SURFACE('',#3796,2.);
#3258=CYLINDRICAL_SURFACE('',#3798,2.);
#3259=CYLINDRICAL_SURFACE('',#3799,2.);
#3260=CYLINDRICAL_SURFACE('',#3801,2.);
#3261=CYLINDRICAL_SURFACE('',#3803,2.);
#3262=CYLINDRICAL_SURFACE('',#3805,2.);
#3263=CYLINDRICAL_SURFACE('',#3806,2.);
#3264=CYLINDRICAL_SURFACE('',#3808,2.);
#3265=CYLINDRICAL_SURFACE('',#3810,2.);
#3266=CYLINDRICAL_SURFACE('',#3812,2.);
#3267=CYLINDRICAL_SURFACE('',#3813,3.);
#3268=CYLINDRICAL_SURFACE('',#3814,3.);
#3269=CYLINDRICAL_SURFACE('',#3815,2.);
#3270=CYLINDRICAL_SURFACE('',#3816,3.);
#3271=CYLINDRICAL_SURFACE('',#3817,2.);
#3272=CYLINDRICAL_SURFACE('',#3819,2.);
#3273=CYLINDRICAL_SURFACE('',#3821,2.);
#3274=CYLINDRICAL_SURFACE('',#3822,2.);
#3275=CYLINDRICAL_SURFACE('',#3824,2.);
#3276=CYLINDRICAL_SURFACE('',#3826,2.);
#3277=CYLINDRICAL_SURFACE('',#3828,2.);
#3278=CYLINDRICAL_SURFACE('',#3829,2.);
#3279=CYLINDRICAL_SURFACE('',#3831,2.);
#3280=CYLINDRICAL_SURFACE('',#3833,2.);
#3281=CYLINDRICAL_SURFACE('',#3835,2.);
#3282=CYLINDRICAL_SURFACE('',#3836,2.);
#3283=CYLINDRICAL_SURFACE('',#3838,2.);
#3284=CYLINDRICAL_SURFACE('',#3839,3.);
#3285=CYLINDRICAL_SURFACE('',#3840,1.05);
#3286=CYLINDRICAL_SURFACE('',#3841,1.05);
#3287=CYLINDRICAL_SURFACE('',#3842,3.);
#3288=CYLINDRICAL_SURFACE('',#3844,1.05);
#3289=CYLINDRICAL_SURFACE('',#3845,1.05);
#3290=CYLINDRICAL_SURFACE('',#3846,3.);
#3291=CYLINDRICAL_SURFACE('',#3848,1.05);
#3292=CYLINDRICAL_SURFACE('',#3849,1.05);
#3293=CYLINDRICAL_SURFACE('',#3850,3.);
#3294=CYLINDRICAL_SURFACE('',#3852,1.05);
#3295=CYLINDRICAL_SURFACE('',#3853,1.05);
#3296=CYLINDRICAL_SURFACE('',#3854,3.);
#3297=CYLINDRICAL_SURFACE('',#3856,1.05);
#3298=CYLINDRICAL_SURFACE('',#3857,1.05);
#3299=CYLINDRICAL_SURFACE('',#3858,1.05);
#3300=CYLINDRICAL_SURFACE('',#3859,1.05);
#3301=CYLINDRICAL_SURFACE('',#3863,1.05);
#3302=CYLINDRICAL_SURFACE('',#3864,1.05);
#3303=CYLINDRICAL_SURFACE('',#3865,1.05);
#3304=CYLINDRICAL_SURFACE('',#3866,1.05);
#3305=CYLINDRICAL_SURFACE('',#3867,2.15);
#3306=CYLINDRICAL_SURFACE('',#3871,7.);
#3307=CYLINDRICAL_SURFACE('',#3872,1.05);
#3308=CYLINDRICAL_SURFACE('',#3873,1.05);
#3309=CYLINDRICAL_SURFACE('',#3874,1.05);
#3310=CYLINDRICAL_SURFACE('',#3875,1.05);
#3311=CYLINDRICAL_SURFACE('',#3876,2.15);
#3312=CYLINDRICAL_SURFACE('',#3879,7.);
#3313=CYLINDRICAL_SURFACE('',#3880,1.05);
#3314=CYLINDRICAL_SURFACE('',#3881,1.05);
#3315=CYLINDRICAL_SURFACE('',#3882,1.05);
#3316=CYLINDRICAL_SURFACE('',#3883,1.05);
#3317=CYLINDRICAL_SURFACE('',#3884,2.15);
#3318=CYLINDRICAL_SURFACE('',#3887,7.);
#3319=CYLINDRICAL_SURFACE('',#3888,1.05);
#3320=CYLINDRICAL_SURFACE('',#3889,1.05);
#3321=CYLINDRICAL_SURFACE('',#3890,1.05);
#3322=CYLINDRICAL_SURFACE('',#3891,1.05);
#3323=CYLINDRICAL_SURFACE('',#3892,2.15);
#3324=CYLINDRICAL_SURFACE('',#3895,7.);
#3325=ADVANCED_FACE('',(#157),#3221,.F.);
#3326=ADVANCED_FACE('',(#158),#91,.F.);
#3327=ADVANCED_FACE('',(#159),#3222,.F.);
#3328=ADVANCED_FACE('',(#160),#92,.T.);
#3329=ADVANCED_FACE('',(#161),#3223,.F.);
#3330=ADVANCED_FACE('',(#162),#93,.F.);
#3331=ADVANCED_FACE('',(#163),#3224,.F.);
#3332=ADVANCED_FACE('',(#164),#94,.F.);
#3333=ADVANCED_FACE('',(#165),#3225,.F.);
#3334=ADVANCED_FACE('',(#166),#95,.T.);
#3335=ADVANCED_FACE('',(#167),#3226,.F.);
#3336=ADVANCED_FACE('',(#168),#96,.T.);
#3337=ADVANCED_FACE('',(#169),#3227,.F.);
#3338=ADVANCED_FACE('',(#170),#3228,.F.);
#3339=ADVANCED_FACE('',(#171),#97,.F.);
#3340=ADVANCED_FACE('',(#172),#3229,.F.);
#3341=ADVANCED_FACE('',(#173),#3230,.F.);
#3342=ADVANCED_FACE('',(#174),#3231,.F.);
#3343=ADVANCED_FACE('',(#175),#98,.T.);
#3344=ADVANCED_FACE('',(#176),#3232,.F.);
#3345=ADVANCED_FACE('',(#177),#3233,.F.);
#3346=ADVANCED_FACE('',(#178),#3234,.F.);
#3347=ADVANCED_FACE('',(#179),#3235,.F.);
#3348=ADVANCED_FACE('',(#180),#3236,.F.);
#3349=ADVANCED_FACE('',(#181),#99,.T.);
#3350=ADVANCED_FACE('',(#182,#15,#16,#17,#18,#19,#20,#21,#22,#23,#24,#25,
#26,#27,#28,#29,#30,#31,#32,#33,#34,#35,#36,#37,#38,#39,#40,#41,#42,#43,
#44,#45,#46,#47,#48,#49,#50,#51,#52),#100,.F.);
#3351=ADVANCED_FACE('',(#183),#101,.T.);
#3352=ADVANCED_FACE('',(#184),#102,.T.);
#3353=ADVANCED_FACE('',(#185),#103,.T.);
#3354=ADVANCED_FACE('',(#186),#104,.T.);
#3355=ADVANCED_FACE('',(#187),#105,.F.);
#3356=ADVANCED_FACE('',(#188,#53,#54,#55,#56,#57,#58,#59,#60,#61,#62,#63,
#64,#65,#66,#67,#68,#69,#70,#71,#72,#73,#74,#75,#76,#77,#78,#79,#80,#81,
#82,#83,#84,#85,#86,#87,#88,#89,#90),#106,.T.);
#3357=ADVANCED_FACE('',(#189),#107,.T.);
#3358=ADVANCED_FACE('',(#190),#108,.T.);
#3359=ADVANCED_FACE('',(#191),#109,.T.);
#3360=ADVANCED_FACE('',(#192),#110,.T.);
#3361=ADVANCED_FACE('',(#193),#3237,.F.);
#3362=ADVANCED_FACE('',(#194),#111,.T.);
#3363=ADVANCED_FACE('',(#195),#3238,.F.);
#3364=ADVANCED_FACE('',(#196),#112,.T.);
#3365=ADVANCED_FACE('',(#197),#3239,.F.);
#3366=ADVANCED_FACE('',(#198),#113,.T.);
#3367=ADVANCED_FACE('',(#199),#3240,.F.);
#3368=ADVANCED_FACE('',(#200),#3241,.F.);
#3369=ADVANCED_FACE('',(#201),#114,.T.);
#3370=ADVANCED_FACE('',(#202),#3242,.F.);
#3371=ADVANCED_FACE('',(#203),#115,.T.);
#3372=ADVANCED_FACE('',(#204),#3243,.F.);
#3373=ADVANCED_FACE('',(#205),#3244,.F.);
#3374=ADVANCED_FACE('',(#206),#116,.T.);
#3375=ADVANCED_FACE('',(#207),#3245,.F.);
#3376=ADVANCED_FACE('',(#208),#117,.T.);
#3377=ADVANCED_FACE('',(#209),#3246,.F.);
#3378=ADVANCED_FACE('',(#210),#118,.T.);
#3379=ADVANCED_FACE('',(#211),#3247,.F.);
#3380=ADVANCED_FACE('',(#212),#3248,.F.);
#3381=ADVANCED_FACE('',(#213),#3249,.F.);
#3382=ADVANCED_FACE('',(#214),#119,.T.);
#3383=ADVANCED_FACE('',(#215),#3250,.T.);
#3384=ADVANCED_FACE('',(#216),#120,.T.);
#3385=ADVANCED_FACE('',(#217),#3251,.T.);
#3386=ADVANCED_FACE('',(#218),#121,.T.);
#3387=ADVANCED_FACE('',(#219),#3252,.F.);
#3388=ADVANCED_FACE('',(#220),#3253,.T.);
#3389=ADVANCED_FACE('',(#221),#122,.T.);
#3390=ADVANCED_FACE('',(#222),#3254,.F.);
#3391=ADVANCED_FACE('',(#223),#123,.T.);
#3392=ADVANCED_FACE('',(#224),#3255,.F.);
#3393=ADVANCED_FACE('',(#225),#124,.T.);
#3394=ADVANCED_FACE('',(#226),#3256,.T.);
#3395=ADVANCED_FACE('',(#227),#3257,.T.);
#3396=ADVANCED_FACE('',(#228),#125,.T.);
#3397=ADVANCED_FACE('',(#229),#3258,.F.);
#3398=ADVANCED_FACE('',(#230),#3259,.F.);
#3399=ADVANCED_FACE('',(#231),#126,.T.);
#3400=ADVANCED_FACE('',(#232),#3260,.T.);
#3401=ADVANCED_FACE('',(#233),#127,.T.);
#3402=ADVANCED_FACE('',(#234),#3261,.T.);
#3403=ADVANCED_FACE('',(#235),#128,.T.);
#3404=ADVANCED_FACE('',(#236),#3262,.F.);
#3405=ADVANCED_FACE('',(#237),#3263,.F.);
#3406=ADVANCED_FACE('',(#238),#129,.T.);
#3407=ADVANCED_FACE('',(#239),#3264,.T.);
#3408=ADVANCED_FACE('',(#240),#130,.T.);
#3409=ADVANCED_FACE('',(#241),#3265,.F.);
#3410=ADVANCED_FACE('',(#242),#131,.T.);
#3411=ADVANCED_FACE('',(#243),#3266,.F.);
#3412=ADVANCED_FACE('',(#244),#3267,.T.);
#3413=ADVANCED_FACE('',(#245),#3268,.T.);
#3414=ADVANCED_FACE('',(#246),#3269,.F.);
#3415=ADVANCED_FACE('',(#247),#3270,.T.);
#3416=ADVANCED_FACE('',(#248),#3271,.F.);
#3417=ADVANCED_FACE('',(#249),#132,.T.);
#3418=ADVANCED_FACE('',(#250),#3272,.F.);
#3419=ADVANCED_FACE('',(#251),#133,.T.);
#3420=ADVANCED_FACE('',(#252),#3273,.F.);
#3421=ADVANCED_FACE('',(#253),#3274,.F.);
#3422=ADVANCED_FACE('',(#254),#134,.T.);
#3423=ADVANCED_FACE('',(#255),#3275,.F.);
#3424=ADVANCED_FACE('',(#256),#135,.T.);
#3425=ADVANCED_FACE('',(#257),#3276,.F.);
#3426=ADVANCED_FACE('',(#258),#136,.T.);
#3427=ADVANCED_FACE('',(#259),#3277,.F.);
#3428=ADVANCED_FACE('',(#260),#3278,.F.);
#3429=ADVANCED_FACE('',(#261),#137,.T.);
#3430=ADVANCED_FACE('',(#262),#3279,.F.);
#3431=ADVANCED_FACE('',(#263),#138,.T.);
#3432=ADVANCED_FACE('',(#264),#3280,.F.);
#3433=ADVANCED_FACE('',(#265),#139,.T.);
#3434=ADVANCED_FACE('',(#266),#3281,.F.);
#3435=ADVANCED_FACE('',(#267),#3282,.F.);
#3436=ADVANCED_FACE('',(#268),#140,.T.);
#3437=ADVANCED_FACE('',(#269),#3283,.F.);
#3438=ADVANCED_FACE('',(#270),#3284,.T.);
#3439=ADVANCED_FACE('',(#271),#3285,.F.);
#3440=ADVANCED_FACE('',(#272),#3286,.F.);
#3441=ADVANCED_FACE('',(#273),#3287,.T.);
#3442=ADVANCED_FACE('',(#274),#141,.T.);
#3443=ADVANCED_FACE('',(#275),#3288,.F.);
#3444=ADVANCED_FACE('',(#276),#3289,.F.);
#3445=ADVANCED_FACE('',(#277),#3290,.T.);
#3446=ADVANCED_FACE('',(#278),#142,.T.);
#3447=ADVANCED_FACE('',(#279),#3291,.F.);
#3448=ADVANCED_FACE('',(#280),#3292,.F.);
#3449=ADVANCED_FACE('',(#281),#3293,.T.);
#3450=ADVANCED_FACE('',(#282),#143,.T.);
#3451=ADVANCED_FACE('',(#283),#3294,.F.);
#3452=ADVANCED_FACE('',(#284),#3295,.F.);
#3453=ADVANCED_FACE('',(#285),#3296,.T.);
#3454=ADVANCED_FACE('',(#286),#144,.T.);
#3455=ADVANCED_FACE('',(#287),#3297,.F.);
#3456=ADVANCED_FACE('',(#288),#3298,.F.);
#3457=ADVANCED_FACE('',(#289),#3299,.F.);
#3458=ADVANCED_FACE('',(#290),#3300,.F.);
#3459=ADVANCED_FACE('',(#291),#145,.T.);
#3460=ADVANCED_FACE('',(#292),#146,.T.);
#3461=ADVANCED_FACE('',(#293),#147,.T.);
#3462=ADVANCED_FACE('',(#294),#3301,.F.);
#3463=ADVANCED_FACE('',(#295),#3302,.F.);
#3464=ADVANCED_FACE('',(#296),#3303,.F.);
#3465=ADVANCED_FACE('',(#297),#3304,.F.);
#3466=ADVANCED_FACE('',(#298),#3305,.F.);
#3467=ADVANCED_FACE('',(#299),#148,.T.);
#3468=ADVANCED_FACE('',(#300),#149,.T.);
#3469=ADVANCED_FACE('',(#301),#150,.T.);
#3470=ADVANCED_FACE('',(#302),#3306,.T.);
#3471=ADVANCED_FACE('',(#303),#3307,.F.);
#3472=ADVANCED_FACE('',(#304),#3308,.F.);
#3473=ADVANCED_FACE('',(#305),#3309,.F.);
#3474=ADVANCED_FACE('',(#306),#3310,.F.);
#3475=ADVANCED_FACE('',(#307),#3311,.F.);
#3476=ADVANCED_FACE('',(#308),#151,.T.);
#3477=ADVANCED_FACE('',(#309),#152,.T.);
#3478=ADVANCED_FACE('',(#310),#3312,.T.);
#3479=ADVANCED_FACE('',(#311),#3313,.F.);
#3480=ADVANCED_FACE('',(#312),#3314,.F.);
#3481=ADVANCED_FACE('',(#313),#3315,.F.);
#3482=ADVANCED_FACE('',(#314),#3316,.F.);
#3483=ADVANCED_FACE('',(#315),#3317,.F.);
#3484=ADVANCED_FACE('',(#316),#153,.T.);
#3485=ADVANCED_FACE('',(#317),#154,.T.);
#3486=ADVANCED_FACE('',(#318),#3318,.T.);
#3487=ADVANCED_FACE('',(#319),#3319,.F.);
#3488=ADVANCED_FACE('',(#320),#3320,.F.);
#3489=ADVANCED_FACE('',(#321),#3321,.F.);
#3490=ADVANCED_FACE('',(#322),#3322,.F.);
#3491=ADVANCED_FACE('',(#323),#3323,.F.);
#3492=ADVANCED_FACE('',(#324),#155,.T.);
#3493=ADVANCED_FACE('',(#325),#156,.T.);
#3494=ADVANCED_FACE('',(#326),#3324,.T.);
#3495=CLOSED_SHELL('',(#3325,#3326,#3327,#3328,#3329,#3330,#3331,#3332,
#3333,#3334,#3335,#3336,#3337,#3338,#3339,#3340,#3341,#3342,#3343,#3344,
#3345,#3346,#3347,#3348,#3349,#3350,#3351,#3352,#3353,#3354,#3355,#3356,
#3357,#3358,#3359,#3360,#3361,#3362,#3363,#3364,#3365,#3366,#3367,#3368,
#3369,#3370,#3371,#3372,#3373,#3374,#3375,#3376,#3377,#3378,#3379,#3380,
#3381,#3382,#3383,#3384,#3385,#3386,#3387,#3388,#3389,#3390,#3391,#3392,
#3393,#3394,#3395,#3396,#3397,#3398,#3399,#3400,#3401,#3402,#3403,#3404,
#3405,#3406,#3407,#3408,#3409,#3410,#3411,#3412,#3413,#3414,#3415,#3416,
#3417,#3418,#3419,#3420,#3421,#3422,#3423,#3424,#3425,#3426,#3427,#3428,
#3429,#3430,#3431,#3432,#3433,#3434,#3435,#3436,#3437,#3438,#3439,#3440,
#3441,#3442,#3443,#3444,#3445,#3446,#3447,#3448,#3449,#3450,#3451,#3452,
#3453,#3454,#3455,#3456,#3457,#3458,#3459,#3460,#3461,#3462,#3463,#3464,
#3465,#3466,#3467,#3468,#3469,#3470,#3471,#3472,#3473,#3474,#3475,#3476,
#3477,#3478,#3479,#3480,#3481,#3482,#3483,#3484,#3485,#3486,#3487,#3488,
#3489,#3490,#3491,#3492,#3493,#3494));
#3496=DERIVED_UNIT_ELEMENT(#3499,1.);
#3497=DERIVED_UNIT_ELEMENT(#5966,-3.);
#3498=DIMENSIONAL_EXPONENTS(0.,1.,0.,0.,0.,0.,0.);
#3499=(
CONVERSION_BASED_UNIT('gram',#3501)
MASS_UNIT()
NAMED_UNIT(#3498)
);
#3500=(
MASS_UNIT()
NAMED_UNIT(*)
SI_UNIT(.KILO.,.GRAM.)
);
#3501=MASS_MEASURE_WITH_UNIT(MASS_MEASURE(0.001),#3500);
#3502=DERIVED_UNIT((#3496,#3497));
#3503=MEASURE_REPRESENTATION_ITEM('density measure',
POSITIVE_RATIO_MEASURE(1.),#3502);
#3504=PROPERTY_DEFINITION_REPRESENTATION(#3509,#3506);
#3505=PROPERTY_DEFINITION_REPRESENTATION(#3510,#3507);
#3506=REPRESENTATION('material name',(#3508),#5963);
#3507=REPRESENTATION('density',(#3503),#5963);
#3508=DESCRIPTIVE_REPRESENTATION_ITEM('\X2\5E3889C4\X0\','\X2\5E3889C4\X0\');
#3509=PROPERTY_DEFINITION('material property','material name',#5973);
#3510=PROPERTY_DEFINITION('material property','density of part',#5973);
#3511=DATE_TIME_ROLE('creation_date');
#3512=APPLIED_DATE_AND_TIME_ASSIGNMENT(#3513,#3511,(#5973));
#3513=DATE_AND_TIME(#3514,#3515);
#3514=CALENDAR_DATE(2025,25,3);
#3515=LOCAL_TIME(0,0,0.,#3516);
#3516=COORDINATED_UNIVERSAL_TIME_OFFSET(0,0,.BEHIND.);
#3517=AXIS2_PLACEMENT_3D('',#4950,#3896,#3897);
#3518=AXIS2_PLACEMENT_3D('',#4951,#3898,#3899);
#3519=AXIS2_PLACEMENT_3D('',#4954,#3900,#3901);
#3520=AXIS2_PLACEMENT_3D('',#4958,#3903,#3904);
#3521=AXIS2_PLACEMENT_3D('',#4960,#3906,#3907);
#3522=AXIS2_PLACEMENT_3D('',#4966,#3911,#3912);
#3523=AXIS2_PLACEMENT_3D('',#4969,#3913,#3914);
#3524=AXIS2_PLACEMENT_3D('',#4973,#3916,#3917);
#3525=AXIS2_PLACEMENT_3D('',#4975,#3919,#3920);
#3526=AXIS2_PLACEMENT_3D('',#4981,#3924,#3925);
#3527=AXIS2_PLACEMENT_3D('',#4984,#3926,#3927);
#3528=AXIS2_PLACEMENT_3D('',#4988,#3929,#3930);
#3529=AXIS2_PLACEMENT_3D('',#4990,#3932,#3933);
#3530=AXIS2_PLACEMENT_3D('',#4996,#3937,#3938);
#3531=AXIS2_PLACEMENT_3D('',#4999,#3939,#3940);
#3532=AXIS2_PLACEMENT_3D('',#5003,#3942,#3943);
#3533=AXIS2_PLACEMENT_3D('',#5005,#3945,#3946);
#3534=AXIS2_PLACEMENT_3D('',#5011,#3950,#3951);
#3535=AXIS2_PLACEMENT_3D('',#5014,#3952,#3953);
#3536=AXIS2_PLACEMENT_3D('',#5018,#3955,#3956);
#3537=AXIS2_PLACEMENT_3D('',#5020,#3958,#3959);
#3538=AXIS2_PLACEMENT_3D('',#5026,#3963,#3964);
#3539=AXIS2_PLACEMENT_3D('',#5029,#3965,#3966);
#3540=AXIS2_PLACEMENT_3D('',#5033,#3968,#3969);
#3541=AXIS2_PLACEMENT_3D('',#5035,#3971,#3972);
#3542=AXIS2_PLACEMENT_3D('',#5041,#3976,#3977);
#3543=AXIS2_PLACEMENT_3D('',#5043,#3978,#3979);
#3544=AXIS2_PLACEMENT_3D('',#5046,#3981,#3982);
#3545=AXIS2_PLACEMENT_3D('',#5047,#3983,#3984);
#3546=AXIS2_PLACEMENT_3D('',#5050,#3985,#3986);
#3547=AXIS2_PLACEMENT_3D('',#5054,#3988,#3989);
#3548=AXIS2_PLACEMENT_3D('',#5056,#3991,#3992);
#3549=AXIS2_PLACEMENT_3D('',#5062,#3996,#3997);
#3550=AXIS2_PLACEMENT_3D('',#5064,#3998,#3999);
#3551=AXIS2_PLACEMENT_3D('',#5066,#4000,#4001);
#3552=AXIS2_PLACEMENT_3D('',#5068,#4003,#4004);
#3553=AXIS2_PLACEMENT_3D('',#5070,#4005,#4006);
#3554=AXIS2_PLACEMENT_3D('',#5073,#4008,#4009);
#3555=AXIS2_PLACEMENT_3D('',#5074,#4010,#4011);
#3556=AXIS2_PLACEMENT_3D('',#5077,#4012,#4013);
#3557=AXIS2_PLACEMENT_3D('',#5081,#4015,#4016);
#3558=AXIS2_PLACEMENT_3D('',#5083,#4018,#4019);
#3559=AXIS2_PLACEMENT_3D('',#5089,#4023,#4024);
#3560=AXIS2_PLACEMENT_3D('',#5091,#4025,#4026);
#3561=AXIS2_PLACEMENT_3D('',#5093,#4027,#4028);
#3562=AXIS2_PLACEMENT_3D('',#5095,#4030,#4031);
#3563=AXIS2_PLACEMENT_3D('',#5097,#4032,#4033);
#3564=AXIS2_PLACEMENT_3D('',#5099,#4034,#4035);
#3565=AXIS2_PLACEMENT_3D('',#5101,#4037,#4038);
#3566=AXIS2_PLACEMENT_3D('',#5103,#4039,#4040);
#3567=AXIS2_PLACEMENT_3D('',#5105,#4041,#4042);
#3568=AXIS2_PLACEMENT_3D('',#5107,#4044,#4045);
#3569=AXIS2_PLACEMENT_3D('',#5109,#4046,#4047);
#3570=AXIS2_PLACEMENT_3D('',#5111,#4048,#4049);
#3571=AXIS2_PLACEMENT_3D('',#5113,#4051,#4052);
#3572=AXIS2_PLACEMENT_3D('',#5115,#4053,#4054);
#3573=AXIS2_PLACEMENT_3D('',#5117,#4055,#4056);
#3574=AXIS2_PLACEMENT_3D('',#5119,#4058,#4059);
#3575=AXIS2_PLACEMENT_3D('',#5122,#4062,#4063);
#3576=AXIS2_PLACEMENT_3D('',#5126,#4065,#4066);
#3577=AXIS2_PLACEMENT_3D('',#5130,#4068,#4069);
#3578=AXIS2_PLACEMENT_3D('',#5134,#4071,#4072);
#3579=AXIS2_PLACEMENT_3D('',#5138,#4074,#4075);
#3580=AXIS2_PLACEMENT_3D('',#5142,#4077,#4078);
#3581=AXIS2_PLACEMENT_3D('',#5146,#4080,#4081);
#3582=AXIS2_PLACEMENT_3D('',#5150,#4083,#4084);
#3583=AXIS2_PLACEMENT_3D('',#5154,#4086,#4087);
#3584=AXIS2_PLACEMENT_3D('',#5156,#4088,#4089);
#3585=AXIS2_PLACEMENT_3D('',#5160,#4091,#4092);
#3586=AXIS2_PLACEMENT_3D('',#5162,#4093,#4094);
#3587=AXIS2_PLACEMENT_3D('',#5166,#4096,#4097);
#3588=AXIS2_PLACEMENT_3D('',#5170,#4099,#4100);
#3589=AXIS2_PLACEMENT_3D('',#5174,#4102,#4103);
#3590=AXIS2_PLACEMENT_3D('',#5178,#4105,#4106);
#3591=AXIS2_PLACEMENT_3D('',#5182,#4108,#4109);
#3592=AXIS2_PLACEMENT_3D('',#5186,#4111,#4112);
#3593=AXIS2_PLACEMENT_3D('',#5190,#4114,#4115);
#3594=AXIS2_PLACEMENT_3D('',#5193,#4117,#4118);
#3595=AXIS2_PLACEMENT_3D('',#5196,#4120,#4121);
#3596=AXIS2_PLACEMENT_3D('',#5200,#4123,#4124);
#3597=AXIS2_PLACEMENT_3D('',#5204,#4126,#4127);
#3598=AXIS2_PLACEMENT_3D('',#5208,#4129,#4130);
#3599=AXIS2_PLACEMENT_3D('',#5212,#4132,#4133);
#3600=AXIS2_PLACEMENT_3D('',#5216,#4135,#4136);
#3601=AXIS2_PLACEMENT_3D('',#5220,#4138,#4139);
#3602=AXIS2_PLACEMENT_3D('',#5224,#4141,#4142);
#3603=AXIS2_PLACEMENT_3D('',#5228,#4144,#4145);
#3604=AXIS2_PLACEMENT_3D('',#5230,#4146,#4147);
#3605=AXIS2_PLACEMENT_3D('',#5234,#4149,#4150);
#3606=AXIS2_PLACEMENT_3D('',#5236,#4151,#4152);
#3607=AXIS2_PLACEMENT_3D('',#5240,#4154,#4155);
#3608=AXIS2_PLACEMENT_3D('',#5244,#4157,#4158);
#3609=AXIS2_PLACEMENT_3D('',#5248,#4160,#4161);
#3610=AXIS2_PLACEMENT_3D('',#5252,#4163,#4164);
#3611=AXIS2_PLACEMENT_3D('',#5256,#4166,#4167);
#3612=AXIS2_PLACEMENT_3D('',#5260,#4169,#4170);
#3613=AXIS2_PLACEMENT_3D('',#5264,#4172,#4173);
#3614=AXIS2_PLACEMENT_3D('',#5267,#4175,#4176);
#3615=AXIS2_PLACEMENT_3D('',#5270,#4178,#4179);
#3616=AXIS2_PLACEMENT_3D('',#5272,#4180,#4181);
#3617=AXIS2_PLACEMENT_3D('',#5274,#4182,#4183);
#3618=AXIS2_PLACEMENT_3D('',#5276,#4184,#4185);
#3619=AXIS2_PLACEMENT_3D('',#5278,#4186,#4187);
#3620=AXIS2_PLACEMENT_3D('',#5280,#4188,#4189);
#3621=AXIS2_PLACEMENT_3D('',#5282,#4190,#4191);
#3622=AXIS2_PLACEMENT_3D('',#5284,#4192,#4193);
#3623=AXIS2_PLACEMENT_3D('',#5286,#4194,#4195);
#3624=AXIS2_PLACEMENT_3D('',#5288,#4196,#4197);
#3625=AXIS2_PLACEMENT_3D('',#5290,#4198,#4199);
#3626=AXIS2_PLACEMENT_3D('',#5292,#4200,#4201);
#3627=AXIS2_PLACEMENT_3D('',#5294,#4202,#4203);
#3628=AXIS2_PLACEMENT_3D('',#5299,#4205,#4206);
#3629=AXIS2_PLACEMENT_3D('',#5303,#4208,#4209);
#3630=AXIS2_PLACEMENT_3D('',#5306,#4211,#4212);
#3631=AXIS2_PLACEMENT_3D('',#5311,#4214,#4215);
#3632=AXIS2_PLACEMENT_3D('',#5315,#4217,#4218);
#3633=AXIS2_PLACEMENT_3D('',#5318,#4220,#4221);
#3634=AXIS2_PLACEMENT_3D('',#5323,#4223,#4224);
#3635=AXIS2_PLACEMENT_3D('',#5327,#4226,#4227);
#3636=AXIS2_PLACEMENT_3D('',#5330,#4229,#4230);
#3637=AXIS2_PLACEMENT_3D('',#5332,#4231,#4232);
#3638=AXIS2_PLACEMENT_3D('',#5334,#4233,#4234);
#3639=AXIS2_PLACEMENT_3D('',#5336,#4235,#4236);
#3640=AXIS2_PLACEMENT_3D('',#5338,#4237,#4238);
#3641=AXIS2_PLACEMENT_3D('',#5340,#4239,#4240);
#3642=AXIS2_PLACEMENT_3D('',#5342,#4241,#4242);
#3643=AXIS2_PLACEMENT_3D('',#5344,#4243,#4244);
#3644=AXIS2_PLACEMENT_3D('',#5346,#4245,#4246);
#3645=AXIS2_PLACEMENT_3D('',#5348,#4247,#4248);
#3646=AXIS2_PLACEMENT_3D('',#5350,#4249,#4250);
#3647=AXIS2_PLACEMENT_3D('',#5352,#4251,#4252);
#3648=AXIS2_PLACEMENT_3D('',#5354,#4253,#4254);
#3649=AXIS2_PLACEMENT_3D('',#5356,#4255,#4256);
#3650=AXIS2_PLACEMENT_3D('',#5358,#4257,#4258);
#3651=AXIS2_PLACEMENT_3D('',#5360,#4259,#4260);
#3652=AXIS2_PLACEMENT_3D('',#5365,#4262,#4263);
#3653=AXIS2_PLACEMENT_3D('',#5369,#4265,#4266);
#3654=AXIS2_PLACEMENT_3D('',#5372,#4268,#4269);
#3655=AXIS2_PLACEMENT_3D('',#5374,#4270,#4271);
#3656=AXIS2_PLACEMENT_3D('',#5376,#4272,#4273);
#3657=AXIS2_PLACEMENT_3D('',#5378,#4274,#4275);
#3658=AXIS2_PLACEMENT_3D('',#5380,#4276,#4277);
#3659=AXIS2_PLACEMENT_3D('',#5382,#4278,#4279);
#3660=AXIS2_PLACEMENT_3D('',#5387,#4281,#4282);
#3661=AXIS2_PLACEMENT_3D('',#5392,#4286,#4287);
#3662=AXIS2_PLACEMENT_3D('',#5397,#4289,#4290);
#3663=AXIS2_PLACEMENT_3D('',#5401,#4293,#4294);
#3664=AXIS2_PLACEMENT_3D('',#5402,#4295,#4296);
#3665=AXIS2_PLACEMENT_3D('',#5406,#4299,#4300);
#3666=AXIS2_PLACEMENT_3D('',#5410,#4303,#4304);
#3667=AXIS2_PLACEMENT_3D('',#5414,#4307,#4308);
#3668=AXIS2_PLACEMENT_3D('',#5418,#4311,#4312);
#3669=AXIS2_PLACEMENT_3D('',#5420,#4314,#4315);
#3670=AXIS2_PLACEMENT_3D('',#5422,#4316,#4317);
#3671=AXIS2_PLACEMENT_3D('',#5425,#4319,#4320);
#3672=AXIS2_PLACEMENT_3D('',#5427,#4321,#4322);
#3673=AXIS2_PLACEMENT_3D('',#5431,#4324,#4325);
#3674=AXIS2_PLACEMENT_3D('',#5435,#4327,#4328);
#3675=AXIS2_PLACEMENT_3D('',#5439,#4330,#4331);
#3676=AXIS2_PLACEMENT_3D('',#5443,#4333,#4334);
#3677=AXIS2_PLACEMENT_3D('',#5447,#4336,#4337);
#3678=AXIS2_PLACEMENT_3D('',#5451,#4339,#4340);
#3679=AXIS2_PLACEMENT_3D('',#5455,#4342,#4343);
#3680=AXIS2_PLACEMENT_3D('',#5457,#4344,#4345);
#3681=AXIS2_PLACEMENT_3D('',#5461,#4347,#4348);
#3682=AXIS2_PLACEMENT_3D('',#5463,#4349,#4350);
#3683=AXIS2_PLACEMENT_3D('',#5467,#4352,#4353);
#3684=AXIS2_PLACEMENT_3D('',#5471,#4355,#4356);
#3685=AXIS2_PLACEMENT_3D('',#5475,#4358,#4359);
#3686=AXIS2_PLACEMENT_3D('',#5479,#4361,#4362);
#3687=AXIS2_PLACEMENT_3D('',#5483,#4364,#4365);
#3688=AXIS2_PLACEMENT_3D('',#5487,#4367,#4368);
#3689=AXIS2_PLACEMENT_3D('',#5491,#4370,#4371);
#3690=AXIS2_PLACEMENT_3D('',#5494,#4373,#4374);
#3691=AXIS2_PLACEMENT_3D('',#5497,#4376,#4377);
#3692=AXIS2_PLACEMENT_3D('',#5501,#4379,#4380);
#3693=AXIS2_PLACEMENT_3D('',#5505,#4382,#4383);
#3694=AXIS2_PLACEMENT_3D('',#5509,#4385,#4386);
#3695=AXIS2_PLACEMENT_3D('',#5513,#4388,#4389);
#3696=AXIS2_PLACEMENT_3D('',#5517,#4391,#4392);
#3697=AXIS2_PLACEMENT_3D('',#5521,#4394,#4395);
#3698=AXIS2_PLACEMENT_3D('',#5525,#4397,#4398);
#3699=AXIS2_PLACEMENT_3D('',#5529,#4400,#4401);
#3700=AXIS2_PLACEMENT_3D('',#5531,#4402,#4403);
#3701=AXIS2_PLACEMENT_3D('',#5535,#4405,#4406);
#3702=AXIS2_PLACEMENT_3D('',#5537,#4407,#4408);
#3703=AXIS2_PLACEMENT_3D('',#5541,#4410,#4411);
#3704=AXIS2_PLACEMENT_3D('',#5545,#4413,#4414);
#3705=AXIS2_PLACEMENT_3D('',#5549,#4416,#4417);
#3706=AXIS2_PLACEMENT_3D('',#5553,#4419,#4420);
#3707=AXIS2_PLACEMENT_3D('',#5557,#4422,#4423);
#3708=AXIS2_PLACEMENT_3D('',#5561,#4425,#4426);
#3709=AXIS2_PLACEMENT_3D('',#5564,#4428,#4429);
#3710=AXIS2_PLACEMENT_3D('',#5568,#4431,#4432);
#3711=AXIS2_PLACEMENT_3D('',#5569,#4433,#4434);
#3712=AXIS2_PLACEMENT_3D('',#5571,#4435,#4436);
#3713=AXIS2_PLACEMENT_3D('',#5573,#4437,#4438);
#3714=AXIS2_PLACEMENT_3D('',#5575,#4439,#4440);
#3715=AXIS2_PLACEMENT_3D('',#5577,#4441,#4442);
#3716=AXIS2_PLACEMENT_3D('',#5579,#4443,#4444);
#3717=AXIS2_PLACEMENT_3D('',#5581,#4445,#4446);
#3718=AXIS2_PLACEMENT_3D('',#5583,#4447,#4448);
#3719=AXIS2_PLACEMENT_3D('',#5585,#4449,#4450);
#3720=AXIS2_PLACEMENT_3D('',#5587,#4451,#4452);
#3721=AXIS2_PLACEMENT_3D('',#5589,#4453,#4454);
#3722=AXIS2_PLACEMENT_3D('',#5591,#4455,#4456);
#3723=AXIS2_PLACEMENT_3D('',#5593,#4457,#4458);
#3724=AXIS2_PLACEMENT_3D('',#5598,#4460,#4461);
#3725=AXIS2_PLACEMENT_3D('',#5602,#4463,#4464);
#3726=AXIS2_PLACEMENT_3D('',#5605,#4466,#4467);
#3727=AXIS2_PLACEMENT_3D('',#5610,#4469,#4470);
#3728=AXIS2_PLACEMENT_3D('',#5614,#4472,#4473);
#3729=AXIS2_PLACEMENT_3D('',#5617,#4475,#4476);
#3730=AXIS2_PLACEMENT_3D('',#5622,#4478,#4479);
#3731=AXIS2_PLACEMENT_3D('',#5626,#4481,#4482);
#3732=AXIS2_PLACEMENT_3D('',#5629,#4484,#4485);
#3733=AXIS2_PLACEMENT_3D('',#5631,#4486,#4487);
#3734=AXIS2_PLACEMENT_3D('',#5633,#4488,#4489);
#3735=AXIS2_PLACEMENT_3D('',#5635,#4490,#4491);
#3736=AXIS2_PLACEMENT_3D('',#5637,#4492,#4493);
#3737=AXIS2_PLACEMENT_3D('',#5639,#4494,#4495);
#3738=AXIS2_PLACEMENT_3D('',#5641,#4496,#4497);
#3739=AXIS2_PLACEMENT_3D('',#5643,#4498,#4499);
#3740=AXIS2_PLACEMENT_3D('',#5645,#4500,#4501);
#3741=AXIS2_PLACEMENT_3D('',#5647,#4502,#4503);
#3742=AXIS2_PLACEMENT_3D('',#5649,#4504,#4505);
#3743=AXIS2_PLACEMENT_3D('',#5651,#4506,#4507);
#3744=AXIS2_PLACEMENT_3D('',#5653,#4508,#4509);
#3745=AXIS2_PLACEMENT_3D('',#5655,#4510,#4511);
#3746=AXIS2_PLACEMENT_3D('',#5657,#4512,#4513);
#3747=AXIS2_PLACEMENT_3D('',#5659,#4514,#4515);
#3748=AXIS2_PLACEMENT_3D('',#5661,#4516,#4517);
#3749=AXIS2_PLACEMENT_3D('',#5663,#4518,#4519);
#3750=AXIS2_PLACEMENT_3D('',#5665,#4520,#4521);
#3751=AXIS2_PLACEMENT_3D('',#5667,#4522,#4523);
#3752=AXIS2_PLACEMENT_3D('',#5669,#4524,#4525);
#3753=AXIS2_PLACEMENT_3D('',#5674,#4527,#4528);
#3754=AXIS2_PLACEMENT_3D('',#5678,#4530,#4531);
#3755=AXIS2_PLACEMENT_3D('',#5681,#4533,#4534);
#3756=AXIS2_PLACEMENT_3D('',#5686,#4536,#4537);
#3757=AXIS2_PLACEMENT_3D('',#5690,#4540,#4541);
#3758=AXIS2_PLACEMENT_3D('',#5691,#4542,#4543);
#3759=AXIS2_PLACEMENT_3D('',#5693,#4545,#4546);
#3760=AXIS2_PLACEMENT_3D('',#5695,#4548,#4549);
#3761=AXIS2_PLACEMENT_3D('',#5697,#4551,#4552);
#3762=AXIS2_PLACEMENT_3D('',#5699,#4554,#4555);
#3763=AXIS2_PLACEMENT_3D('',#5702,#4558,#4559);
#3764=AXIS2_PLACEMENT_3D('',#5704,#4561,#4562);
#3765=AXIS2_PLACEMENT_3D('',#5707,#4565,#4566);
#3766=AXIS2_PLACEMENT_3D('',#5709,#4568,#4569);
#3767=AXIS2_PLACEMENT_3D('',#5712,#4572,#4573);
#3768=AXIS2_PLACEMENT_3D('',#5714,#4575,#4576);
#3769=AXIS2_PLACEMENT_3D('',#5715,#4577,#4578);
#3770=AXIS2_PLACEMENT_3D('',#5718,#4581,#4582);
#3771=AXIS2_PLACEMENT_3D('',#5720,#4584,#4585);
#3772=AXIS2_PLACEMENT_3D('',#5723,#4588,#4589);
#3773=AXIS2_PLACEMENT_3D('',#5725,#4591,#4592);
#3774=AXIS2_PLACEMENT_3D('',#5727,#4594,#4595);
#3775=AXIS2_PLACEMENT_3D('',#5730,#4598,#4599);
#3776=AXIS2_PLACEMENT_3D('',#5731,#4600,#4601);
#3777=AXIS2_PLACEMENT_3D('',#5734,#4604,#4605);
#3778=AXIS2_PLACEMENT_3D('',#5736,#4607,#4608);
#3779=AXIS2_PLACEMENT_3D('',#5738,#4610,#4611);
#3780=AXIS2_PLACEMENT_3D('',#5740,#4613,#4614);
#3781=AXIS2_PLACEMENT_3D('',#5742,#4616,#4617);
#3782=AXIS2_PLACEMENT_3D('',#5743,#4618,#4619);
#3783=AXIS2_PLACEMENT_3D('',#5746,#4622,#4623);
#3784=AXIS2_PLACEMENT_3D('',#5748,#4625,#4626);
#3785=AXIS2_PLACEMENT_3D('',#5750,#4628,#4629);
#3786=AXIS2_PLACEMENT_3D('',#5752,#4631,#4632);
#3787=AXIS2_PLACEMENT_3D('',#5755,#4635,#4636);
#3788=AXIS2_PLACEMENT_3D('',#5757,#4638,#4639);
#3789=AXIS2_PLACEMENT_3D('',#5759,#4641,#4642);
#3790=AXIS2_PLACEMENT_3D('',#5762,#4645,#4646);
#3791=AXIS2_PLACEMENT_3D('',#5764,#4648,#4649);
#3792=AXIS2_PLACEMENT_3D('',#5766,#4651,#4652);
#3793=AXIS2_PLACEMENT_3D('',#5768,#4654,#4655);
#3794=AXIS2_PLACEMENT_3D('',#5770,#4657,#4658);
#3795=AXIS2_PLACEMENT_3D('',#5772,#4660,#4661);
#3796=AXIS2_PLACEMENT_3D('',#5774,#4663,#4664);
#3797=AXIS2_PLACEMENT_3D('',#5777,#4667,#4668);
#3798=AXIS2_PLACEMENT_3D('',#5779,#4670,#4671);
#3799=AXIS2_PLACEMENT_3D('',#5780,#4672,#4673);
#3800=AXIS2_PLACEMENT_3D('',#5783,#4676,#4677);
#3801=AXIS2_PLACEMENT_3D('',#5785,#4679,#4680);
#3802=AXIS2_PLACEMENT_3D('',#5788,#4683,#4684);
#3803=AXIS2_PLACEMENT_3D('',#5789,#4685,#4686);
#3804=AXIS2_PLACEMENT_3D('',#5792,#4689,#4690);
#3805=AXIS2_PLACEMENT_3D('',#5794,#4692,#4693);
#3806=AXIS2_PLACEMENT_3D('',#5796,#4695,#4696);
#3807=AXIS2_PLACEMENT_3D('',#5799,#4699,#4700);
#3808=AXIS2_PLACEMENT_3D('',#5801,#4702,#4703);
#3809=AXIS2_PLACEMENT_3D('',#5803,#4705,#4706);
#3810=AXIS2_PLACEMENT_3D('',#5805,#4708,#4709);
#3811=AXIS2_PLACEMENT_3D('',#5808,#4712,#4713);
#3812=AXIS2_PLACEMENT_3D('',#5810,#4715,#4716);
#3813=AXIS2_PLACEMENT_3D('',#5813,#4719,#4720);
#3814=AXIS2_PLACEMENT_3D('',#5815,#4722,#4723);
#3815=AXIS2_PLACEMENT_3D('',#5817,#4725,#4726);
#3816=AXIS2_PLACEMENT_3D('',#5820,#4729,#4730);
#3817=AXIS2_PLACEMENT_3D('',#5822,#4732,#4733);
#3818=AXIS2_PLACEMENT_3D('',#5825,#4736,#4737);
#3819=AXIS2_PLACEMENT_3D('',#5827,#4739,#4740);
#3820=AXIS2_PLACEMENT_3D('',#5830,#4743,#4744);
#3821=AXIS2_PLACEMENT_3D('',#5832,#4746,#4747);
#3822=AXIS2_PLACEMENT_3D('',#5834,#4749,#4750);
#3823=AXIS2_PLACEMENT_3D('',#5836,#4752,#4753);
#3824=AXIS2_PLACEMENT_3D('',#5838,#4755,#4756);
#3825=AXIS2_PLACEMENT_3D('',#5840,#4758,#4759);
#3826=AXIS2_PLACEMENT_3D('',#5842,#4761,#4762);
#3827=AXIS2_PLACEMENT_3D('',#5844,#4764,#4765);
#3828=AXIS2_PLACEMENT_3D('',#5846,#4767,#4768);
#3829=AXIS2_PLACEMENT_3D('',#5847,#4769,#4770);
#3830=AXIS2_PLACEMENT_3D('',#5850,#4773,#4774);
#3831=AXIS2_PLACEMENT_3D('',#5851,#4775,#4776);
#3832=AXIS2_PLACEMENT_3D('',#5854,#4779,#4780);
#3833=AXIS2_PLACEMENT_3D('',#5855,#4781,#4782);
#3834=AXIS2_PLACEMENT_3D('',#5857,#4784,#4785);
#3835=AXIS2_PLACEMENT_3D('',#5858,#4786,#4787);
#3836=AXIS2_PLACEMENT_3D('',#5859,#4788,#4789);
#3837=AXIS2_PLACEMENT_3D('',#5861,#4791,#4792);
#3838=AXIS2_PLACEMENT_3D('',#5862,#4793,#4794);
#3839=AXIS2_PLACEMENT_3D('',#5863,#4795,#4796);
#3840=AXIS2_PLACEMENT_3D('',#5865,#4798,#4799);
#3841=AXIS2_PLACEMENT_3D('',#5867,#4801,#4802);
#3842=AXIS2_PLACEMENT_3D('',#5869,#4804,#4805);
#3843=AXIS2_PLACEMENT_3D('',#5871,#4807,#4808);
#3844=AXIS2_PLACEMENT_3D('',#5872,#4809,#4810);
#3845=AXIS2_PLACEMENT_3D('',#5874,#4812,#4813);
#3846=AXIS2_PLACEMENT_3D('',#5876,#4815,#4816);
#3847=AXIS2_PLACEMENT_3D('',#5878,#4818,#4819);
#3848=AXIS2_PLACEMENT_3D('',#5879,#4820,#4821);
#3849=AXIS2_PLACEMENT_3D('',#5881,#4823,#4824);
#3850=AXIS2_PLACEMENT_3D('',#5883,#4826,#4827);
#3851=AXIS2_PLACEMENT_3D('',#5885,#4829,#4830);
#3852=AXIS2_PLACEMENT_3D('',#5886,#4831,#4832);
#3853=AXIS2_PLACEMENT_3D('',#5888,#4834,#4835);
#3854=AXIS2_PLACEMENT_3D('',#5890,#4837,#4838);
#3855=AXIS2_PLACEMENT_3D('',#5892,#4840,#4841);
#3856=AXIS2_PLACEMENT_3D('',#5893,#4842,#4843);
#3857=AXIS2_PLACEMENT_3D('',#5895,#4845,#4846);
#3858=AXIS2_PLACEMENT_3D('',#5897,#4848,#4849);
#3859=AXIS2_PLACEMENT_3D('',#5899,#4851,#4852);
#3860=AXIS2_PLACEMENT_3D('',#5901,#4854,#4855);
#3861=AXIS2_PLACEMENT_3D('',#5902,#4856,#4857);
#3862=AXIS2_PLACEMENT_3D('',#5903,#4858,#4859);
#3863=AXIS2_PLACEMENT_3D('',#5904,#4860,#4861);
#3864=AXIS2_PLACEMENT_3D('',#5906,#4863,#4864);
#3865=AXIS2_PLACEMENT_3D('',#5908,#4866,#4867);
#3866=AXIS2_PLACEMENT_3D('',#5910,#4869,#4870);
#3867=AXIS2_PLACEMENT_3D('',#5912,#4872,#4873);
#3868=AXIS2_PLACEMENT_3D('',#5914,#4875,#4876);
#3869=AXIS2_PLACEMENT_3D('',#5916,#4878,#4879);
#3870=AXIS2_PLACEMENT_3D('',#5917,#4880,#4881);
#3871=AXIS2_PLACEMENT_3D('',#5919,#4883,#4884);
#3872=AXIS2_PLACEMENT_3D('',#5920,#4885,#4886);
#3873=AXIS2_PLACEMENT_3D('',#5922,#4888,#4889);
#3874=AXIS2_PLACEMENT_3D('',#5924,#4891,#4892);
#3875=AXIS2_PLACEMENT_3D('',#5926,#4894,#4895);
#3876=AXIS2_PLACEMENT_3D('',#5928,#4897,#4898);
#3877=AXIS2_PLACEMENT_3D('',#5930,#4900,#4901);
#3878=AXIS2_PLACEMENT_3D('',#5931,#4902,#4903);
#3879=AXIS2_PLACEMENT_3D('',#5932,#4904,#4905);
#3880=AXIS2_PLACEMENT_3D('',#5933,#4906,#4907);
#3881=AXIS2_PLACEMENT_3D('',#5935,#4909,#4910);
#3882=AXIS2_PLACEMENT_3D('',#5937,#4912,#4913);
#3883=AXIS2_PLACEMENT_3D('',#5939,#4915,#4916);
#3884=AXIS2_PLACEMENT_3D('',#5941,#4918,#4919);
#3885=AXIS2_PLACEMENT_3D('',#5943,#4921,#4922);
#3886=AXIS2_PLACEMENT_3D('',#5945,#4924,#4925);
#3887=AXIS2_PLACEMENT_3D('',#5947,#4927,#4928);
#3888=AXIS2_PLACEMENT_3D('',#5948,#4929,#4930);
#3889=AXIS2_PLACEMENT_3D('',#5950,#4932,#4933);
#3890=AXIS2_PLACEMENT_3D('',#5952,#4935,#4936);
#3891=AXIS2_PLACEMENT_3D('',#5954,#4938,#4939);
#3892=AXIS2_PLACEMENT_3D('',#5956,#4941,#4942);
#3893=AXIS2_PLACEMENT_3D('',#5958,#4944,#4945);
#3894=AXIS2_PLACEMENT_3D('',#5959,#4946,#4947);
#3895=AXIS2_PLACEMENT_3D('',#5960,#4948,#4949);
#3896=DIRECTION('axis',(0.,0.,1.));
#3897=DIRECTION('refdir',(1.,0.,0.));
#3898=DIRECTION('center_axis',(0.,0.,-1.));
#3899=DIRECTION('ref_axis',(-3.14018491736755E-15,1.,0.));
#3900=DIRECTION('center_axis',(0.,0.,1.));
#3901=DIRECTION('ref_axis',(-3.14018491736755E-15,1.,0.));
#3902=DIRECTION('',(0.,0.,-1.));
#3903=DIRECTION('center_axis',(0.,0.,-1.));
#3904=DIRECTION('ref_axis',(-3.14018491736755E-15,1.,0.));
#3905=DIRECTION('',(0.,0.,1.));
#3906=DIRECTION('center_axis',(-0.707106781186547,0.707106781186548,0.));
#3907=DIRECTION('ref_axis',(0.707106781186548,0.707106781186547,0.));
#3908=DIRECTION('',(-0.707106781186548,-0.707106781186547,0.));
#3909=DIRECTION('',(0.,0.,1.));
#3910=DIRECTION('',(0.707106781186548,0.707106781186547,0.));
#3911=DIRECTION('center_axis',(0.,0.,1.));
#3912=DIRECTION('ref_axis',(0.,-1.,0.));
#3913=DIRECTION('center_axis',(0.,0.,-1.));
#3914=DIRECTION('ref_axis',(0.,-1.,0.));
#3915=DIRECTION('',(0.,0.,1.));
#3916=DIRECTION('center_axis',(0.,0.,1.));
#3917=DIRECTION('ref_axis',(0.,-1.,0.));
#3918=DIRECTION('',(0.,0.,-1.));
#3919=DIRECTION('center_axis',(0.707106781186547,0.707106781186548,0.));
#3920=DIRECTION('ref_axis',(0.707106781186548,-0.707106781186547,0.));
#3921=DIRECTION('',(0.707106781186548,-0.707106781186547,0.));
#3922=DIRECTION('',(0.,0.,-1.));
#3923=DIRECTION('',(-0.707106781186548,0.707106781186547,0.));
#3924=DIRECTION('center_axis',(0.,0.,-1.));
#3925=DIRECTION('ref_axis',(0.38268343236509,-0.923879532511287,0.));
#3926=DIRECTION('center_axis',(0.,0.,1.));
#3927=DIRECTION('ref_axis',(0.38268343236509,-0.923879532511287,0.));
#3928=DIRECTION('',(0.,0.,-1.));
#3929=DIRECTION('center_axis',(0.,0.,-1.));
#3930=DIRECTION('ref_axis',(0.38268343236509,-0.923879532511287,0.));
#3931=DIRECTION('',(0.,0.,1.));
#3932=DIRECTION('center_axis',(0.707106781186547,-0.707106781186548,0.));
#3933=DIRECTION('ref_axis',(-0.707106781186548,-0.707106781186547,0.));
#3934=DIRECTION('',(0.707106781186548,0.707106781186547,0.));
#3935=DIRECTION('',(0.,0.,1.));
#3936=DIRECTION('',(-0.707106781186548,-0.707106781186547,0.));
#3937=DIRECTION('center_axis',(0.,0.,1.));
#3938=DIRECTION('ref_axis',(-0.38268343236509,-0.923879532511287,0.));
#3939=DIRECTION('center_axis',(0.,0.,-1.));
#3940=DIRECTION('ref_axis',(-0.38268343236509,-0.923879532511287,0.));
#3941=DIRECTION('',(0.,0.,1.));
#3942=DIRECTION('center_axis',(0.,0.,1.));
#3943=DIRECTION('ref_axis',(-0.38268343236509,-0.923879532511287,0.));
#3944=DIRECTION('',(0.,0.,-1.));
#3945=DIRECTION('center_axis',(-0.707106781186548,-0.707106781186547,0.));
#3946=DIRECTION('ref_axis',(-0.707106781186547,0.707106781186548,0.));
#3947=DIRECTION('',(-0.707106781186547,0.707106781186548,0.));
#3948=DIRECTION('',(0.,0.,-1.));
#3949=DIRECTION('',(0.707106781186547,-0.707106781186548,0.));
#3950=DIRECTION('center_axis',(0.,0.,1.));
#3951=DIRECTION('ref_axis',(0.38268343236509,0.923879532511287,0.));
#3952=DIRECTION('center_axis',(0.,0.,-1.));
#3953=DIRECTION('ref_axis',(0.38268343236509,0.923879532511287,0.));
#3954=DIRECTION('',(0.,0.,1.));
#3955=DIRECTION('center_axis',(0.,0.,1.));
#3956=DIRECTION('ref_axis',(0.38268343236509,0.923879532511287,0.));
#3957=DIRECTION('',(0.,0.,-1.));
#3958=DIRECTION('center_axis',(-0.707106781186547,-0.707106781186548,0.));
#3959=DIRECTION('ref_axis',(-0.707106781186548,0.707106781186547,0.));
#3960=DIRECTION('',(-0.707106781186548,0.707106781186547,0.));
#3961=DIRECTION('',(0.,0.,-1.));
#3962=DIRECTION('',(0.707106781186548,-0.707106781186547,0.));
#3963=DIRECTION('center_axis',(0.,0.,-1.));
#3964=DIRECTION('ref_axis',(-0.38268343236509,0.923879532511287,0.));
#3965=DIRECTION('center_axis',(0.,0.,1.));
#3966=DIRECTION('ref_axis',(-0.38268343236509,0.923879532511287,0.));
#3967=DIRECTION('',(0.,0.,-1.));
#3968=DIRECTION('center_axis',(0.,0.,-1.));
#3969=DIRECTION('ref_axis',(-0.38268343236509,0.923879532511287,0.));
#3970=DIRECTION('',(0.,0.,1.));
#3971=DIRECTION('center_axis',(0.707106781186548,-0.707106781186547,0.));
#3972=DIRECTION('ref_axis',(-0.707106781186547,-0.707106781186548,0.));
#3973=DIRECTION('',(0.707106781186547,0.707106781186548,0.));
#3974=DIRECTION('',(0.,0.,1.));
#3975=DIRECTION('',(-0.707106781186547,-0.707106781186548,0.));
#3976=DIRECTION('center_axis',(0.,0.,1.));
#3977=DIRECTION('ref_axis',(0.707106781186547,-0.707106781186548,0.));
#3978=DIRECTION('center_axis',(0.,0.,1.));
#3979=DIRECTION('ref_axis',(0.707106781186547,-0.707106781186548,0.));
#3980=DIRECTION('',(0.,0.,-1.));
#3981=DIRECTION('center_axis',(0.,0.,-1.));
#3982=DIRECTION('ref_axis',(0.707106781186547,-0.707106781186548,0.));
#3983=DIRECTION('center_axis',(0.,0.,-1.));
#3984=DIRECTION('ref_axis',(-0.707106781186548,-0.707106781186547,0.));
#3985=DIRECTION('center_axis',(0.,0.,-1.));
#3986=DIRECTION('ref_axis',(-0.707106781186548,-0.707106781186547,0.));
#3987=DIRECTION('',(0.,0.,1.));
#3988=DIRECTION('center_axis',(0.,0.,1.));
#3989=DIRECTION('ref_axis',(-0.707106781186548,-0.707106781186547,0.));
#3990=DIRECTION('',(0.,0.,-1.));
#3991=DIRECTION('center_axis',(0.707106781186548,0.707106781186547,0.));
#3992=DIRECTION('ref_axis',(0.707106781186547,-0.707106781186548,0.));
#3993=DIRECTION('',(-0.707106781186547,0.707106781186548,0.));
#3994=DIRECTION('',(0.,0.,1.));
#3995=DIRECTION('',(0.707106781186547,-0.707106781186548,0.));
#3996=DIRECTION('center_axis',(0.,0.,1.));
#3997=DIRECTION('ref_axis',(0.,1.,0.));
#3998=DIRECTION('center_axis',(0.,0.,-1.));
#3999=DIRECTION('ref_axis',(0.,1.,0.));
#4000=DIRECTION('center_axis',(0.,0.,1.));
#4001=DIRECTION('ref_axis',(0.,1.,0.));
#4002=DIRECTION('',(0.,0.,-1.));
#4003=DIRECTION('center_axis',(0.,0.,-1.));
#4004=DIRECTION('ref_axis',(0.707106781186547,0.707106781186548,0.));
#4005=DIRECTION('center_axis',(0.,0.,-1.));
#4006=DIRECTION('ref_axis',(0.707106781186547,0.707106781186548,0.));
#4007=DIRECTION('',(0.,0.,1.));
#4008=DIRECTION('center_axis',(0.,0.,1.));
#4009=DIRECTION('ref_axis',(0.707106781186547,0.707106781186548,0.));
#4010=DIRECTION('center_axis',(0.,0.,1.));
#4011=DIRECTION('ref_axis',(-0.707106781186548,0.707106781186548,0.));
#4012=DIRECTION('center_axis',(0.,0.,1.));
#4013=DIRECTION('ref_axis',(-0.707106781186548,0.707106781186548,0.));
#4014=DIRECTION('',(0.,0.,-1.));
#4015=DIRECTION('center_axis',(0.,0.,-1.));
#4016=DIRECTION('ref_axis',(-0.707106781186548,0.707106781186548,0.));
#4017=DIRECTION('',(0.,0.,1.));
#4018=DIRECTION('center_axis',(-0.707106781186548,0.707106781186547,0.));
#4019=DIRECTION('ref_axis',(0.707106781186547,0.707106781186548,0.));
#4020=DIRECTION('',(0.707106781186547,0.707106781186548,0.));
#4021=DIRECTION('',(0.,0.,-1.));
#4022=DIRECTION('',(-0.707106781186547,-0.707106781186548,0.));
#4023=DIRECTION('center_axis',(0.,0.,-1.));
#4024=DIRECTION('ref_axis',(1.57009245868377E-15,-1.,0.));
#4025=DIRECTION('center_axis',(0.,0.,1.));
#4026=DIRECTION('ref_axis',(1.57009245868377E-15,-1.,0.));
#4027=DIRECTION('center_axis',(0.,0.,-1.));
#4028=DIRECTION('ref_axis',(1.57009245868377E-15,-1.,0.));
#4029=DIRECTION('',(0.,0.,1.));
#4030=DIRECTION('center_axis',(0.,0.,1.));
#4031=DIRECTION('ref_axis',(-1.,-1.57009245868378E-15,0.));
#4032=DIRECTION('center_axis',(0.,0.,-1.));
#4033=DIRECTION('ref_axis',(-1.,-1.57009245868378E-15,0.));
#4034=DIRECTION('center_axis',(0.,0.,1.));
#4035=DIRECTION('ref_axis',(-1.,-1.57009245868378E-15,0.));
#4036=DIRECTION('',(0.,0.,-1.));
#4037=DIRECTION('center_axis',(0.,0.,-1.));
#4038=DIRECTION('ref_axis',(-1.,0.,0.));
#4039=DIRECTION('center_axis',(0.,0.,1.));
#4040=DIRECTION('ref_axis',(-1.,0.,0.));
#4041=DIRECTION('center_axis',(0.,0.,-1.));
#4042=DIRECTION('ref_axis',(-1.,0.,0.));
#4043=DIRECTION('',(0.,0.,1.));
#4044=DIRECTION('center_axis',(0.,0.,1.));
#4045=DIRECTION('ref_axis',(1.,0.,0.));
#4046=DIRECTION('center_axis',(0.,0.,-1.));
#4047=DIRECTION('ref_axis',(1.,0.,0.));
#4048=DIRECTION('center_axis',(0.,0.,1.));
#4049=DIRECTION('ref_axis',(1.,0.,0.));
#4050=DIRECTION('',(0.,0.,-1.));
#4051=DIRECTION('center_axis',(0.,0.,-1.));
#4052=DIRECTION('ref_axis',(1.,0.,0.));
#4053=DIRECTION('center_axis',(0.,0.,1.));
#4054=DIRECTION('ref_axis',(1.,0.,0.));
#4055=DIRECTION('center_axis',(0.,0.,-1.));
#4056=DIRECTION('ref_axis',(1.,0.,0.));
#4057=DIRECTION('',(0.,0.,1.));
#4058=DIRECTION('center_axis',(0.,1.,0.));
#4059=DIRECTION('ref_axis',(1.,0.,0.));
#4060=DIRECTION('',(1.,0.,0.));
#4061=DIRECTION('',(-1.,0.,0.));
#4062=DIRECTION('center_axis',(0.,0.,1.));
#4063=DIRECTION('ref_axis',(1.,0.,0.));
#4064=DIRECTION('',(0.707106781186547,0.707106781186548,0.));
#4065=DIRECTION('center_axis',(0.,0.,-1.));
#4066=DIRECTION('ref_axis',(-0.939692620785908,0.342020143325669,0.));
#4067=DIRECTION('',(-0.0871557427476583,0.996194698091746,0.));
#4068=DIRECTION('center_axis',(0.,0.,1.));
#4069=DIRECTION('ref_axis',(0.939692620785909,-0.342020143325666,0.));
#4070=DIRECTION('',(0.707106781186546,0.707106781186549,0.));
#4071=DIRECTION('center_axis',(0.,0.,1.));
#4072=DIRECTION('ref_axis',(-1.,1.22464679914735E-16,0.));
#4073=DIRECTION('',(-0.707106781186548,-0.707106781186548,0.));
#4074=DIRECTION('center_axis',(0.,0.,1.));
#4075=DIRECTION('ref_axis',(-0.342020143325668,0.939692620785909,0.));
#4076=DIRECTION('',(-0.996194698091745,0.0871557427476601,0.));
#4077=DIRECTION('center_axis',(0.,0.,-1.));
#4078=DIRECTION('ref_axis',(0.342020143325668,-0.939692620785909,0.));
#4079=DIRECTION('',(-0.707106781186547,-0.707106781186548,0.));
#4080=DIRECTION('center_axis',(0.,0.,-1.));
#4081=DIRECTION('ref_axis',(0.923879532511287,-0.382683432365089,0.));
#4082=DIRECTION('',(-3.1720657846433E-16,1.,0.));
#4083=DIRECTION('center_axis',(0.,0.,-1.));
#4084=DIRECTION('ref_axis',(0.707106781186548,0.707106781186547,0.));
#4085=DIRECTION('',(-1.,-1.1148166937683E-16,0.));
#4086=DIRECTION('center_axis',(0.,0.,-1.));
#4087=DIRECTION('ref_axis',(-0.547722557505167,0.836660026534075,0.));
#4088=DIRECTION('center_axis',(0.,0.,-1.));
#4089=DIRECTION('ref_axis',(-1.,1.22464679914735E-16,0.));
#4090=DIRECTION('',(1.22464679914735E-16,1.,0.));
#4091=DIRECTION('center_axis',(0.,0.,-1.));
#4092=DIRECTION('ref_axis',(-1.,1.22464679914735E-16,0.));
#4093=DIRECTION('center_axis',(0.,0.,-1.));
#4094=DIRECTION('ref_axis',(-0.547722557505166,-0.836660026534076,0.));
#4095=DIRECTION('',(1.,3.3499552946308E-17,0.));
#4096=DIRECTION('center_axis',(0.,0.,-1.));
#4097=DIRECTION('ref_axis',(0.707106781186547,-0.707106781186548,0.));
#4098=DIRECTION('',(-3.1720657846433E-16,1.,0.));
#4099=DIRECTION('center_axis',(0.,0.,-1.));
#4100=DIRECTION('ref_axis',(0.923879532511286,0.382683432365091,0.));
#4101=DIRECTION('',(0.707106781186548,-0.707106781186547,0.));
#4102=DIRECTION('center_axis',(0.,0.,-1.));
#4103=DIRECTION('ref_axis',(0.342020143325669,0.939692620785908,0.));
#4104=DIRECTION('',(0.996194698091746,0.0871557427476583,0.));
#4105=DIRECTION('center_axis',(0.,0.,1.));
#4106=DIRECTION('ref_axis',(-0.342020143325669,-0.939692620785908,0.));
#4107=DIRECTION('',(0.707106781186549,-0.707106781186546,0.));
#4108=DIRECTION('center_axis',(0.,0.,1.));
#4109=DIRECTION('ref_axis',(6.12323399573677E-17,1.,0.));
#4110=DIRECTION('',(-0.707106781186548,0.707106781186548,0.));
#4111=DIRECTION('center_axis',(0.,0.,1.));
#4112=DIRECTION('ref_axis',(0.939692620785908,0.342020143325669,0.));
#4113=DIRECTION('',(0.0871557427476601,0.996194698091745,0.));
#4114=DIRECTION('center_axis',(0.,0.,-1.));
#4115=DIRECTION('ref_axis',(-0.939692620785909,-0.342020143325668,0.));
#4116=DIRECTION('',(-0.707106781186548,0.707106781186547,0.));
#4117=DIRECTION('center_axis',(0.,0.,-1.));
#4118=DIRECTION('ref_axis',(6.12323399573677E-17,1.,0.));
#4119=DIRECTION('',(1.,-6.12323399573677E-17,0.));
#4120=DIRECTION('center_axis',(0.,0.,-1.));
#4121=DIRECTION('ref_axis',(6.12323399573677E-17,1.,0.));
#4122=DIRECTION('',(-0.707106781186547,-0.707106781186548,0.));
#4123=DIRECTION('center_axis',(0.,0.,-1.));
#4124=DIRECTION('ref_axis',(0.939692620785909,-0.342020143325668,0.));
#4125=DIRECTION('',(0.0871557427476584,-0.996194698091746,0.));
#4126=DIRECTION('center_axis',(0.,0.,1.));
#4127=DIRECTION('ref_axis',(-0.939692620785909,0.342020143325667,0.));
#4128=DIRECTION('',(-0.707106781186546,-0.707106781186549,0.));
#4129=DIRECTION('center_axis',(0.,0.,1.));
#4130=DIRECTION('ref_axis',(1.,0.,0.));
#4131=DIRECTION('',(0.707106781186548,0.707106781186548,0.));
#4132=DIRECTION('center_axis',(0.,0.,1.));
#4133=DIRECTION('ref_axis',(0.342020143325669,-0.939692620785908,0.));
#4134=DIRECTION('',(0.996194698091745,-0.08715574274766,0.));
#4135=DIRECTION('center_axis',(0.,0.,-1.));
#4136=DIRECTION('ref_axis',(-0.342020143325669,0.939692620785908,0.));
#4137=DIRECTION('',(0.707106781186547,0.707106781186548,0.));
#4138=DIRECTION('center_axis',(0.,0.,-1.));
#4139=DIRECTION('ref_axis',(-0.923879532511287,0.382683432365089,0.));
#4140=DIRECTION('',(4.75809867696496E-16,-1.,0.));
#4141=DIRECTION('center_axis',(0.,0.,-1.));
#4142=DIRECTION('ref_axis',(-0.707106781186548,-0.707106781186547,0.));
#4143=DIRECTION('',(1.,2.33946349291565E-16,0.));
#4144=DIRECTION('center_axis',(0.,0.,-1.));
#4145=DIRECTION('ref_axis',(0.547722557505166,-0.836660026534075,0.));
#4146=DIRECTION('center_axis',(0.,0.,-1.));
#4147=DIRECTION('ref_axis',(1.,0.,0.));
#4148=DIRECTION('',(0.,-1.,0.));
#4149=DIRECTION('center_axis',(0.,0.,-1.));
#4150=DIRECTION('ref_axis',(1.,0.,0.));
#4151=DIRECTION('center_axis',(0.,0.,-1.));
#4152=DIRECTION('ref_axis',(0.547722557505166,0.836660026534076,0.));
#4153=DIRECTION('',(-1.,-1.55964232861043E-16,0.));
#4154=DIRECTION('center_axis',(0.,0.,-1.));
#4155=DIRECTION('ref_axis',(-0.707106781186548,0.707106781186547,0.));
#4156=DIRECTION('',(4.75809867696496E-16,-1.,0.));
#4157=DIRECTION('center_axis',(0.,0.,-1.));
#4158=DIRECTION('ref_axis',(-0.923879532511286,-0.382683432365091,0.));
#4159=DIRECTION('',(-0.707106781186547,0.707106781186548,0.));
#4160=DIRECTION('center_axis',(0.,0.,-1.));
#4161=DIRECTION('ref_axis',(-0.342020143325668,-0.939692620785909,0.));
#4162=DIRECTION('',(-0.996194698091746,-0.0871557427476582,0.));
#4163=DIRECTION('center_axis',(0.,0.,1.));
#4164=DIRECTION('ref_axis',(0.342020143325667,0.939692620785909,0.));
#4165=DIRECTION('',(-0.707106781186548,0.707106781186547,0.));
#4166=DIRECTION('center_axis',(0.,0.,1.));
#4167=DIRECTION('ref_axis',(-1.83697019872103E-16,-1.,0.));
#4168=DIRECTION('',(0.707106781186547,-0.707106781186548,0.));
#4169=DIRECTION('center_axis',(0.,0.,1.));
#4170=DIRECTION('ref_axis',(-0.939692620785908,-0.342020143325669,0.));
#4171=DIRECTION('',(-0.0871557427476602,-0.996194698091745,0.));
#4172=DIRECTION('center_axis',(0.,0.,-1.));
#4173=DIRECTION('ref_axis',(0.939692620785909,0.342020143325668,0.));
#4174=DIRECTION('',(0.707106781186548,-0.707106781186548,0.));
#4175=DIRECTION('center_axis',(0.,0.,-1.));
#4176=DIRECTION('ref_axis',(-1.83697019872103E-16,-1.,0.));
#4177=DIRECTION('',(-1.,1.83697019872103E-16,0.));
#4178=DIRECTION('center_axis',(0.,0.,-1.));
#4179=DIRECTION('ref_axis',(-1.83697019872103E-16,-1.,0.));
#4180=DIRECTION('center_axis',(0.,0.,1.));
#4181=DIRECTION('ref_axis',(1.83697019872103E-16,1.,0.));
#4182=DIRECTION('center_axis',(0.,0.,1.));
#4183=DIRECTION('ref_axis',(1.83697019872103E-16,1.,0.));
#4184=DIRECTION('center_axis',(0.,0.,1.));
#4185=DIRECTION('ref_axis',(1.,-1.22464679914735E-16,0.));
#4186=DIRECTION('center_axis',(0.,0.,1.));
#4187=DIRECTION('ref_axis',(1.,-1.22464679914735E-16,0.));
#4188=DIRECTION('center_axis',(0.,0.,1.));
#4189=DIRECTION('ref_axis',(-6.12323399573677E-17,-1.,0.));
#4190=DIRECTION('center_axis',(0.,0.,1.));
#4191=DIRECTION('ref_axis',(-6.12323399573677E-17,-1.,0.));
#4192=DIRECTION('center_axis',(0.,0.,1.));
#4193=DIRECTION('ref_axis',(-1.,0.,0.));
#4194=DIRECTION('center_axis',(0.,0.,1.));
#4195=DIRECTION('ref_axis',(-1.,0.,0.));
#4196=DIRECTION('center_axis',(0.,0.,1.));
#4197=DIRECTION('ref_axis',(1.,0.,0.));
#4198=DIRECTION('center_axis',(0.,0.,1.));
#4199=DIRECTION('ref_axis',(1.,0.,0.));
#4200=DIRECTION('center_axis',(0.,0.,1.));
#4201=DIRECTION('ref_axis',(1.,0.,0.));
#4202=DIRECTION('center_axis',(0.,0.,1.));
#4203=DIRECTION('ref_axis',(1.,0.,0.));
#4204=DIRECTION('',(-0.707106781186547,-0.707106781186548,0.));
#4205=DIRECTION('center_axis',(0.,0.,-1.));
#4206=DIRECTION('ref_axis',(0.923879532511288,0.382683432365087,0.));
#4207=DIRECTION('',(-1.,-3.70074341541719E-16,0.));
#4208=DIRECTION('center_axis',(0.,0.,-1.));
#4209=DIRECTION('ref_axis',(-0.923879532511288,0.382683432365088,0.));
#4210=DIRECTION('',(-0.707106781186548,0.707106781186547,0.));
#4211=DIRECTION('center_axis',(0.,0.,-1.));
#4212=DIRECTION('ref_axis',(9.81307786677361E-17,-1.,0.));
#4213=DIRECTION('',(1.2335811384724E-16,-1.,0.));
#4214=DIRECTION('center_axis',(0.,0.,-1.));
#4215=DIRECTION('ref_axis',(-0.382683432365093,-0.923879532511285,0.));
#4216=DIRECTION('',(-0.707106781186547,-0.707106781186548,0.));
#4217=DIRECTION('center_axis',(0.,0.,-1.));
#4218=DIRECTION('ref_axis',(1.,2.94392336003208E-16,0.));
#4219=DIRECTION('',(0.707106781186548,-0.707106781186547,0.));
#4220=DIRECTION('center_axis',(0.,0.,-1.));
#4221=DIRECTION('ref_axis',(-0.382683432365094,0.923879532511285,0.));
#4222=DIRECTION('',(1.,2.46716227694479E-16,0.));
#4223=DIRECTION('center_axis',(0.,0.,-1.));
#4224=DIRECTION('ref_axis',(0.923879532511287,-0.38268343236509,0.));
#4225=DIRECTION('',(0.707106781186548,-0.707106781186548,0.));
#4226=DIRECTION('center_axis',(0.,0.,-1.));
#4227=DIRECTION('ref_axis',(-2.94392336003208E-16,1.,0.));
#4228=DIRECTION('',(0.707106781186547,0.707106781186548,0.));
#4229=DIRECTION('center_axis',(0.,0.,-1.));
#4230=DIRECTION('ref_axis',(-0.923879532511285,-0.382683432365093,0.));
#4231=DIRECTION('center_axis',(0.,0.,-1.));
#4232=DIRECTION('ref_axis',(-1.,0.,0.));
#4233=DIRECTION('center_axis',(0.,0.,-1.));
#4234=DIRECTION('ref_axis',(-1.,0.,0.));
#4235=DIRECTION('center_axis',(0.,0.,-1.));
#4236=DIRECTION('ref_axis',(-1.,0.,0.));
#4237=DIRECTION('center_axis',(0.,0.,-1.));
#4238=DIRECTION('ref_axis',(-1.,0.,0.));
#4239=DIRECTION('center_axis',(0.,0.,-1.));
#4240=DIRECTION('ref_axis',(-1.,0.,0.));
#4241=DIRECTION('center_axis',(0.,0.,-1.));
#4242=DIRECTION('ref_axis',(1.83697019872103E-16,1.,0.));
#4243=DIRECTION('center_axis',(0.,0.,-1.));
#4244=DIRECTION('ref_axis',(1.83697019872103E-16,1.,0.));
#4245=DIRECTION('center_axis',(0.,0.,-1.));
#4246=DIRECTION('ref_axis',(1.83697019872103E-16,1.,0.));
#4247=DIRECTION('center_axis',(0.,0.,-1.));
#4248=DIRECTION('ref_axis',(1.83697019872103E-16,1.,0.));
#4249=DIRECTION('center_axis',(0.,0.,-1.));
#4250=DIRECTION('ref_axis',(1.83697019872103E-16,1.,0.));
#4251=DIRECTION('center_axis',(0.,0.,-1.));
#4252=DIRECTION('ref_axis',(1.,-1.22464679914735E-16,0.));
#4253=DIRECTION('center_axis',(0.,0.,-1.));
#4254=DIRECTION('ref_axis',(1.,-1.22464679914735E-16,0.));
#4255=DIRECTION('center_axis',(0.,0.,-1.));
#4256=DIRECTION('ref_axis',(1.,-1.22464679914735E-16,0.));
#4257=DIRECTION('center_axis',(0.,0.,-1.));
#4258=DIRECTION('ref_axis',(1.,-1.22464679914735E-16,0.));
#4259=DIRECTION('center_axis',(0.,0.,-1.));
#4260=DIRECTION('ref_axis',(1.,-1.22464679914735E-16,0.));
#4261=DIRECTION('',(-2.46716227694479E-16,1.,0.));
#4262=DIRECTION('center_axis',(0.,0.,-1.));
#4263=DIRECTION('ref_axis',(0.382683432365092,0.923879532511286,0.));
#4264=DIRECTION('',(0.707106781186547,0.707106781186548,0.));
#4265=DIRECTION('center_axis',(0.,0.,-1.));
#4266=DIRECTION('ref_axis',(-1.,9.81307786677361E-17,0.));
#4267=DIRECTION('',(-0.707106781186547,0.707106781186548,0.));
#4268=DIRECTION('center_axis',(0.,0.,-1.));
#4269=DIRECTION('ref_axis',(0.382683432365097,-0.923879532511284,0.));
#4270=DIRECTION('center_axis',(0.,0.,-1.));
#4271=DIRECTION('ref_axis',(-6.12323399573677E-17,-1.,0.));
#4272=DIRECTION('center_axis',(0.,0.,-1.));
#4273=DIRECTION('ref_axis',(-6.12323399573677E-17,-1.,0.));
#4274=DIRECTION('center_axis',(0.,0.,-1.));
#4275=DIRECTION('ref_axis',(-6.12323399573677E-17,-1.,0.));
#4276=DIRECTION('center_axis',(0.,0.,-1.));
#4277=DIRECTION('ref_axis',(-6.12323399573677E-17,-1.,0.));
#4278=DIRECTION('center_axis',(0.,0.,-1.));
#4279=DIRECTION('ref_axis',(-6.12323399573677E-17,-1.,0.));
#4280=DIRECTION('',(1.,7.93016446160826E-17,0.));
#4281=DIRECTION('center_axis',(0.,0.,-1.));
#4282=DIRECTION('ref_axis',(0.38268343236509,-0.923879532511287,0.));
#4283=DIRECTION('',(-0.707106781186547,-0.707106781186548,0.));
#4284=DIRECTION('',(-1.,0.,0.));
#4285=DIRECTION('',(-0.707106781186548,0.707106781186547,0.));
#4286=DIRECTION('center_axis',(0.,0.,-1.));
#4287=DIRECTION('ref_axis',(-0.38268343236509,-0.923879532511287,0.));
#4288=DIRECTION('',(-1.,-3.1720657846433E-16,0.));
#4289=DIRECTION('center_axis',(0.,0.,-1.));
#4290=DIRECTION('ref_axis',(-0.38268343236509,0.923879532511287,0.));
#4291=DIRECTION('',(0.707106781186547,0.707106781186548,0.));
#4292=DIRECTION('',(0.707106781186548,-0.707106781186548,0.));
#4293=DIRECTION('center_axis',(0.,0.,-1.));
#4294=DIRECTION('ref_axis',(0.38268343236509,0.923879532511287,0.));
#4295=DIRECTION('center_axis',(0.707106781186548,-0.707106781186547,0.));
#4296=DIRECTION('ref_axis',(0.707106781186547,0.707106781186548,0.));
#4297=DIRECTION('',(0.707106781186547,0.707106781186548,0.));
#4298=DIRECTION('',(0.,0.,1.));
#4299=DIRECTION('center_axis',(0.707106781186548,-0.707106781186547,0.));
#4300=DIRECTION('ref_axis',(0.707106781186547,0.707106781186548,0.));
#4301=DIRECTION('',(0.,0.,-1.));
#4302=DIRECTION('',(0.707106781186547,0.707106781186548,0.));
#4303=DIRECTION('center_axis',(-0.707106781186548,-0.707106781186548,0.));
#4304=DIRECTION('ref_axis',(0.707106781186548,-0.707106781186548,0.));
#4305=DIRECTION('',(0.,0.,-1.));
#4306=DIRECTION('',(0.707106781186548,-0.707106781186548,0.));
#4307=DIRECTION('center_axis',(-0.707106781186548,-0.707106781186548,0.));
#4308=DIRECTION('ref_axis',(0.707106781186548,-0.707106781186548,0.));
#4309=DIRECTION('',(0.707106781186548,-0.707106781186548,0.));
#4310=DIRECTION('',(0.,0.,1.));
#4311=DIRECTION('center_axis',(0.,1.,0.));
#4312=DIRECTION('ref_axis',(1.,0.,0.));
#4313=DIRECTION('',(1.,0.,0.));
#4314=DIRECTION('center_axis',(0.,0.,1.));
#4315=DIRECTION('ref_axis',(1.,0.,0.));
#4316=DIRECTION('center_axis',(0.,0.,1.));
#4317=DIRECTION('ref_axis',(-1.83697019872103E-16,-1.,0.));
#4318=DIRECTION('',(1.,-1.83697019872103E-16,0.));
#4319=DIRECTION('center_axis',(0.,0.,1.));
#4320=DIRECTION('ref_axis',(-1.83697019872103E-16,-1.,0.));
#4321=DIRECTION('center_axis',(0.,0.,1.));
#4322=DIRECTION('ref_axis',(0.939692620785909,0.342020143325668,0.));
#4323=DIRECTION('',(-0.0871557427476602,-0.996194698091745,0.));
#4324=DIRECTION('center_axis',(0.,0.,-1.));
#4325=DIRECTION('ref_axis',(-0.939692620785908,-0.342020143325669,0.));
#4326=DIRECTION('',(0.707106781186547,-0.707106781186548,0.));
#4327=DIRECTION('center_axis',(0.,0.,1.));
#4328=DIRECTION('ref_axis',(-1.83697019872103E-16,-1.,0.));
#4329=DIRECTION('',(-0.707106781186548,0.707106781186547,0.));
#4330=DIRECTION('center_axis',(0.,0.,-1.));
#4331=DIRECTION('ref_axis',(0.342020143325667,0.939692620785909,0.));
#4332=DIRECTION('',(-0.996194698091746,-0.0871557427476582,0.));
#4333=DIRECTION('center_axis',(0.,0.,1.));
#4334=DIRECTION('ref_axis',(-0.342020143325668,-0.939692620785909,0.));
#4335=DIRECTION('',(-0.707106781186547,0.707106781186548,0.));
#4336=DIRECTION('center_axis',(0.,0.,1.));
#4337=DIRECTION('ref_axis',(-0.923879532511286,-0.382683432365091,0.));
#4338=DIRECTION('',(-4.75809867696496E-16,1.,0.));
#4339=DIRECTION('center_axis',(0.,0.,1.));
#4340=DIRECTION('ref_axis',(-0.707106781186548,0.707106781186547,0.));
#4341=DIRECTION('',(1.,1.55964232861043E-16,0.));
#4342=DIRECTION('center_axis',(0.,0.,1.));
#4343=DIRECTION('ref_axis',(0.547722557505166,0.836660026534076,0.));
#4344=DIRECTION('center_axis',(0.,0.,1.));
#4345=DIRECTION('ref_axis',(1.,0.,0.));
#4346=DIRECTION('',(0.,1.,0.));
#4347=DIRECTION('center_axis',(0.,0.,1.));
#4348=DIRECTION('ref_axis',(1.,0.,0.));
#4349=DIRECTION('center_axis',(0.,0.,1.));
#4350=DIRECTION('ref_axis',(0.547722557505166,-0.836660026534075,0.));
#4351=DIRECTION('',(-1.,-2.33946349291565E-16,0.));
#4352=DIRECTION('center_axis',(0.,0.,1.));
#4353=DIRECTION('ref_axis',(-0.707106781186548,-0.707106781186547,0.));
#4354=DIRECTION('',(-4.75809867696496E-16,1.,0.));
#4355=DIRECTION('center_axis',(0.,0.,1.));
#4356=DIRECTION('ref_axis',(-0.923879532511287,0.382683432365089,0.));
#4357=DIRECTION('',(0.707106781186547,0.707106781186548,0.));
#4358=DIRECTION('center_axis',(0.,0.,1.));
#4359=DIRECTION('ref_axis',(-0.342020143325669,0.939692620785908,0.));
#4360=DIRECTION('',(0.996194698091745,-0.08715574274766,0.));
#4361=DIRECTION('center_axis',(0.,0.,-1.));
#4362=DIRECTION('ref_axis',(0.342020143325669,-0.939692620785908,0.));
#4363=DIRECTION('',(0.707106781186548,0.707106781186548,0.));
#4364=DIRECTION('center_axis',(0.,0.,1.));
#4365=DIRECTION('ref_axis',(1.,0.,0.));
#4366=DIRECTION('',(-0.707106781186546,-0.707106781186549,0.));
#4367=DIRECTION('center_axis',(0.,0.,-1.));
#4368=DIRECTION('ref_axis',(-0.939692620785909,0.342020143325667,0.));
#4369=DIRECTION('',(0.0871557427476584,-0.996194698091746,0.));
#4370=DIRECTION('center_axis',(0.,0.,1.));
#4371=DIRECTION('ref_axis',(0.939692620785909,-0.342020143325668,0.));
#4372=DIRECTION('',(-0.707106781186547,-0.707106781186548,0.));
#4373=DIRECTION('center_axis',(0.,0.,1.));
#4374=DIRECTION('ref_axis',(6.12323399573677E-17,1.,0.));
#4375=DIRECTION('',(-1.,6.12323399573677E-17,0.));
#4376=DIRECTION('center_axis',(0.,0.,1.));
#4377=DIRECTION('ref_axis',(6.12323399573677E-17,1.,0.));
#4378=DIRECTION('',(-0.707106781186548,0.707106781186547,0.));
#4379=DIRECTION('center_axis',(0.,0.,1.));
#4380=DIRECTION('ref_axis',(-0.939692620785909,-0.342020143325668,0.));
#4381=DIRECTION('',(0.0871557427476601,0.996194698091745,0.));
#4382=DIRECTION('center_axis',(0.,0.,-1.));
#4383=DIRECTION('ref_axis',(0.939692620785908,0.342020143325669,0.));
#4384=DIRECTION('',(-0.707106781186548,0.707106781186548,0.));
#4385=DIRECTION('center_axis',(0.,0.,1.));
#4386=DIRECTION('ref_axis',(6.12323399573677E-17,1.,0.));
#4387=DIRECTION('',(0.707106781186549,-0.707106781186546,0.));
#4388=DIRECTION('center_axis',(0.,0.,-1.));
#4389=DIRECTION('ref_axis',(-0.342020143325669,-0.939692620785908,0.));
#4390=DIRECTION('',(0.996194698091746,0.0871557427476583,0.));
#4391=DIRECTION('center_axis',(0.,0.,1.));
#4392=DIRECTION('ref_axis',(0.342020143325669,0.939692620785908,0.));
#4393=DIRECTION('',(0.707106781186548,-0.707106781186547,0.));
#4394=DIRECTION('center_axis',(0.,0.,1.));
#4395=DIRECTION('ref_axis',(0.923879532511286,0.382683432365091,0.));
#4396=DIRECTION('',(3.1720657846433E-16,-1.,0.));
#4397=DIRECTION('center_axis',(0.,0.,1.));
#4398=DIRECTION('ref_axis',(0.707106781186547,-0.707106781186548,0.));
#4399=DIRECTION('',(-1.,-3.3499552946308E-17,0.));
#4400=DIRECTION('center_axis',(0.,0.,1.));
#4401=DIRECTION('ref_axis',(-0.547722557505166,-0.836660026534076,0.));
#4402=DIRECTION('center_axis',(0.,0.,1.));
#4403=DIRECTION('ref_axis',(-1.,1.22464679914735E-16,0.));
#4404=DIRECTION('',(-1.22464679914735E-16,-1.,0.));
#4405=DIRECTION('center_axis',(0.,0.,1.));
#4406=DIRECTION('ref_axis',(-1.,1.22464679914735E-16,0.));
#4407=DIRECTION('center_axis',(0.,0.,1.));
#4408=DIRECTION('ref_axis',(-0.547722557505167,0.836660026534075,0.));
#4409=DIRECTION('',(1.,1.1148166937683E-16,0.));
#4410=DIRECTION('center_axis',(0.,0.,1.));
#4411=DIRECTION('ref_axis',(0.707106781186548,0.707106781186547,0.));
#4412=DIRECTION('',(3.1720657846433E-16,-1.,0.));
#4413=DIRECTION('center_axis',(0.,0.,1.));
#4414=DIRECTION('ref_axis',(0.923879532511287,-0.382683432365089,0.));
#4415=DIRECTION('',(-0.707106781186547,-0.707106781186548,0.));
#4416=DIRECTION('center_axis',(0.,0.,1.));
#4417=DIRECTION('ref_axis',(0.342020143325668,-0.939692620785909,0.));
#4418=DIRECTION('',(-0.996194698091745,0.0871557427476601,0.));
#4419=DIRECTION('center_axis',(0.,0.,-1.));
#4420=DIRECTION('ref_axis',(-0.342020143325668,0.939692620785909,0.));
#4421=DIRECTION('',(-0.707106781186548,-0.707106781186548,0.));
#4422=DIRECTION('center_axis',(0.,0.,1.));
#4423=DIRECTION('ref_axis',(-1.,1.22464679914735E-16,0.));
#4424=DIRECTION('',(0.707106781186546,0.707106781186549,0.));
#4425=DIRECTION('center_axis',(0.,0.,-1.));
#4426=DIRECTION('ref_axis',(0.939692620785909,-0.342020143325666,0.));
#4427=DIRECTION('',(-0.0871557427476583,0.996194698091746,0.));
#4428=DIRECTION('center_axis',(0.,0.,1.));
#4429=DIRECTION('ref_axis',(-0.939692620785908,0.342020143325669,0.));
#4430=DIRECTION('',(1.,3.1720657846433E-16,0.));
#4431=DIRECTION('center_axis',(0.,0.,1.));
#4432=DIRECTION('ref_axis',(0.38268343236509,0.923879532511287,0.));
#4433=DIRECTION('center_axis',(0.,0.,1.));
#4434=DIRECTION('ref_axis',(-0.38268343236509,0.923879532511287,0.));
#4435=DIRECTION('center_axis',(0.,0.,-1.));
#4436=DIRECTION('ref_axis',(1.83697019872103E-16,1.,0.));
#4437=DIRECTION('center_axis',(0.,0.,-1.));
#4438=DIRECTION('ref_axis',(1.83697019872103E-16,1.,0.));
#4439=DIRECTION('center_axis',(0.,0.,-1.));
#4440=DIRECTION('ref_axis',(1.,-1.22464679914735E-16,0.));
#4441=DIRECTION('center_axis',(0.,0.,-1.));
#4442=DIRECTION('ref_axis',(1.,-1.22464679914735E-16,0.));
#4443=DIRECTION('center_axis',(0.,0.,-1.));
#4444=DIRECTION('ref_axis',(-6.12323399573677E-17,-1.,0.));
#4445=DIRECTION('center_axis',(0.,0.,-1.));
#4446=DIRECTION('ref_axis',(-6.12323399573677E-17,-1.,0.));
#4447=DIRECTION('center_axis',(0.,0.,-1.));
#4448=DIRECTION('ref_axis',(-1.,0.,0.));
#4449=DIRECTION('center_axis',(0.,0.,-1.));
#4450=DIRECTION('ref_axis',(-1.,0.,0.));
#4451=DIRECTION('center_axis',(0.,0.,-1.));
#4452=DIRECTION('ref_axis',(1.,0.,0.));
#4453=DIRECTION('center_axis',(0.,0.,-1.));
#4454=DIRECTION('ref_axis',(1.,0.,0.));
#4455=DIRECTION('center_axis',(0.,0.,-1.));
#4456=DIRECTION('ref_axis',(1.,0.,0.));
#4457=DIRECTION('center_axis',(0.,0.,-1.));
#4458=DIRECTION('ref_axis',(1.,0.,0.));
#4459=DIRECTION('',(0.707106781186548,-0.707106781186547,0.));
#4460=DIRECTION('center_axis',(0.,0.,1.));
#4461=DIRECTION('ref_axis',(1.,2.94392336003208E-16,0.));
#4462=DIRECTION('',(-0.707106781186547,-0.707106781186548,0.));
#4463=DIRECTION('center_axis',(0.,0.,1.));
#4464=DIRECTION('ref_axis',(-0.382683432365093,-0.923879532511285,0.));
#4465=DIRECTION('',(-1.2335811384724E-16,1.,0.));
#4466=DIRECTION('center_axis',(0.,0.,1.));
#4467=DIRECTION('ref_axis',(-0.382683432365094,0.923879532511285,0.));
#4468=DIRECTION('',(0.707106781186547,0.707106781186548,0.));
#4469=DIRECTION('center_axis',(0.,0.,1.));
#4470=DIRECTION('ref_axis',(-2.94392336003208E-16,1.,0.));
#4471=DIRECTION('',(0.707106781186548,-0.707106781186548,0.));
#4472=DIRECTION('center_axis',(0.,0.,1.));
#4473=DIRECTION('ref_axis',(0.923879532511287,-0.38268343236509,0.));
#4474=DIRECTION('',(-1.,-2.46716227694479E-16,0.));
#4475=DIRECTION('center_axis',(0.,0.,1.));
#4476=DIRECTION('ref_axis',(-0.923879532511285,-0.382683432365093,0.));
#4477=DIRECTION('',(-0.707106781186547,0.707106781186548,0.));
#4478=DIRECTION('center_axis',(0.,0.,1.));
#4479=DIRECTION('ref_axis',(-1.,9.81307786677361E-17,0.));
#4480=DIRECTION('',(0.707106781186547,0.707106781186548,0.));
#4481=DIRECTION('center_axis',(0.,0.,1.));
#4482=DIRECTION('ref_axis',(0.382683432365092,0.923879532511286,0.));
#4483=DIRECTION('',(2.46716227694479E-16,-1.,0.));
#4484=DIRECTION('center_axis',(0.,0.,1.));
#4485=DIRECTION('ref_axis',(0.382683432365097,-0.923879532511284,0.));
#4486=DIRECTION('center_axis',(0.,0.,-1.));
#4487=DIRECTION('ref_axis',(-1.,0.,0.));
#4488=DIRECTION('center_axis',(0.,0.,-1.));
#4489=DIRECTION('ref_axis',(-1.,0.,0.));
#4490=DIRECTION('center_axis',(0.,0.,-1.));
#4491=DIRECTION('ref_axis',(-1.,0.,0.));
#4492=DIRECTION('center_axis',(0.,0.,-1.));
#4493=DIRECTION('ref_axis',(-1.,0.,0.));
#4494=DIRECTION('center_axis',(0.,0.,-1.));
#4495=DIRECTION('ref_axis',(-1.,0.,0.));
#4496=DIRECTION('center_axis',(0.,0.,-1.));
#4497=DIRECTION('ref_axis',(1.83697019872103E-16,1.,0.));
#4498=DIRECTION('center_axis',(0.,0.,-1.));
#4499=DIRECTION('ref_axis',(1.83697019872103E-16,1.,0.));
#4500=DIRECTION('center_axis',(0.,0.,-1.));
#4501=DIRECTION('ref_axis',(1.83697019872103E-16,1.,0.));
#4502=DIRECTION('center_axis',(0.,0.,-1.));
#4503=DIRECTION('ref_axis',(1.83697019872103E-16,1.,0.));
#4504=DIRECTION('center_axis',(0.,0.,-1.));
#4505=DIRECTION('ref_axis',(1.83697019872103E-16,1.,0.));
#4506=DIRECTION('center_axis',(0.,0.,-1.));
#4507=DIRECTION('ref_axis',(1.,-1.22464679914735E-16,0.));
#4508=DIRECTION('center_axis',(0.,0.,-1.));
#4509=DIRECTION('ref_axis',(1.,-1.22464679914735E-16,0.));
#4510=DIRECTION('center_axis',(0.,0.,-1.));
#4511=DIRECTION('ref_axis',(1.,-1.22464679914735E-16,0.));
#4512=DIRECTION('center_axis',(0.,0.,-1.));
#4513=DIRECTION('ref_axis',(1.,-1.22464679914735E-16,0.));
#4514=DIRECTION('center_axis',(0.,0.,-1.));
#4515=DIRECTION('ref_axis',(1.,-1.22464679914735E-16,0.));
#4516=DIRECTION('center_axis',(0.,0.,-1.));
#4517=DIRECTION('ref_axis',(-6.12323399573677E-17,-1.,0.));
#4518=DIRECTION('center_axis',(0.,0.,-1.));
#4519=DIRECTION('ref_axis',(-6.12323399573677E-17,-1.,0.));
#4520=DIRECTION('center_axis',(0.,0.,-1.));
#4521=DIRECTION('ref_axis',(-6.12323399573677E-17,-1.,0.));
#4522=DIRECTION('center_axis',(0.,0.,-1.));
#4523=DIRECTION('ref_axis',(-6.12323399573677E-17,-1.,0.));
#4524=DIRECTION('center_axis',(0.,0.,-1.));
#4525=DIRECTION('ref_axis',(-6.12323399573677E-17,-1.,0.));
#4526=DIRECTION('',(1.,3.70074341541719E-16,0.));
#4527=DIRECTION('center_axis',(0.,0.,1.));
#4528=DIRECTION('ref_axis',(0.923879532511288,0.382683432365087,0.));
#4529=DIRECTION('',(-0.707106781186547,-0.707106781186548,0.));
#4530=DIRECTION('center_axis',(0.,0.,1.));
#4531=DIRECTION('ref_axis',(9.81307786677361E-17,-1.,0.));
#4532=DIRECTION('',(-0.707106781186548,0.707106781186547,0.));
#4533=DIRECTION('center_axis',(0.,0.,1.));
#4534=DIRECTION('ref_axis',(-0.923879532511288,0.382683432365088,0.));
#4535=DIRECTION('',(-1.,-7.93016446160826E-17,0.));
#4536=DIRECTION('center_axis',(0.,0.,1.));
#4537=DIRECTION('ref_axis',(-0.38268343236509,-0.923879532511287,0.));
#4538=DIRECTION('',(-0.707106781186548,0.707106781186547,0.));
#4539=DIRECTION('',(-0.707106781186547,-0.707106781186548,0.));
#4540=DIRECTION('center_axis',(0.,0.,1.));
#4541=DIRECTION('ref_axis',(0.38268343236509,-0.923879532511287,0.));
#4542=DIRECTION('center_axis',(0.707106781186547,0.707106781186548,0.));
#4543=DIRECTION('ref_axis',(-0.707106781186548,0.707106781186547,0.));
#4544=DIRECTION('',(0.,0.,-1.));
#4545=DIRECTION('center_axis',(0.707106781186547,0.707106781186548,0.));
#4546=DIRECTION('ref_axis',(-0.707106781186548,0.707106781186547,0.));
#4547=DIRECTION('',(0.,0.,1.));
#4548=DIRECTION('center_axis',(-0.707106781186548,0.707106781186547,0.));
#4549=DIRECTION('ref_axis',(-0.707106781186547,-0.707106781186548,0.));
#4550=DIRECTION('',(0.,0.,-1.));
#4551=DIRECTION('center_axis',(-0.707106781186548,0.707106781186547,0.));
#4552=DIRECTION('ref_axis',(-0.707106781186547,-0.707106781186548,0.));
#4553=DIRECTION('',(0.,0.,1.));
#4554=DIRECTION('center_axis',(0.,0.,1.));
#4555=DIRECTION('ref_axis',(9.81307786677361E-17,-1.,0.));
#4556=DIRECTION('',(0.,0.,1.));
#4557=DIRECTION('',(0.,0.,-1.));
#4558=DIRECTION('center_axis',(0.707106781186547,0.707106781186548,0.));
#4559=DIRECTION('ref_axis',(-0.707106781186548,0.707106781186547,0.));
#4560=DIRECTION('',(0.,0.,-1.));
#4561=DIRECTION('center_axis',(0.,0.,-1.));
#4562=DIRECTION('ref_axis',(-0.923879532511285,-0.382683432365093,0.));
#4563=DIRECTION('',(0.,0.,-1.));
#4564=DIRECTION('',(0.,0.,1.));
#4565=DIRECTION('center_axis',(-2.46716227694479E-16,1.,0.));
#4566=DIRECTION('ref_axis',(1.,2.46716227694479E-16,0.));
#4567=DIRECTION('',(0.,0.,1.));
#4568=DIRECTION('center_axis',(0.,0.,1.));
#4569=DIRECTION('ref_axis',(-2.94392336003208E-16,1.,0.));
#4570=DIRECTION('',(0.,0.,1.));
#4571=DIRECTION('',(0.,0.,-1.));
#4572=DIRECTION('center_axis',(-0.707106781186548,-0.707106781186548,0.));
#4573=DIRECTION('ref_axis',(0.707106781186548,-0.707106781186548,0.));
#4574=DIRECTION('',(0.,0.,-1.));
#4575=DIRECTION('center_axis',(0.,0.,1.));
#4576=DIRECTION('ref_axis',(0.923879532511287,-0.38268343236509,0.));
#4577=DIRECTION('center_axis',(0.,0.,-1.));
#4578=DIRECTION('ref_axis',(0.382683432365097,-0.923879532511284,0.));
#4579=DIRECTION('',(0.,0.,-1.));
#4580=DIRECTION('',(0.,0.,1.));
#4581=DIRECTION('center_axis',(-1.,-2.46716227694479E-16,0.));
#4582=DIRECTION('ref_axis',(-2.46716227694479E-16,1.,0.));
#4583=DIRECTION('',(0.,0.,1.));
#4584=DIRECTION('center_axis',(0.,0.,-1.));
#4585=DIRECTION('ref_axis',(0.923879532511288,0.382683432365087,0.));
#4586=DIRECTION('',(0.,0.,-1.));
#4587=DIRECTION('',(0.,0.,1.));
#4588=DIRECTION('center_axis',(3.70074341541719E-16,-1.,0.));
#4589=DIRECTION('ref_axis',(-1.,-3.70074341541719E-16,0.));
#4590=DIRECTION('',(0.,0.,1.));
#4591=DIRECTION('center_axis',(0.,0.,1.));
#4592=DIRECTION('ref_axis',(0.382683432365092,0.923879532511286,0.));
#4593=DIRECTION('',(0.,0.,-1.));
#4594=DIRECTION('center_axis',(0.,0.,1.));
#4595=DIRECTION('ref_axis',(-1.,9.81307786677361E-17,0.));
#4596=DIRECTION('',(0.,0.,1.));
#4597=DIRECTION('',(0.,0.,-1.));
#4598=DIRECTION('center_axis',(0.707106781186548,-0.707106781186547,0.));
#4599=DIRECTION('ref_axis',(0.707106781186547,0.707106781186548,0.));
#4600=DIRECTION('center_axis',(0.,0.,1.));
#4601=DIRECTION('ref_axis',(1.,2.94392336003208E-16,0.));
#4602=DIRECTION('',(0.,0.,1.));
#4603=DIRECTION('',(0.,0.,-1.));
#4604=DIRECTION('center_axis',(-0.707106781186548,0.707106781186547,0.));
#4605=DIRECTION('ref_axis',(-0.707106781186547,-0.707106781186548,0.));
#4606=DIRECTION('',(0.,0.,-1.));
#4607=DIRECTION('center_axis',(0.,0.,1.));
#4608=DIRECTION('ref_axis',(-0.382683432365093,-0.923879532511285,0.));
#4609=DIRECTION('',(0.,0.,1.));
#4610=DIRECTION('center_axis',(1.,1.2335811384724E-16,0.));
#4611=DIRECTION('ref_axis',(1.2335811384724E-16,-1.,0.));
#4612=DIRECTION('',(0.,0.,-1.));
#4613=DIRECTION('center_axis',(0.,0.,-1.));
#4614=DIRECTION('ref_axis',(-0.382683432365094,0.923879532511285,0.));
#4615=DIRECTION('',(0.,0.,1.));
#4616=DIRECTION('center_axis',(0.,0.,1.));
#4617=DIRECTION('ref_axis',(-0.923879532511288,0.382683432365088,0.));
#4618=DIRECTION('center_axis',(0.,0.,1.));
#4619=DIRECTION('ref_axis',(0.342020143325668,-0.939692620785909,0.));
#4620=DIRECTION('',(0.,0.,1.));
#4621=DIRECTION('',(0.,0.,-1.));
#4622=DIRECTION('center_axis',(0.0871557427476602,0.996194698091745,0.));
#4623=DIRECTION('ref_axis',(-0.996194698091745,0.0871557427476601,0.));
#4624=DIRECTION('',(0.,0.,-1.));
#4625=DIRECTION('center_axis',(0.,0.,1.));
#4626=DIRECTION('ref_axis',(-0.342020143325668,0.939692620785909,0.));
#4627=DIRECTION('',(0.,0.,1.));
#4628=DIRECTION('center_axis',(-0.707106781186548,0.707106781186548,0.));
#4629=DIRECTION('ref_axis',(-0.707106781186548,-0.707106781186548,0.));
#4630=DIRECTION('',(0.,0.,1.));
#4631=DIRECTION('center_axis',(0.,0.,1.));
#4632=DIRECTION('ref_axis',(0.939692620785909,-0.342020143325666,0.));
#4633=DIRECTION('',(0.,0.,-1.));
#4634=DIRECTION('',(0.,0.,1.));
#4635=DIRECTION('center_axis',(0.707106781186549,-0.707106781186546,0.));
#4636=DIRECTION('ref_axis',(0.707106781186546,0.707106781186549,0.));
#4637=DIRECTION('',(0.,0.,1.));
#4638=DIRECTION('center_axis',(0.,0.,1.));
#4639=DIRECTION('ref_axis',(-0.939692620785908,0.342020143325669,0.));
#4640=DIRECTION('',(0.,0.,-1.));
#4641=DIRECTION('center_axis',(0.,0.,1.));
#4642=DIRECTION('ref_axis',(0.342020143325667,0.939692620785909,0.));
#4643=DIRECTION('',(0.,0.,-1.));
#4644=DIRECTION('',(0.,0.,1.));
#4645=DIRECTION('center_axis',(-0.0871557427476582,0.996194698091746,0.));
#4646=DIRECTION('ref_axis',(-0.996194698091746,-0.0871557427476582,0.));
#4647=DIRECTION('',(0.,0.,-1.));
#4648=DIRECTION('center_axis',(0.,0.,1.));
#4649=DIRECTION('ref_axis',(-0.342020143325668,-0.939692620785909,0.));
#4650=DIRECTION('',(0.,0.,1.));
#4651=DIRECTION('center_axis',(0.707106781186548,0.707106781186547,0.));
#4652=DIRECTION('ref_axis',(-0.707106781186547,0.707106781186548,0.));
#4653=DIRECTION('',(0.,0.,-1.));
#4654=DIRECTION('center_axis',(0.,0.,1.));
#4655=DIRECTION('ref_axis',(0.939692620785909,0.342020143325668,0.));
#4656=DIRECTION('',(0.,0.,1.));
#4657=DIRECTION('center_axis',(-0.996194698091745,0.0871557427476602,0.));
#4658=DIRECTION('ref_axis',(-0.0871557427476602,-0.996194698091745,0.));
#4659=DIRECTION('',(0.,0.,-1.));
#4660=DIRECTION('center_axis',(0.,0.,1.));
#4661=DIRECTION('ref_axis',(-0.939692620785908,-0.342020143325669,0.));
#4662=DIRECTION('',(0.,0.,1.));
#4663=DIRECTION('center_axis',(0.,0.,1.));
#4664=DIRECTION('ref_axis',(0.939692620785908,0.342020143325669,0.));
#4665=DIRECTION('',(0.,0.,-1.));
#4666=DIRECTION('',(0.,0.,1.));
#4667=DIRECTION('center_axis',(0.996194698091745,-0.0871557427476601,0.));
#4668=DIRECTION('ref_axis',(0.0871557427476601,0.996194698091745,0.));
#4669=DIRECTION('',(0.,0.,1.));
#4670=DIRECTION('center_axis',(0.,0.,1.));
#4671=DIRECTION('ref_axis',(-0.939692620785909,-0.342020143325668,0.));
#4672=DIRECTION('center_axis',(0.,0.,1.));
#4673=DIRECTION('ref_axis',(0.342020143325669,0.939692620785908,0.));
#4674=DIRECTION('',(0.,0.,1.));
#4675=DIRECTION('',(0.,0.,-1.));
#4676=DIRECTION('center_axis',(-0.707106781186547,-0.707106781186548,0.));
#4677=DIRECTION('ref_axis',(0.707106781186548,-0.707106781186547,0.));
#4678=DIRECTION('',(0.,0.,-1.));
#4679=DIRECTION('center_axis',(0.,0.,1.));
#4680=DIRECTION('ref_axis',(-0.342020143325669,-0.939692620785908,0.));
#4681=DIRECTION('',(0.,0.,-1.));
#4682=DIRECTION('',(0.,0.,1.));
#4683=DIRECTION('center_axis',(0.0871557427476583,-0.996194698091746,0.));
#4684=DIRECTION('ref_axis',(0.996194698091746,0.0871557427476583,0.));
#4685=DIRECTION('center_axis',(0.,0.,1.));
#4686=DIRECTION('ref_axis',(-0.939692620785909,0.342020143325667,0.));
#4687=DIRECTION('',(0.,0.,-1.));
#4688=DIRECTION('',(0.,0.,1.));
#4689=DIRECTION('center_axis',(-0.707106781186549,0.707106781186546,0.));
#4690=DIRECTION('ref_axis',(-0.707106781186546,-0.707106781186549,0.));
#4691=DIRECTION('',(0.,0.,1.));
#4692=DIRECTION('center_axis',(0.,0.,1.));
#4693=DIRECTION('ref_axis',(0.939692620785909,-0.342020143325668,0.));
#4694=DIRECTION('',(0.,0.,-1.));
#4695=DIRECTION('center_axis',(0.,0.,1.));
#4696=DIRECTION('ref_axis',(-0.342020143325669,0.939692620785908,0.));
#4697=DIRECTION('',(0.,0.,1.));
#4698=DIRECTION('',(0.,0.,-1.));
#4699=DIRECTION('center_axis',(-0.0871557427476601,-0.996194698091745,0.));
#4700=DIRECTION('ref_axis',(0.996194698091745,-0.08715574274766,0.));
#4701=DIRECTION('',(0.,0.,-1.));
#4702=DIRECTION('center_axis',(0.,0.,1.));
#4703=DIRECTION('ref_axis',(0.342020143325669,-0.939692620785908,0.));
#4704=DIRECTION('',(0.,0.,1.));
#4705=DIRECTION('center_axis',(0.707106781186548,-0.707106781186548,0.));
#4706=DIRECTION('ref_axis',(0.707106781186548,0.707106781186548,0.));
#4707=DIRECTION('',(0.,0.,1.));
#4708=DIRECTION('center_axis',(0.,0.,-1.));
#4709=DIRECTION('ref_axis',(-0.547722557505166,-0.836660026534076,0.));
#4710=DIRECTION('',(0.,0.,-1.));
#4711=DIRECTION('',(0.,0.,1.));
#4712=DIRECTION('center_axis',(-3.3499552946308E-17,1.,0.));
#4713=DIRECTION('ref_axis',(1.,3.3499552946308E-17,0.));
#4714=DIRECTION('',(0.,0.,1.));
#4715=DIRECTION('center_axis',(0.,0.,-1.));
#4716=DIRECTION('ref_axis',(-0.547722557505167,0.836660026534075,0.));
#4717=DIRECTION('',(0.,0.,-1.));
#4718=DIRECTION('',(0.,0.,1.));
#4719=DIRECTION('center_axis',(0.,0.,-1.));
#4720=DIRECTION('ref_axis',(-1.,1.22464679914735E-16,0.));
#4721=DIRECTION('',(0.,0.,-1.));
#4722=DIRECTION('center_axis',(0.,0.,-1.));
#4723=DIRECTION('ref_axis',(6.12323399573677E-17,1.,0.));
#4724=DIRECTION('',(0.,0.,-1.));
#4725=DIRECTION('center_axis',(0.,0.,-1.));
#4726=DIRECTION('ref_axis',(0.547722557505166,-0.836660026534075,0.));
#4727=DIRECTION('',(0.,0.,-1.));
#4728=DIRECTION('',(0.,0.,1.));
#4729=DIRECTION('center_axis',(0.,0.,-1.));
#4730=DIRECTION('ref_axis',(1.,0.,0.));
#4731=DIRECTION('',(0.,0.,-1.));
#4732=DIRECTION('center_axis',(0.,0.,-1.));
#4733=DIRECTION('ref_axis',(0.547722557505166,0.836660026534076,0.));
#4734=DIRECTION('',(0.,0.,-1.));
#4735=DIRECTION('',(0.,0.,1.));
#4736=DIRECTION('center_axis',(1.55964232861043E-16,-1.,0.));
#4737=DIRECTION('ref_axis',(-1.,-1.55964232861043E-16,0.));
#4738=DIRECTION('',(0.,0.,1.));
#4739=DIRECTION('center_axis',(0.,0.,-1.));
#4740=DIRECTION('ref_axis',(0.923879532511287,-0.382683432365089,0.));
#4741=DIRECTION('',(0.,0.,-1.));
#4742=DIRECTION('',(0.,0.,1.));
#4743=DIRECTION('center_axis',(-1.,-3.1720657846433E-16,0.));
#4744=DIRECTION('ref_axis',(-3.1720657846433E-16,1.,0.));
#4745=DIRECTION('',(0.,0.,1.));
#4746=DIRECTION('center_axis',(0.,0.,-1.));
#4747=DIRECTION('ref_axis',(-0.38268343236509,-0.923879532511287,0.));
#4748=DIRECTION('',(0.,0.,-1.));
#4749=DIRECTION('center_axis',(0.,0.,1.));
#4750=DIRECTION('ref_axis',(0.923879532511286,0.382683432365091,0.));
#4751=DIRECTION('',(0.,0.,1.));
#4752=DIRECTION('center_axis',(-1.,-3.1720657846433E-16,0.));
#4753=DIRECTION('ref_axis',(-3.1720657846433E-16,1.,0.));
#4754=DIRECTION('',(0.,0.,-1.));
#4755=DIRECTION('center_axis',(0.,0.,-1.));
#4756=DIRECTION('ref_axis',(0.38268343236509,0.923879532511287,0.));
#4757=DIRECTION('',(0.,0.,-1.));
#4758=DIRECTION('center_axis',(3.1720657846433E-16,-1.,0.));
#4759=DIRECTION('ref_axis',(-1.,-3.1720657846433E-16,0.));
#4760=DIRECTION('',(0.,0.,1.));
#4761=DIRECTION('center_axis',(0.,0.,1.));
#4762=DIRECTION('ref_axis',(-0.923879532511286,-0.382683432365091,0.));
#4763=DIRECTION('',(0.,0.,1.));
#4764=DIRECTION('center_axis',(1.,4.75809867696496E-16,0.));
#4765=DIRECTION('ref_axis',(4.75809867696496E-16,-1.,0.));
#4766=DIRECTION('',(0.,0.,-1.));
#4767=DIRECTION('center_axis',(0.,0.,1.));
#4768=DIRECTION('ref_axis',(-0.707106781186548,0.707106781186547,0.));
#4769=DIRECTION('center_axis',(0.,0.,-1.));
#4770=DIRECTION('ref_axis',(-0.707106781186548,-0.707106781186547,0.));
#4771=DIRECTION('',(0.,0.,-1.));
#4772=DIRECTION('',(0.,0.,1.));
#4773=DIRECTION('center_axis',(-2.33946349291565E-16,1.,0.));
#4774=DIRECTION('ref_axis',(1.,2.33946349291565E-16,0.));
#4775=DIRECTION('center_axis',(0.,0.,-1.));
#4776=DIRECTION('ref_axis',(-0.923879532511287,0.382683432365089,0.));
#4777=DIRECTION('',(0.,0.,-1.));
#4778=DIRECTION('',(0.,0.,1.));
#4779=DIRECTION('center_axis',(1.,4.75809867696496E-16,0.));
#4780=DIRECTION('ref_axis',(4.75809867696496E-16,-1.,0.));
#4781=DIRECTION('center_axis',(0.,0.,1.));
#4782=DIRECTION('ref_axis',(0.38268343236509,-0.923879532511287,0.));
#4783=DIRECTION('',(0.,0.,1.));
#4784=DIRECTION('center_axis',(-7.93016446160826E-17,1.,0.));
#4785=DIRECTION('ref_axis',(1.,7.93016446160826E-17,0.));
#4786=DIRECTION('center_axis',(0.,0.,1.));
#4787=DIRECTION('ref_axis',(0.707106781186547,-0.707106781186548,0.));
#4788=DIRECTION('center_axis',(0.,0.,-1.));
#4789=DIRECTION('ref_axis',(0.707106781186548,0.707106781186547,0.));
#4790=DIRECTION('',(0.,0.,-1.));
#4791=DIRECTION('center_axis',(1.1148166937683E-16,-1.,0.));
#4792=DIRECTION('ref_axis',(-1.,-1.1148166937683E-16,0.));
#4793=DIRECTION('center_axis',(0.,0.,1.));
#4794=DIRECTION('ref_axis',(-0.38268343236509,0.923879532511287,0.));
#4795=DIRECTION('center_axis',(0.,0.,-1.));
#4796=DIRECTION('ref_axis',(-1.83697019872103E-16,-1.,0.));
#4797=DIRECTION('',(0.,0.,-1.));
#4798=DIRECTION('center_axis',(0.,0.,-1.));
#4799=DIRECTION('ref_axis',(1.83697019872103E-16,1.,0.));
#4800=DIRECTION('',(0.,0.,1.));
#4801=DIRECTION('center_axis',(0.,0.,-1.));
#4802=DIRECTION('ref_axis',(1.83697019872103E-16,1.,0.));
#4803=DIRECTION('',(0.,0.,1.));
#4804=DIRECTION('center_axis',(0.,0.,-1.));
#4805=DIRECTION('ref_axis',(-1.83697019872103E-16,-1.,0.));
#4806=DIRECTION('',(0.,0.,-1.));
#4807=DIRECTION('center_axis',(-1.83697019872103E-16,-1.,0.));
#4808=DIRECTION('ref_axis',(-1.,1.83697019872103E-16,0.));
#4809=DIRECTION('center_axis',(0.,0.,-1.));
#4810=DIRECTION('ref_axis',(1.,-1.22464679914735E-16,0.));
#4811=DIRECTION('',(0.,0.,1.));
#4812=DIRECTION('center_axis',(0.,0.,-1.));
#4813=DIRECTION('ref_axis',(1.,-1.22464679914735E-16,0.));
#4814=DIRECTION('',(0.,0.,1.));
#4815=DIRECTION('center_axis',(0.,0.,-1.));
#4816=DIRECTION('ref_axis',(-1.,1.22464679914735E-16,0.));
#4817=DIRECTION('',(0.,0.,-1.));
#4818=DIRECTION('center_axis',(-1.,1.22464679914735E-16,0.));
#4819=DIRECTION('ref_axis',(1.22464679914735E-16,1.,0.));
#4820=DIRECTION('center_axis',(0.,0.,-1.));
#4821=DIRECTION('ref_axis',(-6.12323399573677E-17,-1.,0.));
#4822=DIRECTION('',(0.,0.,1.));
#4823=DIRECTION('center_axis',(0.,0.,-1.));
#4824=DIRECTION('ref_axis',(-6.12323399573677E-17,-1.,0.));
#4825=DIRECTION('',(0.,0.,1.));
#4826=DIRECTION('center_axis',(0.,0.,-1.));
#4827=DIRECTION('ref_axis',(6.12323399573677E-17,1.,0.));
#4828=DIRECTION('',(0.,0.,-1.));
#4829=DIRECTION('center_axis',(6.12323399573677E-17,1.,0.));
#4830=DIRECTION('ref_axis',(1.,-6.12323399573677E-17,0.));
#4831=DIRECTION('center_axis',(0.,0.,-1.));
#4832=DIRECTION('ref_axis',(-1.,0.,0.));
#4833=DIRECTION('',(0.,0.,1.));
#4834=DIRECTION('center_axis',(0.,0.,-1.));
#4835=DIRECTION('ref_axis',(-1.,0.,0.));
#4836=DIRECTION('',(0.,0.,1.));
#4837=DIRECTION('center_axis',(0.,0.,-1.));
#4838=DIRECTION('ref_axis',(1.,0.,0.));
#4839=DIRECTION('',(0.,0.,-1.));
#4840=DIRECTION('center_axis',(1.,0.,0.));
#4841=DIRECTION('ref_axis',(0.,-1.,0.));
#4842=DIRECTION('center_axis',(0.,0.,-1.));
#4843=DIRECTION('ref_axis',(1.,0.,0.));
#4844=DIRECTION('',(0.,0.,-1.));
#4845=DIRECTION('center_axis',(0.,0.,-1.));
#4846=DIRECTION('ref_axis',(1.,0.,0.));
#4847=DIRECTION('',(0.,0.,-1.));
#4848=DIRECTION('center_axis',(0.,0.,-1.));
#4849=DIRECTION('ref_axis',(1.,0.,0.));
#4850=DIRECTION('',(0.,0.,-1.));
#4851=DIRECTION('center_axis',(0.,0.,-1.));
#4852=DIRECTION('ref_axis',(1.,0.,0.));
#4853=DIRECTION('',(0.,0.,-1.));
#4854=DIRECTION('center_axis',(-0.707106781186547,-0.707106781186548,0.));
#4855=DIRECTION('ref_axis',(0.707106781186548,-0.707106781186547,0.));
#4856=DIRECTION('center_axis',(-0.707106781186548,0.707106781186547,0.));
#4857=DIRECTION('ref_axis',(-0.707106781186547,-0.707106781186548,0.));
#4858=DIRECTION('center_axis',(0.707106781186548,-0.707106781186547,0.));
#4859=DIRECTION('ref_axis',(0.707106781186547,0.707106781186548,0.));
#4860=DIRECTION('center_axis',(0.,0.,1.));
#4861=DIRECTION('ref_axis',(1.83697019872103E-16,1.,0.));
#4862=DIRECTION('',(0.,0.,-1.));
#4863=DIRECTION('center_axis',(0.,0.,1.));
#4864=DIRECTION('ref_axis',(1.83697019872103E-16,1.,0.));
#4865=DIRECTION('',(0.,0.,-1.));
#4866=DIRECTION('center_axis',(0.,0.,1.));
#4867=DIRECTION('ref_axis',(1.83697019872103E-16,1.,0.));
#4868=DIRECTION('',(0.,0.,-1.));
#4869=DIRECTION('center_axis',(0.,0.,1.));
#4870=DIRECTION('ref_axis',(1.83697019872103E-16,1.,0.));
#4871=DIRECTION('',(0.,0.,-1.));
#4872=DIRECTION('center_axis',(0.,0.,1.));
#4873=DIRECTION('ref_axis',(1.83697019872103E-16,1.,0.));
#4874=DIRECTION('',(0.,0.,-1.));
#4875=DIRECTION('center_axis',(-0.707106781186548,-0.707106781186547,0.));
#4876=DIRECTION('ref_axis',(0.707106781186547,-0.707106781186548,0.));
#4877=DIRECTION('',(0.,0.,1.));
#4878=DIRECTION('center_axis',(0.707106781186548,0.707106781186547,0.));
#4879=DIRECTION('ref_axis',(-0.707106781186547,0.707106781186548,0.));
#4880=DIRECTION('center_axis',(0.707106781186547,0.707106781186548,0.));
#4881=DIRECTION('ref_axis',(-0.707106781186548,0.707106781186547,0.));
#4882=DIRECTION('',(0.,0.,1.));
#4883=DIRECTION('center_axis',(0.,0.,1.));
#4884=DIRECTION('ref_axis',(-1.83697019872103E-16,-1.,0.));
#4885=DIRECTION('center_axis',(0.,0.,1.));
#4886=DIRECTION('ref_axis',(1.,-1.22464679914735E-16,0.));
#4887=DIRECTION('',(0.,0.,-1.));
#4888=DIRECTION('center_axis',(0.,0.,1.));
#4889=DIRECTION('ref_axis',(1.,-1.22464679914735E-16,0.));
#4890=DIRECTION('',(0.,0.,-1.));
#4891=DIRECTION('center_axis',(0.,0.,1.));
#4892=DIRECTION('ref_axis',(1.,-1.22464679914735E-16,0.));
#4893=DIRECTION('',(0.,0.,-1.));
#4894=DIRECTION('center_axis',(0.,0.,1.));
#4895=DIRECTION('ref_axis',(1.,-1.22464679914735E-16,0.));
#4896=DIRECTION('',(0.,0.,-1.));
#4897=DIRECTION('center_axis',(0.,0.,1.));
#4898=DIRECTION('ref_axis',(1.,-1.22464679914735E-16,0.));
#4899=DIRECTION('',(0.,0.,-1.));
#4900=DIRECTION('center_axis',(0.707106781186548,-0.707106781186547,0.));
#4901=DIRECTION('ref_axis',(0.707106781186547,0.707106781186548,0.));
#4902=DIRECTION('center_axis',(0.996194698091746,0.0871557427476583,0.));
#4903=DIRECTION('ref_axis',(-0.0871557427476583,0.996194698091746,0.));
#4904=DIRECTION('center_axis',(0.,0.,1.));
#4905=DIRECTION('ref_axis',(-1.,1.22464679914735E-16,0.));
#4906=DIRECTION('center_axis',(0.,0.,1.));
#4907=DIRECTION('ref_axis',(-6.12323399573677E-17,-1.,0.));
#4908=DIRECTION('',(0.,0.,-1.));
#4909=DIRECTION('center_axis',(0.,0.,1.));
#4910=DIRECTION('ref_axis',(-6.12323399573677E-17,-1.,0.));
#4911=DIRECTION('',(0.,0.,-1.));
#4912=DIRECTION('center_axis',(0.,0.,1.));
#4913=DIRECTION('ref_axis',(-6.12323399573677E-17,-1.,0.));
#4914=DIRECTION('',(0.,0.,-1.));
#4915=DIRECTION('center_axis',(0.,0.,1.));
#4916=DIRECTION('ref_axis',(-6.12323399573677E-17,-1.,0.));
#4917=DIRECTION('',(0.,0.,-1.));
#4918=DIRECTION('center_axis',(0.,0.,1.));
#4919=DIRECTION('ref_axis',(-6.12323399573677E-17,-1.,0.));
#4920=DIRECTION('',(0.,0.,-1.));
#4921=DIRECTION('center_axis',(0.707106781186548,0.707106781186548,0.));
#4922=DIRECTION('ref_axis',(-0.707106781186548,0.707106781186548,0.));
#4923=DIRECTION('',(0.,0.,1.));
#4924=DIRECTION('center_axis',(-0.707106781186546,-0.707106781186549,0.));
#4925=DIRECTION('ref_axis',(0.707106781186549,-0.707106781186546,0.));
#4926=DIRECTION('',(0.,0.,1.));
#4927=DIRECTION('center_axis',(0.,0.,1.));
#4928=DIRECTION('ref_axis',(6.12323399573677E-17,1.,0.));
#4929=DIRECTION('center_axis',(0.,0.,1.));
#4930=DIRECTION('ref_axis',(-1.,0.,0.));
#4931=DIRECTION('',(0.,0.,-1.));
#4932=DIRECTION('center_axis',(0.,0.,1.));
#4933=DIRECTION('ref_axis',(-1.,0.,0.));
#4934=DIRECTION('',(0.,0.,-1.));
#4935=DIRECTION('center_axis',(0.,0.,1.));
#4936=DIRECTION('ref_axis',(-1.,0.,0.));
#4937=DIRECTION('',(0.,0.,-1.));
#4938=DIRECTION('center_axis',(0.,0.,1.));
#4939=DIRECTION('ref_axis',(-1.,0.,0.));
#4940=DIRECTION('',(0.,0.,-1.));
#4941=DIRECTION('center_axis',(0.,0.,1.));
#4942=DIRECTION('ref_axis',(-1.,0.,0.));
#4943=DIRECTION('',(0.,0.,-1.));
#4944=DIRECTION('center_axis',(-0.707106781186548,0.707106781186547,0.));
#4945=DIRECTION('ref_axis',(-0.707106781186547,-0.707106781186548,0.));
#4946=DIRECTION('center_axis',(-0.996194698091746,-0.0871557427476584,0.));
#4947=DIRECTION('ref_axis',(0.0871557427476584,-0.996194698091746,0.));
#4948=DIRECTION('center_axis',(0.,0.,1.));
#4949=DIRECTION('ref_axis',(1.,0.,0.));
#4950=CARTESIAN_POINT('',(0.,0.,0.));
#4951=CARTESIAN_POINT('Origin',(14.7650613386261,-21.8361291504916,1.5));
#4952=CARTESIAN_POINT('',(16.1792749009992,-20.4219155881185,3.));
#4953=CARTESIAN_POINT('',(13.350847776253,-20.4219155881185,3.));
#4954=CARTESIAN_POINT('Origin',(14.7650613386261,-21.8361291504916,3.));
#4955=CARTESIAN_POINT('',(13.350847776253,-20.4219155881185,0.));
#4956=CARTESIAN_POINT('',(13.350847776253,-20.4219155881185,1.5));
#4957=CARTESIAN_POINT('',(16.1792749009992,-20.4219155881185,0.));
#4958=CARTESIAN_POINT('Origin',(14.7650613386261,-21.8361291504916,0.));
#4959=CARTESIAN_POINT('',(16.1792749009992,-20.4219155881185,1.5));
#4960=CARTESIAN_POINT('Origin',(3.,-30.7727633643715,3.));
#4961=CARTESIAN_POINT('',(4.13372904275895,-29.6390343216126,3.));
#4962=CARTESIAN_POINT('',(14.7650613386261,-19.0077020257454,3.));
#4963=CARTESIAN_POINT('',(4.13372904275896,-29.6390343216126,0.));
#4964=CARTESIAN_POINT('',(4.13372904275895,-29.6390343216126,3.));
#4965=CARTESIAN_POINT('',(4.07418605792154,-29.69857730645,0.));
#4966=CARTESIAN_POINT('Origin',(14.7650613386261,21.8361291504916,1.5));
#4967=CARTESIAN_POINT('',(16.1792749009992,20.4219155881185,0.));
#4968=CARTESIAN_POINT('',(13.350847776253,20.4219155881185,0.));
#4969=CARTESIAN_POINT('Origin',(14.7650613386261,21.8361291504916,0.));
#4970=CARTESIAN_POINT('',(13.350847776253,20.4219155881185,3.));
#4971=CARTESIAN_POINT('',(13.350847776253,20.4219155881185,1.5));
#4972=CARTESIAN_POINT('',(16.1792749009992,20.4219155881185,3.));
#4973=CARTESIAN_POINT('Origin',(14.7650613386261,21.8361291504916,3.));
#4974=CARTESIAN_POINT('',(16.1792749009992,20.4219155881185,1.5));
#4975=CARTESIAN_POINT('Origin',(3.,30.7727633643715,3.));
#4976=CARTESIAN_POINT('',(4.13372904275896,29.6390343216126,0.));
#4977=CARTESIAN_POINT('',(4.07418605792154,29.69857730645,0.));
#4978=CARTESIAN_POINT('',(4.13372904275895,29.6390343216126,3.));
#4979=CARTESIAN_POINT('',(4.13372904275895,29.6390343216126,3.));
#4980=CARTESIAN_POINT('',(14.7650613386261,19.0077020257454,3.));
#4981=CARTESIAN_POINT('Origin',(2.17157287525382,-23.1159091148792,3.));
#4982=CARTESIAN_POINT('',(2.17157287525382,-25.1159091148792,3.));
#4983=CARTESIAN_POINT('',(3.58578643762691,-24.5301226772523,3.));
#4984=CARTESIAN_POINT('Origin',(2.17157287525382,-23.1159091148792,3.));
#4985=CARTESIAN_POINT('',(3.58578643762691,-24.5301226772523,0.));
#4986=CARTESIAN_POINT('',(3.58578643762691,-24.5301226772523,3.));
#4987=CARTESIAN_POINT('',(2.17157287525382,-25.1159091148792,0.));
#4988=CARTESIAN_POINT('Origin',(2.17157287525382,-23.1159091148792,0.));
#4989=CARTESIAN_POINT('',(2.17157287525382,-25.1159091148792,3.));
#4990=CARTESIAN_POINT('Origin',(11.9366342138799,-16.1792749009992,3.));
#4991=CARTESIAN_POINT('',(10.5224206515068,-17.5934884633723,3.));
#4992=CARTESIAN_POINT('',(3.,-25.1159091148792,3.));
#4993=CARTESIAN_POINT('',(10.5224206515068,-17.5934884633723,0.));
#4994=CARTESIAN_POINT('',(10.5224206515068,-17.5934884633723,1.5));
#4995=CARTESIAN_POINT('',(7.12828960248841,-20.9876195123907,0.));
#4996=CARTESIAN_POINT('Origin',(-2.1715728752538,-23.1159091148792,3.));
#4997=CARTESIAN_POINT('',(-2.1715728752538,-25.1159091148792,0.));
#4998=CARTESIAN_POINT('',(-3.5857864376269,-24.5301226772523,0.));
#4999=CARTESIAN_POINT('Origin',(-2.1715728752538,-23.1159091148792,0.));
#5000=CARTESIAN_POINT('',(-3.5857864376269,-24.5301226772523,3.));
#5001=CARTESIAN_POINT('',(-3.5857864376269,-24.5301226772523,3.));
#5002=CARTESIAN_POINT('',(-2.1715728752538,-25.1159091148792,3.));
#5003=CARTESIAN_POINT('Origin',(-2.1715728752538,-23.1159091148792,3.));
#5004=CARTESIAN_POINT('',(-2.1715728752538,-25.1159091148792,3.));
#5005=CARTESIAN_POINT('Origin',(-3.,-25.1159091148792,3.));
#5006=CARTESIAN_POINT('',(-10.5224206515068,-17.5934884633723,0.));
#5007=CARTESIAN_POINT('',(-2.65997249554844,-25.4559366193307,0.));
#5008=CARTESIAN_POINT('',(-10.5224206515068,-17.5934884633723,3.));
#5009=CARTESIAN_POINT('',(-10.5224206515068,-17.5934884633723,1.5));
#5010=CARTESIAN_POINT('',(-11.9366342138799,-16.1792749009992,3.));
#5011=CARTESIAN_POINT('Origin',(2.17157287525382,23.1159091148792,3.));
#5012=CARTESIAN_POINT('',(2.17157287525382,25.1159091148792,0.));
#5013=CARTESIAN_POINT('',(3.58578643762691,24.5301226772523,0.));
#5014=CARTESIAN_POINT('Origin',(2.17157287525382,23.1159091148792,0.));
#5015=CARTESIAN_POINT('',(3.58578643762691,24.5301226772523,3.));
#5016=CARTESIAN_POINT('',(3.58578643762691,24.5301226772523,3.));
#5017=CARTESIAN_POINT('',(2.17157287525382,25.1159091148792,3.));
#5018=CARTESIAN_POINT('Origin',(2.17157287525382,23.1159091148792,3.));
#5019=CARTESIAN_POINT('',(2.17157287525382,25.1159091148792,3.));
#5020=CARTESIAN_POINT('Origin',(11.9366342138799,16.1792749009992,3.));
#5021=CARTESIAN_POINT('',(10.5224206515068,17.5934884633723,0.));
#5022=CARTESIAN_POINT('',(7.12828960248841,20.9876195123907,0.));
#5023=CARTESIAN_POINT('',(10.5224206515068,17.5934884633723,3.));
#5024=CARTESIAN_POINT('',(10.5224206515068,17.5934884633723,1.5));
#5025=CARTESIAN_POINT('',(3.,25.1159091148792,3.));
#5026=CARTESIAN_POINT('Origin',(-2.1715728752538,23.1159091148792,3.));
#5027=CARTESIAN_POINT('',(-2.1715728752538,25.1159091148792,3.));
#5028=CARTESIAN_POINT('',(-3.5857864376269,24.5301226772523,3.));
#5029=CARTESIAN_POINT('Origin',(-2.1715728752538,23.1159091148792,3.));
#5030=CARTESIAN_POINT('',(-3.5857864376269,24.5301226772523,0.));
#5031=CARTESIAN_POINT('',(-3.5857864376269,24.5301226772523,3.));
#5032=CARTESIAN_POINT('',(-2.1715728752538,25.1159091148792,0.));
#5033=CARTESIAN_POINT('Origin',(-2.1715728752538,23.1159091148792,0.));
#5034=CARTESIAN_POINT('',(-2.1715728752538,25.1159091148792,3.));
#5035=CARTESIAN_POINT('Origin',(-3.,25.1159091148792,3.));
#5036=CARTESIAN_POINT('',(-10.5224206515068,17.5934884633723,3.));
#5037=CARTESIAN_POINT('',(-11.9366342138799,16.1792749009992,3.));
#5038=CARTESIAN_POINT('',(-10.5224206515068,17.5934884633723,0.));
#5039=CARTESIAN_POINT('',(-10.5224206515068,17.5934884633723,1.5));
#5040=CARTESIAN_POINT('',(-2.65997249554844,25.4559366193307,0.));
#5041=CARTESIAN_POINT('Origin',(5.54794260513205,-31.0532478839857,3.));
#5042=CARTESIAN_POINT('',(4.52876556307923,-32.7740843541224,3.));
#5043=CARTESIAN_POINT('Origin',(5.54794260513205,-31.0532478839857,3.));
#5044=CARTESIAN_POINT('',(4.52876556307923,-32.7740843541224,0.));
#5045=CARTESIAN_POINT('',(4.52876556307923,-32.7740843541224,3.));
#5046=CARTESIAN_POINT('Origin',(5.54794260513205,-31.0532478839857,0.));
#5047=CARTESIAN_POINT('Origin',(-5.54794260513205,-31.0532478839857,3.));
#5048=CARTESIAN_POINT('',(-4.13372904275896,-29.6390343216126,-2.77555756156289E-16));
#5049=CARTESIAN_POINT('',(-4.52876556307924,-32.7740843541224,0.));
#5050=CARTESIAN_POINT('Origin',(-5.54794260513205,-31.0532478839857,0.));
#5051=CARTESIAN_POINT('',(-4.52876556307924,-32.7740843541224,3.));
#5052=CARTESIAN_POINT('',(-4.52876556307923,-32.7740843541224,3.));
#5053=CARTESIAN_POINT('',(-4.13372904275896,-29.6390343216126,3.));
#5054=CARTESIAN_POINT('Origin',(-5.54794260513205,-31.0532478839857,3.));
#5055=CARTESIAN_POINT('',(-4.13372904275896,-29.6390343216126,3.));
#5056=CARTESIAN_POINT('Origin',(-14.7650613386261,-19.0077020257454,3.));
#5057=CARTESIAN_POINT('',(-13.350847776253,-20.4219155881185,3.));
#5058=CARTESIAN_POINT('',(-3.,-30.7727633643715,3.));
#5059=CARTESIAN_POINT('',(-13.350847776253,-20.4219155881185,-2.77555756156289E-16));
#5060=CARTESIAN_POINT('',(-13.350847776253,-20.4219155881185,1.5));
#5061=CARTESIAN_POINT('',(-9.95671672723461,-23.8160466371369,-2.77555756156289E-16));
#5062=CARTESIAN_POINT('Origin',(-14.7650613386261,-21.8361291504916,1.5));
#5063=CARTESIAN_POINT('',(-16.1792749009992,-20.4219155881185,0.));
#5064=CARTESIAN_POINT('Origin',(-14.7650613386261,-21.8361291504916,0.));
#5065=CARTESIAN_POINT('',(-16.1792749009992,-20.4219155881185,3.));
#5066=CARTESIAN_POINT('Origin',(-14.7650613386261,-21.8361291504916,3.));
#5067=CARTESIAN_POINT('',(-16.1792749009992,-20.4219155881185,1.5));
#5068=CARTESIAN_POINT('Origin',(5.54794260513205,31.0532478839857,3.));
#5069=CARTESIAN_POINT('',(4.52876556307923,32.7740843541224,0.));
#5070=CARTESIAN_POINT('Origin',(5.54794260513205,31.0532478839857,0.));
#5071=CARTESIAN_POINT('',(4.52876556307923,32.7740843541224,3.));
#5072=CARTESIAN_POINT('',(4.52876556307923,32.7740843541224,3.));
#5073=CARTESIAN_POINT('Origin',(5.54794260513205,31.0532478839857,3.));
#5074=CARTESIAN_POINT('Origin',(-5.54794260513205,31.0532478839857,3.));
#5075=CARTESIAN_POINT('',(-4.13372904275896,29.6390343216126,3.));
#5076=CARTESIAN_POINT('',(-4.52876556307923,32.7740843541224,3.));
#5077=CARTESIAN_POINT('Origin',(-5.54794260513205,31.0532478839857,3.));
#5078=CARTESIAN_POINT('',(-4.52876556307923,32.7740843541224,0.));
#5079=CARTESIAN_POINT('',(-4.52876556307923,32.7740843541224,3.));
#5080=CARTESIAN_POINT('',(-4.13372904275896,29.6390343216126,-2.77555756156289E-16));
#5081=CARTESIAN_POINT('Origin',(-5.54794260513205,31.0532478839857,0.));
#5082=CARTESIAN_POINT('',(-4.13372904275896,29.6390343216126,3.));
#5083=CARTESIAN_POINT('Origin',(-14.7650613386261,19.0077020257454,3.));
#5084=CARTESIAN_POINT('',(-13.350847776253,20.4219155881185,-2.77555756156289E-16));
#5085=CARTESIAN_POINT('',(-9.95671672723461,23.8160466371369,-2.77555756156289E-16));
#5086=CARTESIAN_POINT('',(-13.350847776253,20.4219155881185,3.));
#5087=CARTESIAN_POINT('',(-13.350847776253,20.4219155881185,1.5));
#5088=CARTESIAN_POINT('',(-3.,30.7727633643715,3.));
#5089=CARTESIAN_POINT('Origin',(-14.7650613386261,21.8361291504916,1.5));
#5090=CARTESIAN_POINT('',(-16.1792749009992,20.4219155881185,3.));
#5091=CARTESIAN_POINT('Origin',(-14.7650613386261,21.8361291504916,3.));
#5092=CARTESIAN_POINT('',(-16.1792749009992,20.4219155881185,0.));
#5093=CARTESIAN_POINT('Origin',(-14.7650613386261,21.8361291504916,0.));
#5094=CARTESIAN_POINT('',(-16.1792749009992,20.4219155881185,1.5));
#5095=CARTESIAN_POINT('Origin',(-9.10820708913374,16.1792749009992,1.5));
#5096=CARTESIAN_POINT('',(-10.5224206515068,14.7650613386261,0.));
#5097=CARTESIAN_POINT('Origin',(-9.10820708913374,16.1792749009992,0.));
#5098=CARTESIAN_POINT('',(-10.5224206515068,14.7650613386261,3.));
#5099=CARTESIAN_POINT('Origin',(-9.10820708913374,16.1792749009992,3.));
#5100=CARTESIAN_POINT('',(-10.5224206515068,14.7650613386261,1.5));
#5101=CARTESIAN_POINT('Origin',(-9.10820708913374,-16.1792749009992,1.5));
#5102=CARTESIAN_POINT('',(-10.5224206515068,-14.7650613386261,3.));
#5103=CARTESIAN_POINT('Origin',(-9.10820708913374,-16.1792749009992,3.));
#5104=CARTESIAN_POINT('',(-10.5224206515068,-14.7650613386261,0.));
#5105=CARTESIAN_POINT('Origin',(-9.10820708913374,-16.1792749009992,0.));
#5106=CARTESIAN_POINT('',(-10.5224206515068,-14.7650613386261,1.5));
#5107=CARTESIAN_POINT('Origin',(9.10820708913375,-16.1792749009992,1.5));
#5108=CARTESIAN_POINT('',(10.5224206515068,-14.7650613386261,0.));
#5109=CARTESIAN_POINT('Origin',(9.10820708913375,-16.1792749009992,0.));
#5110=CARTESIAN_POINT('',(10.5224206515068,-14.7650613386261,3.));
#5111=CARTESIAN_POINT('Origin',(9.10820708913375,-16.1792749009992,3.));
#5112=CARTESIAN_POINT('',(10.5224206515068,-14.7650613386261,1.5));
#5113=CARTESIAN_POINT('Origin',(9.10820708913375,16.1792749009992,1.5));
#5114=CARTESIAN_POINT('',(10.5224206515068,14.7650613386261,3.));
#5115=CARTESIAN_POINT('Origin',(9.10820708913375,16.1792749009992,3.));
#5116=CARTESIAN_POINT('',(10.5224206515068,14.7650613386261,0.));
#5117=CARTESIAN_POINT('Origin',(9.10820708913375,16.1792749009992,0.));
#5118=CARTESIAN_POINT('',(10.5224206515068,14.7650613386261,1.5));
#5119=CARTESIAN_POINT('Origin',(-3.,-25.1159091148792,3.));
#5120=CARTESIAN_POINT('',(16.1776695296637,-25.1159091148792,0.));
#5121=CARTESIAN_POINT('',(16.1776695296637,-25.1159091148792,3.));
#5122=CARTESIAN_POINT('Origin',(35.3553390593274,35.3553390593274,0.));
#5123=CARTESIAN_POINT('',(-26.5016590427477,-30.744299729867,0.));
#5124=CARTESIAN_POINT('',(-33.2340187157677,-37.476659402887,0.));
#5125=CARTESIAN_POINT('',(-27.0798348765581,-32.3328247777354,0.));
#5126=CARTESIAN_POINT('Origin',(-25.0874454803746,-32.1585132922401,0.));
#5127=CARTESIAN_POINT('',(-26.78730547018,-35.6764511927336,0.));
#5128=CARTESIAN_POINT('',(-26.7060226895891,-36.6055176262008,0.));
#5129=CARTESIAN_POINT('',(-27.3654813039903,-37.264976240602,0.));
#5130=CARTESIAN_POINT('Origin',(-28.7796948663634,-35.8507626782289,0.));
#5131=CARTESIAN_POINT('',(-30.4055915910215,-40.3050865276332,0.));
#5132=CARTESIAN_POINT('',(-30.4055915910215,-40.3050865276332,0.));
#5133=CARTESIAN_POINT('',(-40.3050865276332,-30.4055915910216,0.));
#5134=CARTESIAN_POINT('Origin',(-35.3553390593274,-35.3553390593274,0.));
#5135=CARTESIAN_POINT('',(-37.264976240602,-27.3654813039903,0.));
#5136=CARTESIAN_POINT('',(-36.6055176262008,-26.7060226895891,0.));
#5137=CARTESIAN_POINT('',(-35.6764511927336,-26.78730547018,0.));
#5138=CARTESIAN_POINT('Origin',(-35.8507626782289,-28.7796948663634,0.));
#5139=CARTESIAN_POINT('',(-32.3328247777354,-27.0798348765581,0.));
#5140=CARTESIAN_POINT('',(-31.4037583442683,-27.161117657149,0.));
#5141=CARTESIAN_POINT('',(-30.744299729867,-26.5016590427477,0.));
#5142=CARTESIAN_POINT('Origin',(-32.1585132922401,-25.0874454803746,0.));
#5143=CARTESIAN_POINT('',(-14.5857864376269,-10.3431457505076,0.));
#5144=CARTESIAN_POINT('',(-2.12132034355965,2.12132034355964,0.));
#5145=CARTESIAN_POINT('',(-14.,-8.92893218813452,0.));
#5146=CARTESIAN_POINT('Origin',(-16.,-8.92893218813452,0.));
#5147=CARTESIAN_POINT('',(-14.,-4.99999999999999,0.));
#5148=CARTESIAN_POINT('',(-14.,-7.,0.));
#5149=CARTESIAN_POINT('',(-16.,-2.99999999999999,0.));
#5150=CARTESIAN_POINT('Origin',(-16.,-4.99999999999999,0.));
#5151=CARTESIAN_POINT('',(-30.7727633643715,-3.,0.));
#5152=CARTESIAN_POINT('',(-20.0888347648318,-2.99999999999999,0.));
#5153=CARTESIAN_POINT('',(-32.6057936423539,-4.2,0.));
#5154=CARTESIAN_POINT('Origin',(-30.7727633643715,-5.,0.));
#5155=CARTESIAN_POINT('',(-38.3553390593274,-3.,0.));
#5156=CARTESIAN_POINT('Origin',(-35.3553390593274,-3.,0.));
#5157=CARTESIAN_POINT('',(-38.3553390593274,3.,0.));
#5158=CARTESIAN_POINT('',(-38.3553390593274,-1.5,0.));
#5159=CARTESIAN_POINT('',(-32.6057936423539,4.20000000000001,0.));
#5160=CARTESIAN_POINT('Origin',(-35.3553390593274,3.,0.));
#5161=CARTESIAN_POINT('',(-30.7727633643715,3.,0.));
#5162=CARTESIAN_POINT('Origin',(-30.7727633643715,5.00000000000001,0.));
#5163=CARTESIAN_POINT('',(-16.,3.00000000000001,0.));
#5164=CARTESIAN_POINT('',(-29.2665042944955,3.,0.));
#5165=CARTESIAN_POINT('',(-14.,5.00000000000001,0.));
#5166=CARTESIAN_POINT('Origin',(-16.,5.00000000000001,0.));
#5167=CARTESIAN_POINT('',(-14.,8.92893218813453,0.));
#5168=CARTESIAN_POINT('',(-14.,-7.,0.));
#5169=CARTESIAN_POINT('',(-14.5857864376269,10.3431457505076,0.));
#5170=CARTESIAN_POINT('Origin',(-16.,8.92893218813453,0.));
#5171=CARTESIAN_POINT('',(-30.744299729867,26.5016590427477,0.));
#5172=CARTESIAN_POINT('',(-37.476659402887,33.2340187157677,0.));
#5173=CARTESIAN_POINT('',(-32.3328247777354,27.0798348765581,0.));
#5174=CARTESIAN_POINT('Origin',(-32.1585132922401,25.0874454803746,0.));
#5175=CARTESIAN_POINT('',(-35.6764511927336,26.78730547018,0.));
#5176=CARTESIAN_POINT('',(-36.6055176262008,26.7060226895891,0.));
#5177=CARTESIAN_POINT('',(-37.264976240602,27.3654813039903,0.));
#5178=CARTESIAN_POINT('Origin',(-35.8507626782289,28.7796948663634,0.));
#5179=CARTESIAN_POINT('',(-40.3050865276332,30.4055915910215,0.));
#5180=CARTESIAN_POINT('',(-40.3050865276332,30.4055915910215,0.));
#5181=CARTESIAN_POINT('',(-30.4055915910216,40.3050865276332,0.));
#5182=CARTESIAN_POINT('Origin',(-35.3553390593274,35.3553390593274,0.));
#5183=CARTESIAN_POINT('',(-27.3654813039903,37.264976240602,0.));
#5184=CARTESIAN_POINT('',(-26.7060226895891,36.6055176262008,0.));
#5185=CARTESIAN_POINT('',(-26.78730547018,35.6764511927336,0.));
#5186=CARTESIAN_POINT('Origin',(-28.7796948663634,35.8507626782289,0.));
#5187=CARTESIAN_POINT('',(-27.0798348765581,32.3328247777354,0.));
#5188=CARTESIAN_POINT('',(-27.161117657149,31.4037583442683,0.));
#5189=CARTESIAN_POINT('',(-26.5016590427477,30.744299729867,0.));
#5190=CARTESIAN_POINT('Origin',(-25.0874454803746,32.1585132922401,0.));
#5191=CARTESIAN_POINT('',(2.12132034355964,2.12132034355965,0.));
#5192=CARTESIAN_POINT('',(-3.,38.3553390593274,0.));
#5193=CARTESIAN_POINT('Origin',(-3.,35.3553390593274,0.));
#5194=CARTESIAN_POINT('',(3.,38.3553390593274,0.));
#5195=CARTESIAN_POINT('',(-1.5,38.3553390593274,0.));
#5196=CARTESIAN_POINT('Origin',(3.,35.3553390593274,0.));
#5197=CARTESIAN_POINT('',(26.5016590427477,30.744299729867,0.));
#5198=CARTESIAN_POINT('',(33.2340187157677,37.476659402887,0.));
#5199=CARTESIAN_POINT('',(27.0798348765581,32.3328247777354,0.));
#5200=CARTESIAN_POINT('Origin',(25.0874454803746,32.1585132922401,0.));
#5201=CARTESIAN_POINT('',(26.7873054701799,35.6764511927336,0.));
#5202=CARTESIAN_POINT('',(26.7060226895891,36.6055176262008,0.));
#5203=CARTESIAN_POINT('',(27.3654813039903,37.264976240602,0.));
#5204=CARTESIAN_POINT('Origin',(28.7796948663634,35.8507626782289,0.));
#5205=CARTESIAN_POINT('',(30.4055915910215,40.3050865276332,0.));
#5206=CARTESIAN_POINT('',(30.4055915910215,40.3050865276332,0.));
#5207=CARTESIAN_POINT('',(40.3050865276332,30.4055915910216,0.));
#5208=CARTESIAN_POINT('Origin',(35.3553390593274,35.3553390593274,0.));
#5209=CARTESIAN_POINT('',(37.264976240602,27.3654813039904,0.));
#5210=CARTESIAN_POINT('',(36.6055176262008,26.7060226895891,0.));
#5211=CARTESIAN_POINT('',(35.6764511927336,26.78730547018,0.));
#5212=CARTESIAN_POINT('Origin',(35.8507626782289,28.7796948663634,0.));
#5213=CARTESIAN_POINT('',(32.3328247777354,27.0798348765581,0.));
#5214=CARTESIAN_POINT('',(31.4037583442683,27.161117657149,0.));
#5215=CARTESIAN_POINT('',(30.744299729867,26.5016590427477,0.));
#5216=CARTESIAN_POINT('Origin',(32.1585132922401,25.0874454803746,0.));
#5217=CARTESIAN_POINT('',(14.5857864376269,10.3431457505076,0.));
#5218=CARTESIAN_POINT('',(2.12132034355965,-2.12132034355964,0.));
#5219=CARTESIAN_POINT('',(14.,8.92893218813451,0.));
#5220=CARTESIAN_POINT('Origin',(16.,8.92893218813451,0.));
#5221=CARTESIAN_POINT('',(14.,4.99999999999999,0.));
#5222=CARTESIAN_POINT('',(14.,7.00000000000001,0.));
#5223=CARTESIAN_POINT('',(16.,3.,0.));
#5224=CARTESIAN_POINT('Origin',(16.,5.,0.));
#5225=CARTESIAN_POINT('',(30.7727633643715,3.,0.));
#5226=CARTESIAN_POINT('',(20.0888347648318,3.,0.));
#5227=CARTESIAN_POINT('',(32.6057936423539,4.2,0.));
#5228=CARTESIAN_POINT('Origin',(30.7727633643715,5.,0.));
#5229=CARTESIAN_POINT('',(38.3553390593274,3.,0.));
#5230=CARTESIAN_POINT('Origin',(35.3553390593274,3.,0.));
#5231=CARTESIAN_POINT('',(38.3553390593274,-3.,0.));
#5232=CARTESIAN_POINT('',(38.3553390593274,1.5,0.));
#5233=CARTESIAN_POINT('',(32.6057936423539,-4.2,0.));
#5234=CARTESIAN_POINT('Origin',(35.3553390593274,-3.,0.));
#5235=CARTESIAN_POINT('',(30.7727633643715,-3.,0.));
#5236=CARTESIAN_POINT('Origin',(30.7727633643715,-5.,0.));
#5237=CARTESIAN_POINT('',(16.,-3.,0.));
#5238=CARTESIAN_POINT('',(29.2665042944955,-3.,0.));
#5239=CARTESIAN_POINT('',(14.,-5.,0.));
#5240=CARTESIAN_POINT('Origin',(16.,-5.,0.));
#5241=CARTESIAN_POINT('',(14.,-8.92893218813452,0.));
#5242=CARTESIAN_POINT('',(14.,7.00000000000001,0.));
#5243=CARTESIAN_POINT('',(14.5857864376269,-10.3431457505076,0.));
#5244=CARTESIAN_POINT('Origin',(16.,-8.92893218813452,0.));
#5245=CARTESIAN_POINT('',(30.744299729867,-26.5016590427477,0.));
#5246=CARTESIAN_POINT('',(37.476659402887,-33.2340187157677,0.));
#5247=CARTESIAN_POINT('',(32.3328247777354,-27.0798348765581,0.));
#5248=CARTESIAN_POINT('Origin',(32.1585132922401,-25.0874454803746,0.));
#5249=CARTESIAN_POINT('',(35.6764511927336,-26.78730547018,0.));
#5250=CARTESIAN_POINT('',(36.6055176262008,-26.7060226895891,0.));
#5251=CARTESIAN_POINT('',(37.264976240602,-27.3654813039904,0.));
#5252=CARTESIAN_POINT('Origin',(35.8507626782289,-28.7796948663634,0.));
#5253=CARTESIAN_POINT('',(40.3050865276332,-30.4055915910215,0.));
#5254=CARTESIAN_POINT('',(40.3050865276332,-30.4055915910215,0.));
#5255=CARTESIAN_POINT('',(30.4055915910216,-40.3050865276332,0.));
#5256=CARTESIAN_POINT('Origin',(35.3553390593274,-35.3553390593274,0.));
#5257=CARTESIAN_POINT('',(27.3654813039903,-37.264976240602,0.));
#5258=CARTESIAN_POINT('',(26.7060226895891,-36.6055176262008,0.));
#5259=CARTESIAN_POINT('',(26.7873054701799,-35.6764511927336,0.));
#5260=CARTESIAN_POINT('Origin',(28.7796948663634,-35.8507626782289,0.));
#5261=CARTESIAN_POINT('',(27.0798348765581,-32.3328247777354,0.));
#5262=CARTESIAN_POINT('',(27.161117657149,-31.4037583442683,0.));
#5263=CARTESIAN_POINT('',(26.5016590427477,-30.744299729867,0.));
#5264=CARTESIAN_POINT('Origin',(25.0874454803746,-32.1585132922401,0.));
#5265=CARTESIAN_POINT('',(-2.12132034355964,-2.12132034355965,0.));
#5266=CARTESIAN_POINT('',(2.99999999999999,-38.3553390593274,0.));
#5267=CARTESIAN_POINT('Origin',(2.99999999999999,-35.3553390593274,0.));
#5268=CARTESIAN_POINT('',(-3.00000000000001,-38.3553390593274,0.));
#5269=CARTESIAN_POINT('',(1.49999999999999,-38.3553390593274,0.));
#5270=CARTESIAN_POINT('Origin',(-3.00000000000001,-35.3553390593274,0.));
#5271=CARTESIAN_POINT('',(2.99999999999999,-36.4053390593274,0.));
#5272=CARTESIAN_POINT('Origin',(2.99999999999999,-35.3553390593274,0.));
#5273=CARTESIAN_POINT('',(-3.00000000000001,-36.4053390593274,0.));
#5274=CARTESIAN_POINT('Origin',(-3.00000000000001,-35.3553390593274,0.));
#5275=CARTESIAN_POINT('',(-36.4053390593274,-3.,0.));
#5276=CARTESIAN_POINT('Origin',(-35.3553390593274,-3.,0.));
#5277=CARTESIAN_POINT('',(-36.4053390593274,3.,0.));
#5278=CARTESIAN_POINT('Origin',(-35.3553390593274,3.,0.));
#5279=CARTESIAN_POINT('',(-3.,36.4053390593274,0.));
#5280=CARTESIAN_POINT('Origin',(-3.,35.3553390593274,0.));
#5281=CARTESIAN_POINT('',(3.,36.4053390593274,0.));
#5282=CARTESIAN_POINT('Origin',(3.,35.3553390593274,0.));
#5283=CARTESIAN_POINT('',(36.4053390593274,3.,0.));
#5284=CARTESIAN_POINT('Origin',(35.3553390593274,3.,0.));
#5285=CARTESIAN_POINT('',(36.4053390593274,-3.,0.));
#5286=CARTESIAN_POINT('Origin',(35.3553390593274,-3.,0.));
#5287=CARTESIAN_POINT('',(8.95,10.,0.));
#5288=CARTESIAN_POINT('Origin',(10.,10.,0.));
#5289=CARTESIAN_POINT('',(-11.05,10.,0.));
#5290=CARTESIAN_POINT('Origin',(-10.,10.,0.));
#5291=CARTESIAN_POINT('',(8.95,-10.,0.));
#5292=CARTESIAN_POINT('Origin',(10.,-10.,0.));
#5293=CARTESIAN_POINT('',(-11.05,-10.,0.));
#5294=CARTESIAN_POINT('Origin',(-10.,-10.,0.));
#5295=CARTESIAN_POINT('',(3.05025253169418,7.29289321881346,0.));
#5296=CARTESIAN_POINT('',(0.707106781186546,4.94974746830583,0.));
#5297=CARTESIAN_POINT('',(33.2340187157677,37.476659402887,0.));
#5298=CARTESIAN_POINT('',(2.34314575050763,9.,0.));
#5299=CARTESIAN_POINT('Origin',(2.34314575050763,8.00000000000001,0.));
#5300=CARTESIAN_POINT('',(-2.34314575050762,9.,0.));
#5301=CARTESIAN_POINT('',(4.49999999999999,9.,0.));
#5302=CARTESIAN_POINT('',(-3.05025253169417,7.29289321881346,0.));
#5303=CARTESIAN_POINT('Origin',(-2.34314575050762,8.,0.));
#5304=CARTESIAN_POINT('',(-0.707106781186543,4.94974746830583,0.));
#5305=CARTESIAN_POINT('',(2.12132034355964,2.12132034355965,0.));
#5306=CARTESIAN_POINT('Origin',(4.44089209850063E-15,5.65685424949238,0.));
#5307=CARTESIAN_POINT('',(-9.,2.34314575050763,0.));
#5308=CARTESIAN_POINT('',(-9.,-2.34314575050762,0.));
#5309=CARTESIAN_POINT('',(-9.,4.5,0.));
#5310=CARTESIAN_POINT('',(-7.29289321881345,-3.05025253169416,0.));
#5311=CARTESIAN_POINT('Origin',(-8.,-2.34314575050762,0.));
#5312=CARTESIAN_POINT('',(-4.94974746830583,-0.707106781186542,0.));
#5313=CARTESIAN_POINT('',(-2.12132034355965,2.12132034355964,0.));
#5314=CARTESIAN_POINT('',(-4.94974746830583,0.707106781186551,0.));
#5315=CARTESIAN_POINT('Origin',(-5.65685424949238,4.44089209850063E-15,
0.));
#5316=CARTESIAN_POINT('',(-7.29289321881345,3.05025253169417,0.));
#5317=CARTESIAN_POINT('',(-37.476659402887,33.2340187157677,0.));
#5318=CARTESIAN_POINT('Origin',(-8.,2.34314575050763,0.));
#5319=CARTESIAN_POINT('',(-2.34314575050762,-9.,0.));
#5320=CARTESIAN_POINT('',(2.34314575050761,-9.,0.));
#5321=CARTESIAN_POINT('',(-4.5,-9.,0.));
#5322=CARTESIAN_POINT('',(3.05025253169416,-7.29289321881345,0.));
#5323=CARTESIAN_POINT('Origin',(2.34314575050761,-8.,0.));
#5324=CARTESIAN_POINT('',(0.707106781186541,-4.94974746830583,0.));
#5325=CARTESIAN_POINT('',(-2.12132034355964,-2.12132034355965,0.));
#5326=CARTESIAN_POINT('',(-0.707106781186551,-4.94974746830583,0.));
#5327=CARTESIAN_POINT('Origin',(-4.44089209850063E-15,-5.65685424949238,
0.));
#5328=CARTESIAN_POINT('',(-3.05025253169418,-7.29289321881345,0.));
#5329=CARTESIAN_POINT('',(-33.2340187157677,-37.476659402887,0.));
#5330=CARTESIAN_POINT('Origin',(-2.34314575050762,-8.,0.));
#5331=CARTESIAN_POINT('',(36.4053390593274,39.8553390593274,0.));
#5332=CARTESIAN_POINT('Origin',(35.3553390593274,39.8553390593274,0.));
#5333=CARTESIAN_POINT('',(40.9053390593274,35.3553390593274,0.));
#5334=CARTESIAN_POINT('Origin',(39.8553390593274,35.3553390593274,0.));
#5335=CARTESIAN_POINT('',(36.4053390593274,30.8553390593274,0.));
#5336=CARTESIAN_POINT('Origin',(35.3553390593274,30.8553390593274,0.));
#5337=CARTESIAN_POINT('',(31.9053390593274,35.3553390593274,0.));
#5338=CARTESIAN_POINT('Origin',(30.8553390593274,35.3553390593274,0.));
#5339=CARTESIAN_POINT('',(37.5053390593274,35.3553390593274,0.));
#5340=CARTESIAN_POINT('Origin',(35.3553390593274,35.3553390593274,0.));
#5341=CARTESIAN_POINT('',(35.3553390593274,-37.5053390593274,0.));
#5342=CARTESIAN_POINT('Origin',(35.3553390593274,-35.3553390593274,0.));
#5343=CARTESIAN_POINT('',(35.3553390593274,-31.9053390593274,0.));
#5344=CARTESIAN_POINT('Origin',(35.3553390593274,-30.8553390593274,0.));
#5345=CARTESIAN_POINT('',(30.8553390593274,-36.4053390593274,0.));
#5346=CARTESIAN_POINT('Origin',(30.8553390593274,-35.3553390593274,0.));
#5347=CARTESIAN_POINT('',(35.3553390593274,-40.9053390593274,0.));
#5348=CARTESIAN_POINT('Origin',(35.3553390593274,-39.8553390593274,0.));
#5349=CARTESIAN_POINT('',(39.8553390593274,-36.4053390593274,0.));
#5350=CARTESIAN_POINT('Origin',(39.8553390593274,-35.3553390593274,0.));
#5351=CARTESIAN_POINT('',(-37.5053390593274,-35.3553390593274,0.));
#5352=CARTESIAN_POINT('Origin',(-35.3553390593274,-35.3553390593274,0.));
#5353=CARTESIAN_POINT('',(-31.9053390593274,-35.3553390593274,0.));
#5354=CARTESIAN_POINT('Origin',(-30.8553390593274,-35.3553390593274,0.));
#5355=CARTESIAN_POINT('',(-36.4053390593274,-30.8553390593274,0.));
#5356=CARTESIAN_POINT('Origin',(-35.3553390593274,-30.8553390593274,0.));
#5357=CARTESIAN_POINT('',(-40.9053390593274,-35.3553390593274,0.));
#5358=CARTESIAN_POINT('Origin',(-39.8553390593274,-35.3553390593274,0.));
#5359=CARTESIAN_POINT('',(-36.4053390593274,-39.8553390593274,0.));
#5360=CARTESIAN_POINT('Origin',(-35.3553390593274,-39.8553390593274,0.));
#5361=CARTESIAN_POINT('',(9.,-2.34314575050763,0.));
#5362=CARTESIAN_POINT('',(8.99999999999999,2.34314575050761,0.));
#5363=CARTESIAN_POINT('',(9.,-4.5,0.));
#5364=CARTESIAN_POINT('',(7.29289321881345,3.05025253169416,0.));
#5365=CARTESIAN_POINT('Origin',(7.99999999999999,2.34314575050761,0.));
#5366=CARTESIAN_POINT('',(4.94974746830583,0.707106781186543,0.));
#5367=CARTESIAN_POINT('',(2.12132034355965,-2.12132034355964,0.));
#5368=CARTESIAN_POINT('',(4.94974746830583,-0.707106781186551,0.));
#5369=CARTESIAN_POINT('Origin',(5.65685424949238,-4.44089209850063E-15,
0.));
#5370=CARTESIAN_POINT('',(7.29289321881345,-3.05025253169417,0.));
#5371=CARTESIAN_POINT('',(37.476659402887,-33.2340187157677,0.));
#5372=CARTESIAN_POINT('Origin',(7.99999999999999,-2.34314575050763,0.));
#5373=CARTESIAN_POINT('',(-39.8553390593274,36.4053390593274,0.));
#5374=CARTESIAN_POINT('Origin',(-39.8553390593274,35.3553390593274,0.));
#5375=CARTESIAN_POINT('',(-35.3553390593274,40.9053390593274,0.));
#5376=CARTESIAN_POINT('Origin',(-35.3553390593274,39.8553390593274,0.));
#5377=CARTESIAN_POINT('',(-30.8553390593274,36.4053390593274,0.));
#5378=CARTESIAN_POINT('Origin',(-30.8553390593274,35.3553390593274,0.));
#5379=CARTESIAN_POINT('',(-35.3553390593274,31.9053390593274,0.));
#5380=CARTESIAN_POINT('Origin',(-35.3553390593274,30.8553390593274,0.));
#5381=CARTESIAN_POINT('',(-35.3553390593274,37.5053390593274,0.));
#5382=CARTESIAN_POINT('Origin',(-35.3553390593274,35.3553390593274,0.));
#5383=CARTESIAN_POINT('',(-8.92893218813453,14.,0.));
#5384=CARTESIAN_POINT('',(8.92893218813453,14.,0.));
#5385=CARTESIAN_POINT('',(-7.00000000000001,14.,0.));
#5386=CARTESIAN_POINT('',(10.3431457505076,14.5857864376269,0.));
#5387=CARTESIAN_POINT('Origin',(8.92893218813453,16.,0.));
#5388=CARTESIAN_POINT('',(33.2340187157677,37.476659402887,0.));
#5389=CARTESIAN_POINT('',(16.1776695296637,25.1159091148792,0.));
#5390=CARTESIAN_POINT('',(-10.3431457505076,14.5857864376269,0.));
#5391=CARTESIAN_POINT('',(2.12132034355964,2.12132034355965,0.));
#5392=CARTESIAN_POINT('Origin',(-8.92893218813453,16.,0.));
#5393=CARTESIAN_POINT('',(8.92893218813451,-14.,0.));
#5394=CARTESIAN_POINT('',(-8.92893218813453,-14.,0.));
#5395=CARTESIAN_POINT('',(7.,-14.,0.));
#5396=CARTESIAN_POINT('',(-10.3431457505076,-14.5857864376269,0.));
#5397=CARTESIAN_POINT('Origin',(-8.92893218813453,-16.,0.));
#5398=CARTESIAN_POINT('',(-33.2340187157677,-37.476659402887,0.));
#5399=CARTESIAN_POINT('',(10.3431457505076,-14.5857864376269,0.));
#5400=CARTESIAN_POINT('',(-2.12132034355964,-2.12132034355965,0.));
#5401=CARTESIAN_POINT('Origin',(8.92893218813451,-16.,0.));
#5402=CARTESIAN_POINT('Origin',(-27.161117657149,-31.4037583442682,0.));
#5403=CARTESIAN_POINT('',(-26.5016590427477,-30.744299729867,3.));
#5404=CARTESIAN_POINT('',(-33.2340187157677,-37.476659402887,3.));
#5405=CARTESIAN_POINT('',(-26.5016590427477,-30.744299729867,0.));
#5406=CARTESIAN_POINT('Origin',(-27.161117657149,-31.4037583442682,0.));
#5407=CARTESIAN_POINT('',(-10.3431457505076,-14.5857864376269,3.));
#5408=CARTESIAN_POINT('',(-10.3431457505076,-14.5857864376269,1.5));
#5409=CARTESIAN_POINT('',(-33.2340187157677,-37.476659402887,3.));
#5410=CARTESIAN_POINT('Origin',(-5.01804694455656E-16,-4.24264068711929,
0.));
#5411=CARTESIAN_POINT('',(26.5016590427477,-30.744299729867,3.));
#5412=CARTESIAN_POINT('',(26.5016590427477,-30.744299729867,0.));
#5413=CARTESIAN_POINT('',(-2.12132034355964,-2.12132034355965,3.));
#5414=CARTESIAN_POINT('Origin',(-5.01804694455656E-16,-4.24264068711929,
0.));
#5415=CARTESIAN_POINT('',(10.3431457505076,-14.5857864376269,3.));
#5416=CARTESIAN_POINT('',(-2.12132034355964,-2.12132034355965,3.));
#5417=CARTESIAN_POINT('',(10.3431457505076,-14.5857864376269,1.5));
#5418=CARTESIAN_POINT('Origin',(-3.,25.1159091148792,3.));
#5419=CARTESIAN_POINT('',(16.1776695296637,25.1159091148792,3.));
#5420=CARTESIAN_POINT('Origin',(35.3553390593274,35.3553390593274,3.));
#5421=CARTESIAN_POINT('',(-3.00000000000001,-38.3553390593274,3.));
#5422=CARTESIAN_POINT('Origin',(-3.00000000000001,-35.3553390593274,3.));
#5423=CARTESIAN_POINT('',(2.99999999999999,-38.3553390593274,3.));
#5424=CARTESIAN_POINT('',(-6.00000000000001,-38.3553390593274,3.));
#5425=CARTESIAN_POINT('Origin',(2.99999999999999,-35.3553390593274,3.));
#5426=CARTESIAN_POINT('',(27.0798348765581,-32.3328247777354,3.));
#5427=CARTESIAN_POINT('Origin',(25.0874454803746,-32.1585132922401,3.));
#5428=CARTESIAN_POINT('',(26.7873054701799,-35.6764511927336,3.));
#5429=CARTESIAN_POINT('',(27.161117657149,-31.4037583442683,3.));
#5430=CARTESIAN_POINT('',(27.3654813039903,-37.264976240602,3.));
#5431=CARTESIAN_POINT('Origin',(28.7796948663634,-35.8507626782289,3.));
#5432=CARTESIAN_POINT('',(30.4055915910216,-40.3050865276332,3.));
#5433=CARTESIAN_POINT('',(26.7060226895891,-36.6055176262008,3.));
#5434=CARTESIAN_POINT('',(40.3050865276332,-30.4055915910215,3.));
#5435=CARTESIAN_POINT('Origin',(35.3553390593274,-35.3553390593274,3.));
#5436=CARTESIAN_POINT('',(37.264976240602,-27.3654813039904,3.));
#5437=CARTESIAN_POINT('',(40.3050865276332,-30.4055915910215,3.));
#5438=CARTESIAN_POINT('',(35.6764511927336,-26.78730547018,3.));
#5439=CARTESIAN_POINT('Origin',(35.8507626782289,-28.7796948663634,3.));
#5440=CARTESIAN_POINT('',(32.3328247777354,-27.0798348765581,3.));
#5441=CARTESIAN_POINT('',(36.6055176262008,-26.7060226895891,3.));
#5442=CARTESIAN_POINT('',(30.744299729867,-26.5016590427477,3.));
#5443=CARTESIAN_POINT('Origin',(32.1585132922401,-25.0874454803746,3.));
#5444=CARTESIAN_POINT('',(14.5857864376269,-10.3431457505076,3.));
#5445=CARTESIAN_POINT('',(37.476659402887,-33.2340187157677,3.));
#5446=CARTESIAN_POINT('',(14.,-8.92893218813452,3.));
#5447=CARTESIAN_POINT('Origin',(16.,-8.92893218813452,3.));
#5448=CARTESIAN_POINT('',(14.,-5.,3.));
#5449=CARTESIAN_POINT('',(14.,-14.,3.));
#5450=CARTESIAN_POINT('',(16.,-3.,3.));
#5451=CARTESIAN_POINT('Origin',(16.,-5.,3.));
#5452=CARTESIAN_POINT('',(30.7727633643715,-3.,3.));
#5453=CARTESIAN_POINT('',(14.,-3.,3.));
#5454=CARTESIAN_POINT('',(32.6057936423539,-4.2,3.));
#5455=CARTESIAN_POINT('Origin',(30.7727633643715,-5.,3.));
#5456=CARTESIAN_POINT('',(38.3553390593274,-3.,3.));
#5457=CARTESIAN_POINT('Origin',(35.3553390593274,-3.,3.));
#5458=CARTESIAN_POINT('',(38.3553390593274,3.,3.));
#5459=CARTESIAN_POINT('',(38.3553390593274,-6.,3.));
#5460=CARTESIAN_POINT('',(32.6057936423539,4.2,3.));
#5461=CARTESIAN_POINT('Origin',(35.3553390593274,3.,3.));
#5462=CARTESIAN_POINT('',(30.7727633643715,3.,3.));
#5463=CARTESIAN_POINT('Origin',(30.7727633643715,5.,3.));
#5464=CARTESIAN_POINT('',(16.,3.,3.));
#5465=CARTESIAN_POINT('',(35.3553390593274,3.,3.));
#5466=CARTESIAN_POINT('',(14.,5.,3.));
#5467=CARTESIAN_POINT('Origin',(16.,5.,3.));
#5468=CARTESIAN_POINT('',(14.,8.92893218813451,3.));
#5469=CARTESIAN_POINT('',(14.,-14.,3.));
#5470=CARTESIAN_POINT('',(14.5857864376269,10.3431457505076,3.));
#5471=CARTESIAN_POINT('Origin',(16.,8.92893218813451,3.));
#5472=CARTESIAN_POINT('',(30.744299729867,26.5016590427477,3.));
#5473=CARTESIAN_POINT('',(2.12132034355965,-2.12132034355964,3.));
#5474=CARTESIAN_POINT('',(32.3328247777354,27.0798348765581,3.));
#5475=CARTESIAN_POINT('Origin',(32.1585132922401,25.0874454803746,3.));
#5476=CARTESIAN_POINT('',(35.6764511927336,26.78730547018,3.));
#5477=CARTESIAN_POINT('',(31.4037583442683,27.161117657149,3.));
#5478=CARTESIAN_POINT('',(37.264976240602,27.3654813039904,3.));
#5479=CARTESIAN_POINT('Origin',(35.8507626782289,28.7796948663634,3.));
#5480=CARTESIAN_POINT('',(40.3050865276332,30.4055915910216,3.));
#5481=CARTESIAN_POINT('',(36.6055176262008,26.7060226895891,3.));
#5482=CARTESIAN_POINT('',(30.4055915910215,40.3050865276332,3.));
#5483=CARTESIAN_POINT('Origin',(35.3553390593274,35.3553390593274,3.));
#5484=CARTESIAN_POINT('',(27.3654813039903,37.264976240602,3.));
#5485=CARTESIAN_POINT('',(30.4055915910215,40.3050865276332,3.));
#5486=CARTESIAN_POINT('',(26.7873054701799,35.6764511927336,3.));
#5487=CARTESIAN_POINT('Origin',(28.7796948663634,35.8507626782289,3.));
#5488=CARTESIAN_POINT('',(27.0798348765581,32.3328247777354,3.));
#5489=CARTESIAN_POINT('',(26.7060226895891,36.6055176262008,3.));
#5490=CARTESIAN_POINT('',(26.5016590427477,30.744299729867,3.));
#5491=CARTESIAN_POINT('Origin',(25.0874454803746,32.1585132922401,3.));
#5492=CARTESIAN_POINT('',(33.2340187157677,37.476659402887,3.));
#5493=CARTESIAN_POINT('',(3.,38.3553390593274,3.));
#5494=CARTESIAN_POINT('Origin',(3.,35.3553390593274,3.));
#5495=CARTESIAN_POINT('',(-3.,38.3553390593274,3.));
#5496=CARTESIAN_POINT('',(6.,38.3553390593274,3.));
#5497=CARTESIAN_POINT('Origin',(-3.,35.3553390593274,3.));
#5498=CARTESIAN_POINT('',(-26.5016590427477,30.744299729867,3.));
#5499=CARTESIAN_POINT('',(2.12132034355964,2.12132034355965,3.));
#5500=CARTESIAN_POINT('',(-27.0798348765581,32.3328247777354,3.));
#5501=CARTESIAN_POINT('Origin',(-25.0874454803746,32.1585132922401,3.));
#5502=CARTESIAN_POINT('',(-26.78730547018,35.6764511927336,3.));
#5503=CARTESIAN_POINT('',(-27.161117657149,31.4037583442683,3.));
#5504=CARTESIAN_POINT('',(-27.3654813039903,37.264976240602,3.));
#5505=CARTESIAN_POINT('Origin',(-28.7796948663634,35.8507626782289,3.));
#5506=CARTESIAN_POINT('',(-30.4055915910216,40.3050865276332,3.));
#5507=CARTESIAN_POINT('',(-26.7060226895891,36.6055176262008,3.));
#5508=CARTESIAN_POINT('',(-40.3050865276332,30.4055915910215,3.));
#5509=CARTESIAN_POINT('Origin',(-35.3553390593274,35.3553390593274,3.));
#5510=CARTESIAN_POINT('',(-37.264976240602,27.3654813039903,3.));
#5511=CARTESIAN_POINT('',(-40.3050865276332,30.4055915910215,3.));
#5512=CARTESIAN_POINT('',(-35.6764511927336,26.78730547018,3.));
#5513=CARTESIAN_POINT('Origin',(-35.8507626782289,28.7796948663634,3.));
#5514=CARTESIAN_POINT('',(-32.3328247777354,27.0798348765581,3.));
#5515=CARTESIAN_POINT('',(-36.6055176262008,26.7060226895891,3.));
#5516=CARTESIAN_POINT('',(-30.744299729867,26.5016590427477,3.));
#5517=CARTESIAN_POINT('Origin',(-32.1585132922401,25.0874454803746,3.));
#5518=CARTESIAN_POINT('',(-14.5857864376269,10.3431457505076,3.));
#5519=CARTESIAN_POINT('',(-37.476659402887,33.2340187157677,3.));
#5520=CARTESIAN_POINT('',(-14.,8.92893218813453,3.));
#5521=CARTESIAN_POINT('Origin',(-16.,8.92893218813453,3.));
#5522=CARTESIAN_POINT('',(-14.,5.00000000000001,3.));
#5523=CARTESIAN_POINT('',(-14.,14.,3.));
#5524=CARTESIAN_POINT('',(-16.,3.00000000000001,3.));
#5525=CARTESIAN_POINT('Origin',(-16.,5.00000000000001,3.));
#5526=CARTESIAN_POINT('',(-30.7727633643715,3.00000000000001,3.));
#5527=CARTESIAN_POINT('',(-14.,3.00000000000001,3.));
#5528=CARTESIAN_POINT('',(-32.6057936423539,4.20000000000001,3.));
#5529=CARTESIAN_POINT('Origin',(-30.7727633643715,5.00000000000001,3.));
#5530=CARTESIAN_POINT('',(-38.3553390593274,3.,3.));
#5531=CARTESIAN_POINT('Origin',(-35.3553390593274,3.,3.));
#5532=CARTESIAN_POINT('',(-38.3553390593274,-3.,3.));
#5533=CARTESIAN_POINT('',(-38.3553390593274,6.00000000000001,3.));
#5534=CARTESIAN_POINT('',(-32.6057936423539,-4.2,3.));
#5535=CARTESIAN_POINT('Origin',(-35.3553390593274,-3.,3.));
#5536=CARTESIAN_POINT('',(-30.7727633643715,-3.,3.));
#5537=CARTESIAN_POINT('Origin',(-30.7727633643715,-5.,3.));
#5538=CARTESIAN_POINT('',(-16.,-2.99999999999999,3.));
#5539=CARTESIAN_POINT('',(-35.3553390593274,-3.,3.));
#5540=CARTESIAN_POINT('',(-14.,-4.99999999999999,3.));
#5541=CARTESIAN_POINT('Origin',(-16.,-4.99999999999999,3.));
#5542=CARTESIAN_POINT('',(-14.,-8.92893218813452,3.));
#5543=CARTESIAN_POINT('',(-14.,14.,3.));
#5544=CARTESIAN_POINT('',(-14.5857864376269,-10.3431457505076,3.));
#5545=CARTESIAN_POINT('Origin',(-16.,-8.92893218813452,3.));
#5546=CARTESIAN_POINT('',(-30.744299729867,-26.5016590427477,3.));
#5547=CARTESIAN_POINT('',(-2.12132034355965,2.12132034355964,3.));
#5548=CARTESIAN_POINT('',(-32.3328247777354,-27.0798348765581,3.));
#5549=CARTESIAN_POINT('Origin',(-32.1585132922401,-25.0874454803746,3.));
#5550=CARTESIAN_POINT('',(-35.6764511927336,-26.78730547018,3.));
#5551=CARTESIAN_POINT('',(-31.4037583442683,-27.161117657149,3.));
#5552=CARTESIAN_POINT('',(-37.264976240602,-27.3654813039903,3.));
#5553=CARTESIAN_POINT('Origin',(-35.8507626782289,-28.7796948663634,3.));
#5554=CARTESIAN_POINT('',(-40.3050865276332,-30.4055915910216,3.));
#5555=CARTESIAN_POINT('',(-36.6055176262008,-26.7060226895891,3.));
#5556=CARTESIAN_POINT('',(-30.4055915910215,-40.3050865276332,3.));
#5557=CARTESIAN_POINT('Origin',(-35.3553390593274,-35.3553390593274,3.));
#5558=CARTESIAN_POINT('',(-27.3654813039903,-37.264976240602,3.));
#5559=CARTESIAN_POINT('',(-30.4055915910215,-40.3050865276332,3.));
#5560=CARTESIAN_POINT('',(-26.78730547018,-35.6764511927336,3.));
#5561=CARTESIAN_POINT('Origin',(-28.7796948663634,-35.8507626782289,3.));
#5562=CARTESIAN_POINT('',(-27.0798348765581,-32.3328247777354,3.));
#5563=CARTESIAN_POINT('',(-26.7060226895891,-36.6055176262008,3.));
#5564=CARTESIAN_POINT('Origin',(-25.0874454803746,-32.1585132922401,3.));
#5565=CARTESIAN_POINT('',(-8.92893218813453,-14.,3.));
#5566=CARTESIAN_POINT('',(8.92893218813451,-14.,3.));
#5567=CARTESIAN_POINT('',(-14.,-14.,3.));
#5568=CARTESIAN_POINT('Origin',(8.92893218813451,-16.,3.));
#5569=CARTESIAN_POINT('Origin',(-8.92893218813453,-16.,3.));
#5570=CARTESIAN_POINT('',(2.99999999999999,-36.4053390593274,3.));
#5571=CARTESIAN_POINT('Origin',(2.99999999999999,-35.3553390593274,3.));
#5572=CARTESIAN_POINT('',(-3.00000000000001,-36.4053390593274,3.));
#5573=CARTESIAN_POINT('Origin',(-3.00000000000001,-35.3553390593274,3.));
#5574=CARTESIAN_POINT('',(-36.4053390593274,-3.,3.));
#5575=CARTESIAN_POINT('Origin',(-35.3553390593274,-3.,3.));
#5576=CARTESIAN_POINT('',(-36.4053390593274,3.,3.));
#5577=CARTESIAN_POINT('Origin',(-35.3553390593274,3.,3.));
#5578=CARTESIAN_POINT('',(-3.,36.4053390593274,3.));
#5579=CARTESIAN_POINT('Origin',(-3.,35.3553390593274,3.));
#5580=CARTESIAN_POINT('',(3.,36.4053390593274,3.));
#5581=CARTESIAN_POINT('Origin',(3.,35.3553390593274,3.));
#5582=CARTESIAN_POINT('',(36.4053390593274,3.,3.));
#5583=CARTESIAN_POINT('Origin',(35.3553390593274,3.,3.));
#5584=CARTESIAN_POINT('',(36.4053390593274,-3.,3.));
#5585=CARTESIAN_POINT('Origin',(35.3553390593274,-3.,3.));
#5586=CARTESIAN_POINT('',(8.95,10.,3.));
#5587=CARTESIAN_POINT('Origin',(10.,10.,3.));
#5588=CARTESIAN_POINT('',(-11.05,10.,3.));
#5589=CARTESIAN_POINT('Origin',(-10.,10.,3.));
#5590=CARTESIAN_POINT('',(8.95,-10.,3.));
#5591=CARTESIAN_POINT('Origin',(10.,-10.,3.));
#5592=CARTESIAN_POINT('',(-11.05,-10.,3.));
#5593=CARTESIAN_POINT('Origin',(-10.,-10.,3.));
#5594=CARTESIAN_POINT('',(-7.29289321881345,3.05025253169417,3.));
#5595=CARTESIAN_POINT('',(-4.94974746830583,0.707106781186551,3.));
#5596=CARTESIAN_POINT('',(-37.476659402887,33.2340187157677,3.));
#5597=CARTESIAN_POINT('',(-4.94974746830583,-0.707106781186542,3.));
#5598=CARTESIAN_POINT('Origin',(-5.65685424949238,4.44089209850063E-15,
3.));
#5599=CARTESIAN_POINT('',(-7.29289321881345,-3.05025253169416,3.));
#5600=CARTESIAN_POINT('',(-2.12132034355965,2.12132034355964,3.));
#5601=CARTESIAN_POINT('',(-9.,-2.34314575050762,3.));
#5602=CARTESIAN_POINT('Origin',(-8.,-2.34314575050762,3.));
#5603=CARTESIAN_POINT('',(-9.,2.34314575050763,3.));
#5604=CARTESIAN_POINT('',(-9.,-9.,3.));
#5605=CARTESIAN_POINT('Origin',(-8.,2.34314575050763,3.));
#5606=CARTESIAN_POINT('',(-3.05025253169418,-7.29289321881345,3.));
#5607=CARTESIAN_POINT('',(-0.707106781186551,-4.94974746830583,3.));
#5608=CARTESIAN_POINT('',(-33.2340187157677,-37.476659402887,3.));
#5609=CARTESIAN_POINT('',(0.707106781186541,-4.94974746830583,3.));
#5610=CARTESIAN_POINT('Origin',(-4.44089209850063E-15,-5.65685424949238,
3.));
#5611=CARTESIAN_POINT('',(3.05025253169416,-7.29289321881345,3.));
#5612=CARTESIAN_POINT('',(-2.12132034355964,-2.12132034355965,3.));
#5613=CARTESIAN_POINT('',(2.34314575050761,-9.,3.));
#5614=CARTESIAN_POINT('Origin',(2.34314575050761,-8.,3.));
#5615=CARTESIAN_POINT('',(-2.34314575050762,-9.,3.));
#5616=CARTESIAN_POINT('',(9.,-9.,3.));
#5617=CARTESIAN_POINT('Origin',(-2.34314575050762,-8.,3.));
#5618=CARTESIAN_POINT('',(7.29289321881345,-3.05025253169417,3.));
#5619=CARTESIAN_POINT('',(4.94974746830583,-0.707106781186551,3.));
#5620=CARTESIAN_POINT('',(37.476659402887,-33.2340187157677,3.));
#5621=CARTESIAN_POINT('',(4.94974746830583,0.707106781186543,3.));
#5622=CARTESIAN_POINT('Origin',(5.65685424949238,-4.44089209850063E-15,
3.));
#5623=CARTESIAN_POINT('',(7.29289321881345,3.05025253169416,3.));
#5624=CARTESIAN_POINT('',(2.12132034355965,-2.12132034355964,3.));
#5625=CARTESIAN_POINT('',(8.99999999999999,2.34314575050761,3.));
#5626=CARTESIAN_POINT('Origin',(7.99999999999999,2.34314575050761,3.));
#5627=CARTESIAN_POINT('',(9.,-2.34314575050763,3.));
#5628=CARTESIAN_POINT('',(8.99999999999999,9.00000000000001,3.));
#5629=CARTESIAN_POINT('Origin',(7.99999999999999,-2.34314575050763,3.));
#5630=CARTESIAN_POINT('',(37.5053390593274,35.3553390593274,3.));
#5631=CARTESIAN_POINT('Origin',(35.3553390593274,35.3553390593274,3.));
#5632=CARTESIAN_POINT('',(31.9053390593274,35.3553390593274,3.));
#5633=CARTESIAN_POINT('Origin',(30.8553390593274,35.3553390593274,3.));
#5634=CARTESIAN_POINT('',(36.4053390593274,30.8553390593274,3.));
#5635=CARTESIAN_POINT('Origin',(35.3553390593274,30.8553390593274,3.));
#5636=CARTESIAN_POINT('',(40.9053390593274,35.3553390593274,3.));
#5637=CARTESIAN_POINT('Origin',(39.8553390593274,35.3553390593274,3.));
#5638=CARTESIAN_POINT('',(36.4053390593274,39.8553390593274,3.));
#5639=CARTESIAN_POINT('Origin',(35.3553390593274,39.8553390593274,3.));
#5640=CARTESIAN_POINT('',(35.3553390593274,-37.5053390593274,3.));
#5641=CARTESIAN_POINT('Origin',(35.3553390593274,-35.3553390593274,3.));
#5642=CARTESIAN_POINT('',(35.3553390593274,-31.9053390593274,3.));
#5643=CARTESIAN_POINT('Origin',(35.3553390593274,-30.8553390593274,3.));
#5644=CARTESIAN_POINT('',(30.8553390593274,-36.4053390593274,3.));
#5645=CARTESIAN_POINT('Origin',(30.8553390593274,-35.3553390593274,3.));
#5646=CARTESIAN_POINT('',(35.3553390593274,-40.9053390593274,3.));
#5647=CARTESIAN_POINT('Origin',(35.3553390593274,-39.8553390593274,3.));
#5648=CARTESIAN_POINT('',(39.8553390593274,-36.4053390593274,3.));
#5649=CARTESIAN_POINT('Origin',(39.8553390593274,-35.3553390593274,3.));
#5650=CARTESIAN_POINT('',(-37.5053390593274,-35.3553390593274,3.));
#5651=CARTESIAN_POINT('Origin',(-35.3553390593274,-35.3553390593274,3.));
#5652=CARTESIAN_POINT('',(-31.9053390593274,-35.3553390593274,3.));
#5653=CARTESIAN_POINT('Origin',(-30.8553390593274,-35.3553390593274,3.));
#5654=CARTESIAN_POINT('',(-36.4053390593274,-30.8553390593274,3.));
#5655=CARTESIAN_POINT('Origin',(-35.3553390593274,-30.8553390593274,3.));
#5656=CARTESIAN_POINT('',(-40.9053390593274,-35.3553390593274,3.));
#5657=CARTESIAN_POINT('Origin',(-39.8553390593274,-35.3553390593274,3.));
#5658=CARTESIAN_POINT('',(-36.4053390593274,-39.8553390593274,3.));
#5659=CARTESIAN_POINT('Origin',(-35.3553390593274,-39.8553390593274,3.));
#5660=CARTESIAN_POINT('',(-35.3553390593274,37.5053390593274,3.));
#5661=CARTESIAN_POINT('Origin',(-35.3553390593274,35.3553390593274,3.));
#5662=CARTESIAN_POINT('',(-35.3553390593274,31.9053390593274,3.));
#5663=CARTESIAN_POINT('Origin',(-35.3553390593274,30.8553390593274,3.));
#5664=CARTESIAN_POINT('',(-30.8553390593274,36.4053390593274,3.));
#5665=CARTESIAN_POINT('Origin',(-30.8553390593274,35.3553390593274,3.));
#5666=CARTESIAN_POINT('',(-35.3553390593274,40.9053390593274,3.));
#5667=CARTESIAN_POINT('Origin',(-35.3553390593274,39.8553390593274,3.));
#5668=CARTESIAN_POINT('',(-39.8553390593274,36.4053390593274,3.));
#5669=CARTESIAN_POINT('Origin',(-39.8553390593274,35.3553390593274,3.));
#5670=CARTESIAN_POINT('',(-2.34314575050762,9.,3.));
#5671=CARTESIAN_POINT('',(2.34314575050763,9.,3.));
#5672=CARTESIAN_POINT('',(-9.,9.,3.));
#5673=CARTESIAN_POINT('',(3.05025253169418,7.29289321881346,3.));
#5674=CARTESIAN_POINT('Origin',(2.34314575050763,8.00000000000001,3.));
#5675=CARTESIAN_POINT('',(0.707106781186546,4.94974746830583,3.));
#5676=CARTESIAN_POINT('',(33.2340187157677,37.476659402887,3.));
#5677=CARTESIAN_POINT('',(-0.707106781186543,4.94974746830583,3.));
#5678=CARTESIAN_POINT('Origin',(4.44089209850063E-15,5.65685424949238,3.));
#5679=CARTESIAN_POINT('',(-3.05025253169417,7.29289321881346,3.));
#5680=CARTESIAN_POINT('',(2.12132034355964,2.12132034355965,3.));
#5681=CARTESIAN_POINT('Origin',(-2.34314575050762,8.,3.));
#5682=CARTESIAN_POINT('',(8.92893218813453,14.,3.));
#5683=CARTESIAN_POINT('',(-8.92893218813452,14.,3.));
#5684=CARTESIAN_POINT('',(14.,14.,3.));
#5685=CARTESIAN_POINT('',(-10.3431457505076,14.5857864376269,3.));
#5686=CARTESIAN_POINT('Origin',(-8.92893218813453,16.,3.));
#5687=CARTESIAN_POINT('',(2.12132034355964,2.12132034355965,3.));
#5688=CARTESIAN_POINT('',(10.3431457505076,14.5857864376269,3.));
#5689=CARTESIAN_POINT('',(33.2340187157677,37.476659402887,3.));
#5690=CARTESIAN_POINT('Origin',(8.92893218813453,16.,3.));
#5691=CARTESIAN_POINT('Origin',(-1.77689392856409E-17,4.24264068711929,
0.));
#5692=CARTESIAN_POINT('',(-26.5016590427477,30.744299729867,0.));
#5693=CARTESIAN_POINT('Origin',(-1.77689392856409E-17,4.24264068711929,
0.));
#5694=CARTESIAN_POINT('',(-10.3431457505076,14.5857864376269,1.5));
#5695=CARTESIAN_POINT('Origin',(27.161117657149,31.4037583442682,0.));
#5696=CARTESIAN_POINT('',(10.3431457505076,14.5857864376269,1.5));
#5697=CARTESIAN_POINT('Origin',(27.161117657149,31.4037583442682,0.));
#5698=CARTESIAN_POINT('',(26.5016590427477,30.744299729867,0.));
#5699=CARTESIAN_POINT('Origin',(4.44089209850063E-15,5.65685424949238,0.));
#5700=CARTESIAN_POINT('',(-0.707106781186542,4.94974746830583,0.));
#5701=CARTESIAN_POINT('',(0.707106781186551,4.94974746830583,0.));
#5702=CARTESIAN_POINT('Origin',(-1.77689392856409E-17,4.24264068711929,
0.));
#5703=CARTESIAN_POINT('',(-3.05025253169417,7.29289321881346,1.5));
#5704=CARTESIAN_POINT('Origin',(-2.34314575050762,-8.,1.5));
#5705=CARTESIAN_POINT('',(-2.34314575050762,-9.,1.5));
#5706=CARTESIAN_POINT('',(-3.05025253169417,-7.29289321881345,1.5));
#5707=CARTESIAN_POINT('Origin',(-9.,-9.,3.));
#5708=CARTESIAN_POINT('',(2.34314575050761,-9.,1.5));
#5709=CARTESIAN_POINT('Origin',(-4.44089209850063E-15,-5.65685424949238,
0.));
#5710=CARTESIAN_POINT('',(0.707106781186542,-4.94974746830583,0.));
#5711=CARTESIAN_POINT('',(-0.707106781186551,-4.94974746830583,0.));
#5712=CARTESIAN_POINT('Origin',(-5.01804694455656E-16,-4.24264068711929,
0.));
#5713=CARTESIAN_POINT('',(3.05025253169416,-7.29289321881345,1.5));
#5714=CARTESIAN_POINT('Origin',(2.34314575050761,-8.,1.5));
#5715=CARTESIAN_POINT('Origin',(7.99999999999999,-2.34314575050763,1.5));
#5716=CARTESIAN_POINT('',(8.99999999999999,-2.34314575050763,1.5));
#5717=CARTESIAN_POINT('',(7.29289321881345,-3.05025253169417,1.5));
#5718=CARTESIAN_POINT('Origin',(9.,-9.,3.));
#5719=CARTESIAN_POINT('',(8.99999999999999,2.34314575050761,1.5));
#5720=CARTESIAN_POINT('Origin',(2.34314575050763,8.00000000000001,1.5));
#5721=CARTESIAN_POINT('',(2.34314575050763,9.,1.5));
#5722=CARTESIAN_POINT('',(3.05025253169418,7.29289321881346,1.5));
#5723=CARTESIAN_POINT('Origin',(8.99999999999999,9.00000000000001,3.));
#5724=CARTESIAN_POINT('',(-2.34314575050762,9.,1.5));
#5725=CARTESIAN_POINT('Origin',(7.99999999999999,2.34314575050761,1.5));
#5726=CARTESIAN_POINT('',(7.29289321881345,3.05025253169416,1.5));
#5727=CARTESIAN_POINT('Origin',(5.65685424949238,-4.44089209850063E-15,
0.));
#5728=CARTESIAN_POINT('',(4.94974746830583,0.707106781186542,0.));
#5729=CARTESIAN_POINT('',(4.94974746830583,-0.707106781186551,0.));
#5730=CARTESIAN_POINT('Origin',(4.24264068711929,2.77555756156289E-16,0.));
#5731=CARTESIAN_POINT('Origin',(-5.65685424949238,4.44089209850063E-15,
0.));
#5732=CARTESIAN_POINT('',(-4.94974746830583,-0.707106781186542,0.));
#5733=CARTESIAN_POINT('',(-4.94974746830583,0.707106781186551,0.));
#5734=CARTESIAN_POINT('Origin',(-4.24264068711929,2.42017877585007E-16,
0.));
#5735=CARTESIAN_POINT('',(-7.29289321881345,-3.05025253169416,1.5));
#5736=CARTESIAN_POINT('Origin',(-8.,-2.34314575050762,1.5));
#5737=CARTESIAN_POINT('',(-9.,-2.34314575050762,1.5));
#5738=CARTESIAN_POINT('Origin',(-9.,9.,3.));
#5739=CARTESIAN_POINT('',(-9.,2.34314575050763,1.5));
#5740=CARTESIAN_POINT('Origin',(-8.,2.34314575050763,1.5));
#5741=CARTESIAN_POINT('',(-7.29289321881346,3.05025253169417,1.5));
#5742=CARTESIAN_POINT('Origin',(-2.34314575050762,8.,1.5));
#5743=CARTESIAN_POINT('Origin',(-32.1585132922401,-25.0874454803746,0.));
#5744=CARTESIAN_POINT('',(-32.3328247777354,-27.0798348765581,0.));
#5745=CARTESIAN_POINT('',(-30.744299729867,-26.5016590427477,0.));
#5746=CARTESIAN_POINT('Origin',(-31.4037583442683,-27.161117657149,0.));
#5747=CARTESIAN_POINT('',(-35.6764511927336,-26.78730547018,0.));
#5748=CARTESIAN_POINT('Origin',(-35.8507626782289,-28.7796948663634,0.));
#5749=CARTESIAN_POINT('',(-37.264976240602,-27.3654813039903,0.));
#5750=CARTESIAN_POINT('Origin',(-36.6055176262008,-26.7060226895891,0.));
#5751=CARTESIAN_POINT('',(-40.3050865276332,-30.4055915910216,0.));
#5752=CARTESIAN_POINT('Origin',(-28.7796948663634,-35.8507626782289,0.));
#5753=CARTESIAN_POINT('',(-27.3654813039903,-37.264976240602,0.));
#5754=CARTESIAN_POINT('',(-26.78730547018,-35.6764511927336,0.));
#5755=CARTESIAN_POINT('Origin',(-30.4055915910215,-40.3050865276332,0.));
#5756=CARTESIAN_POINT('',(-30.4055915910215,-40.3050865276332,0.));
#5757=CARTESIAN_POINT('Origin',(-25.0874454803746,-32.1585132922401,0.));
#5758=CARTESIAN_POINT('',(-27.0798348765581,-32.3328247777354,0.));
#5759=CARTESIAN_POINT('Origin',(35.8507626782289,-28.7796948663634,0.));
#5760=CARTESIAN_POINT('',(37.264976240602,-27.3654813039904,0.));
#5761=CARTESIAN_POINT('',(35.6764511927336,-26.78730547018,0.));
#5762=CARTESIAN_POINT('Origin',(36.6055176262008,-26.7060226895891,0.));
#5763=CARTESIAN_POINT('',(32.3328247777354,-27.0798348765581,0.));
#5764=CARTESIAN_POINT('Origin',(32.1585132922401,-25.0874454803746,0.));
#5765=CARTESIAN_POINT('',(30.744299729867,-26.5016590427477,0.));
#5766=CARTESIAN_POINT('Origin',(31.4037583442682,-27.161117657149,0.));
#5767=CARTESIAN_POINT('',(14.5857864376269,-10.3431457505076,1.5));
#5768=CARTESIAN_POINT('Origin',(25.0874454803746,-32.1585132922401,0.));
#5769=CARTESIAN_POINT('',(27.0798348765581,-32.3328247777354,0.));
#5770=CARTESIAN_POINT('Origin',(27.161117657149,-31.4037583442683,0.));
#5771=CARTESIAN_POINT('',(26.7873054701799,-35.6764511927336,0.));
#5772=CARTESIAN_POINT('Origin',(28.7796948663634,-35.8507626782289,0.));
#5773=CARTESIAN_POINT('',(27.3654813039903,-37.264976240602,0.));
#5774=CARTESIAN_POINT('Origin',(-28.7796948663634,35.8507626782289,0.));
#5775=CARTESIAN_POINT('',(-26.78730547018,35.6764511927336,0.));
#5776=CARTESIAN_POINT('',(-27.3654813039903,37.264976240602,0.));
#5777=CARTESIAN_POINT('Origin',(-27.161117657149,31.4037583442683,0.));
#5778=CARTESIAN_POINT('',(-27.0798348765581,32.3328247777354,0.));
#5779=CARTESIAN_POINT('Origin',(-25.0874454803746,32.1585132922401,0.));
#5780=CARTESIAN_POINT('Origin',(-32.1585132922401,25.0874454803746,0.));
#5781=CARTESIAN_POINT('',(-30.744299729867,26.5016590427477,0.));
#5782=CARTESIAN_POINT('',(-32.3328247777354,27.0798348765581,0.));
#5783=CARTESIAN_POINT('Origin',(-31.4037583442682,27.161117657149,0.));
#5784=CARTESIAN_POINT('',(-14.5857864376269,10.3431457505076,1.5));
#5785=CARTESIAN_POINT('Origin',(-35.8507626782289,28.7796948663634,0.));
#5786=CARTESIAN_POINT('',(-37.264976240602,27.3654813039903,0.));
#5787=CARTESIAN_POINT('',(-35.6764511927336,26.78730547018,0.));
#5788=CARTESIAN_POINT('Origin',(-36.6055176262008,26.7060226895891,0.));
#5789=CARTESIAN_POINT('Origin',(28.7796948663634,35.8507626782289,0.));
#5790=CARTESIAN_POINT('',(27.3654813039903,37.264976240602,0.));
#5791=CARTESIAN_POINT('',(26.7873054701799,35.6764511927336,0.));
#5792=CARTESIAN_POINT('Origin',(30.4055915910215,40.3050865276332,0.));
#5793=CARTESIAN_POINT('',(30.4055915910215,40.3050865276332,0.));
#5794=CARTESIAN_POINT('Origin',(25.0874454803746,32.1585132922401,0.));
#5795=CARTESIAN_POINT('',(27.0798348765581,32.3328247777354,0.));
#5796=CARTESIAN_POINT('Origin',(32.1585132922401,25.0874454803746,0.));
#5797=CARTESIAN_POINT('',(32.3328247777354,27.0798348765581,0.));
#5798=CARTESIAN_POINT('',(30.744299729867,26.5016590427477,0.));
#5799=CARTESIAN_POINT('Origin',(31.4037583442683,27.161117657149,0.));
#5800=CARTESIAN_POINT('',(35.6764511927336,26.78730547018,0.));
#5801=CARTESIAN_POINT('Origin',(35.8507626782289,28.7796948663634,0.));
#5802=CARTESIAN_POINT('',(37.264976240602,27.3654813039904,0.));
#5803=CARTESIAN_POINT('Origin',(36.6055176262008,26.7060226895891,0.));
#5804=CARTESIAN_POINT('',(40.3050865276332,30.4055915910216,0.));
#5805=CARTESIAN_POINT('Origin',(-30.7727633643715,5.00000000000001,3.));
#5806=CARTESIAN_POINT('',(-30.7727633643715,3.00000000000001,3.));
#5807=CARTESIAN_POINT('',(-32.6057936423539,4.20000000000001,3.));
#5808=CARTESIAN_POINT('Origin',(-32.3553390593274,3.00000000000001,3.));
#5809=CARTESIAN_POINT('',(-16.,3.00000000000001,3.));
#5810=CARTESIAN_POINT('Origin',(-30.7727633643715,-5.,3.));
#5811=CARTESIAN_POINT('',(-32.6057936423539,-4.2,3.));
#5812=CARTESIAN_POINT('',(-30.7727633643715,-2.99999999999999,3.));
#5813=CARTESIAN_POINT('Origin',(-35.3553390593274,-3.,3.));
#5814=CARTESIAN_POINT('',(-38.3553390593274,-3.,3.));
#5815=CARTESIAN_POINT('Origin',(-3.,35.3553390593274,3.));
#5816=CARTESIAN_POINT('',(-3.,38.3553390593274,3.));
#5817=CARTESIAN_POINT('Origin',(30.7727633643715,5.,3.));
#5818=CARTESIAN_POINT('',(32.6057936423539,4.2,3.));
#5819=CARTESIAN_POINT('',(30.7727633643715,3.,3.));
#5820=CARTESIAN_POINT('Origin',(35.3553390593274,3.,3.));
#5821=CARTESIAN_POINT('',(38.3553390593274,3.,3.));
#5822=CARTESIAN_POINT('Origin',(30.7727633643715,-5.,3.));
#5823=CARTESIAN_POINT('',(30.7727633643715,-3.,3.));
#5824=CARTESIAN_POINT('',(32.6057936423539,-4.2,3.));
#5825=CARTESIAN_POINT('Origin',(32.3553390593274,-3.,3.));
#5826=CARTESIAN_POINT('',(16.,-3.,3.));
#5827=CARTESIAN_POINT('Origin',(-16.,-8.92893218813452,1.5));
#5828=CARTESIAN_POINT('',(-14.,-8.92893218813452,1.5));
#5829=CARTESIAN_POINT('',(-14.5857864376269,-10.3431457505076,1.5));
#5830=CARTESIAN_POINT('Origin',(-14.,-14.,3.));
#5831=CARTESIAN_POINT('',(-14.,-4.99999999999999,3.));
#5832=CARTESIAN_POINT('Origin',(-8.92893218813453,16.,1.5));
#5833=CARTESIAN_POINT('',(-8.92893218813453,14.,1.5));
#5834=CARTESIAN_POINT('Origin',(-16.,8.92893218813453,1.5));
#5835=CARTESIAN_POINT('',(-14.,8.92893218813453,1.5));
#5836=CARTESIAN_POINT('Origin',(-14.,-14.,3.));
#5837=CARTESIAN_POINT('',(-14.,5.00000000000001,3.));
#5838=CARTESIAN_POINT('Origin',(8.92893218813451,-16.,1.5));
#5839=CARTESIAN_POINT('',(8.92893218813451,-14.,1.5));
#5840=CARTESIAN_POINT('Origin',(14.,-14.,3.));
#5841=CARTESIAN_POINT('',(-8.92893218813453,-14.,1.5));
#5842=CARTESIAN_POINT('Origin',(16.,-8.92893218813452,1.5));
#5843=CARTESIAN_POINT('',(14.,-8.92893218813452,1.5));
#5844=CARTESIAN_POINT('Origin',(14.,14.,3.));
#5845=CARTESIAN_POINT('',(14.,-5.,3.));
#5846=CARTESIAN_POINT('Origin',(16.,-5.,3.));
#5847=CARTESIAN_POINT('Origin',(16.,5.,3.));
#5848=CARTESIAN_POINT('',(16.,3.,3.));
#5849=CARTESIAN_POINT('',(14.,4.99999999999999,3.));
#5850=CARTESIAN_POINT('Origin',(14.,3.,3.));
#5851=CARTESIAN_POINT('Origin',(16.,8.92893218813451,1.5));
#5852=CARTESIAN_POINT('',(14.,8.92893218813451,1.5));
#5853=CARTESIAN_POINT('',(14.5857864376269,10.3431457505076,1.5));
#5854=CARTESIAN_POINT('Origin',(14.,14.,3.));
#5855=CARTESIAN_POINT('Origin',(8.92893218813453,16.,1.5));
#5856=CARTESIAN_POINT('',(8.92893218813453,14.,1.5));
#5857=CARTESIAN_POINT('Origin',(-14.,14.,3.));
#5858=CARTESIAN_POINT('Origin',(-16.,5.00000000000001,3.));
#5859=CARTESIAN_POINT('Origin',(-16.,-4.99999999999999,3.));
#5860=CARTESIAN_POINT('',(-16.,-2.99999999999999,3.));
#5861=CARTESIAN_POINT('Origin',(-14.,-2.99999999999999,3.));
#5862=CARTESIAN_POINT('Origin',(-8.92893218813453,-16.,1.5));
#5863=CARTESIAN_POINT('Origin',(2.99999999999999,-35.3553390593274,3.));
#5864=CARTESIAN_POINT('',(2.99999999999999,-38.3553390593274,3.));
#5865=CARTESIAN_POINT('Origin',(2.99999999999999,-35.3553390593274,3.));
#5866=CARTESIAN_POINT('',(2.99999999999999,-36.4053390593274,3.));
#5867=CARTESIAN_POINT('Origin',(-3.00000000000001,-35.3553390593274,3.));
#5868=CARTESIAN_POINT('',(-3.00000000000001,-36.4053390593274,3.));
#5869=CARTESIAN_POINT('Origin',(-3.00000000000001,-35.3553390593274,3.));
#5870=CARTESIAN_POINT('',(-3.00000000000001,-38.3553390593274,3.));
#5871=CARTESIAN_POINT('Origin',(2.99999999999999,-38.3553390593274,3.));
#5872=CARTESIAN_POINT('Origin',(-35.3553390593274,-3.,3.));
#5873=CARTESIAN_POINT('',(-36.4053390593274,-3.,3.));
#5874=CARTESIAN_POINT('Origin',(-35.3553390593274,3.,3.));
#5875=CARTESIAN_POINT('',(-36.4053390593274,3.,3.));
#5876=CARTESIAN_POINT('Origin',(-35.3553390593274,3.,3.));
#5877=CARTESIAN_POINT('',(-38.3553390593274,3.,3.));
#5878=CARTESIAN_POINT('Origin',(-38.3553390593274,-3.,3.));
#5879=CARTESIAN_POINT('Origin',(-3.,35.3553390593274,3.));
#5880=CARTESIAN_POINT('',(-3.,36.4053390593274,3.));
#5881=CARTESIAN_POINT('Origin',(3.,35.3553390593274,3.));
#5882=CARTESIAN_POINT('',(3.,36.4053390593274,3.));
#5883=CARTESIAN_POINT('Origin',(3.,35.3553390593274,3.));
#5884=CARTESIAN_POINT('',(3.,38.3553390593274,3.));
#5885=CARTESIAN_POINT('Origin',(-3.,38.3553390593274,3.));
#5886=CARTESIAN_POINT('Origin',(35.3553390593274,3.,3.));
#5887=CARTESIAN_POINT('',(36.4053390593274,3.,3.));
#5888=CARTESIAN_POINT('Origin',(35.3553390593274,-3.,3.));
#5889=CARTESIAN_POINT('',(36.4053390593274,-3.,3.));
#5890=CARTESIAN_POINT('Origin',(35.3553390593274,-3.,3.));
#5891=CARTESIAN_POINT('',(38.3553390593274,-3.,3.));
#5892=CARTESIAN_POINT('Origin',(38.3553390593274,3.,3.));
#5893=CARTESIAN_POINT('Origin',(10.,10.,3.));
#5894=CARTESIAN_POINT('',(8.95,10.,3.));
#5895=CARTESIAN_POINT('Origin',(-10.,10.,3.));
#5896=CARTESIAN_POINT('',(-11.05,10.,3.));
#5897=CARTESIAN_POINT('Origin',(10.,-10.,3.));
#5898=CARTESIAN_POINT('',(8.95,-10.,3.));
#5899=CARTESIAN_POINT('Origin',(-10.,-10.,3.));
#5900=CARTESIAN_POINT('',(-11.05,-10.,3.));
#5901=CARTESIAN_POINT('Origin',(-31.4037583442682,27.161117657149,0.));
#5902=CARTESIAN_POINT('Origin',(-4.24264068711929,2.42017877585007E-16,
0.));
#5903=CARTESIAN_POINT('Origin',(4.24264068711929,2.77555756156289E-16,0.));
#5904=CARTESIAN_POINT('Origin',(39.8553390593274,-35.3553390593274,0.));
#5905=CARTESIAN_POINT('',(39.8553390593274,-36.4053390593274,0.));
#5906=CARTESIAN_POINT('Origin',(35.3553390593274,-39.8553390593274,0.));
#5907=CARTESIAN_POINT('',(35.3553390593274,-40.9053390593274,0.));
#5908=CARTESIAN_POINT('Origin',(30.8553390593274,-35.3553390593274,0.));
#5909=CARTESIAN_POINT('',(30.8553390593274,-36.4053390593274,0.));
#5910=CARTESIAN_POINT('Origin',(35.3553390593274,-30.8553390593274,0.));
#5911=CARTESIAN_POINT('',(35.3553390593274,-31.9053390593274,0.));
#5912=CARTESIAN_POINT('Origin',(35.3553390593274,-35.3553390593274,0.));
#5913=CARTESIAN_POINT('',(35.3553390593274,-37.5053390593274,0.));
#5914=CARTESIAN_POINT('Origin',(26.7060226895891,-36.6055176262008,0.));
#5915=CARTESIAN_POINT('',(30.4055915910216,-40.3050865276332,0.));
#5916=CARTESIAN_POINT('Origin',(31.4037583442682,-27.161117657149,0.));
#5917=CARTESIAN_POINT('Origin',(40.3050865276332,-30.4055915910215,0.));
#5918=CARTESIAN_POINT('',(40.3050865276332,-30.4055915910215,0.));
#5919=CARTESIAN_POINT('Origin',(35.3553390593274,-35.3553390593274,0.));
#5920=CARTESIAN_POINT('Origin',(-35.3553390593274,-39.8553390593274,0.));
#5921=CARTESIAN_POINT('',(-36.4053390593274,-39.8553390593274,0.));
#5922=CARTESIAN_POINT('Origin',(-39.8553390593274,-35.3553390593274,0.));
#5923=CARTESIAN_POINT('',(-40.9053390593274,-35.3553390593274,0.));
#5924=CARTESIAN_POINT('Origin',(-35.3553390593274,-30.8553390593274,0.));
#5925=CARTESIAN_POINT('',(-36.4053390593274,-30.8553390593274,0.));
#5926=CARTESIAN_POINT('Origin',(-30.8553390593274,-35.3553390593274,0.));
#5927=CARTESIAN_POINT('',(-31.9053390593274,-35.3553390593274,0.));
#5928=CARTESIAN_POINT('Origin',(-35.3553390593274,-35.3553390593274,0.));
#5929=CARTESIAN_POINT('',(-37.5053390593274,-35.3553390593274,0.));
#5930=CARTESIAN_POINT('Origin',(-27.161117657149,-31.4037583442682,0.));
#5931=CARTESIAN_POINT('Origin',(-26.7060226895891,-36.6055176262008,0.));
#5932=CARTESIAN_POINT('Origin',(-35.3553390593274,-35.3553390593274,0.));
#5933=CARTESIAN_POINT('Origin',(-39.8553390593274,35.3553390593274,0.));
#5934=CARTESIAN_POINT('',(-39.8553390593274,36.4053390593274,0.));
#5935=CARTESIAN_POINT('Origin',(-35.3553390593274,39.8553390593274,0.));
#5936=CARTESIAN_POINT('',(-35.3553390593274,40.9053390593274,0.));
#5937=CARTESIAN_POINT('Origin',(-30.8553390593274,35.3553390593274,0.));
#5938=CARTESIAN_POINT('',(-30.8553390593274,36.4053390593274,0.));
#5939=CARTESIAN_POINT('Origin',(-35.3553390593274,30.8553390593274,0.));
#5940=CARTESIAN_POINT('',(-35.3553390593274,31.9053390593274,0.));
#5941=CARTESIAN_POINT('Origin',(-35.3553390593274,35.3553390593274,0.));
#5942=CARTESIAN_POINT('',(-35.3553390593274,37.5053390593274,0.));
#5943=CARTESIAN_POINT('Origin',(-26.7060226895891,36.6055176262008,0.));
#5944=CARTESIAN_POINT('',(-30.4055915910216,40.3050865276332,0.));
#5945=CARTESIAN_POINT('Origin',(-40.3050865276332,30.4055915910215,0.));
#5946=CARTESIAN_POINT('',(-40.3050865276332,30.4055915910215,0.));
#5947=CARTESIAN_POINT('Origin',(-35.3553390593274,35.3553390593274,0.));
#5948=CARTESIAN_POINT('Origin',(35.3553390593274,39.8553390593274,0.));
#5949=CARTESIAN_POINT('',(36.4053390593274,39.8553390593274,0.));
#5950=CARTESIAN_POINT('Origin',(39.8553390593274,35.3553390593274,0.));
#5951=CARTESIAN_POINT('',(40.9053390593274,35.3553390593274,0.));
#5952=CARTESIAN_POINT('Origin',(35.3553390593274,30.8553390593274,0.));
#5953=CARTESIAN_POINT('',(36.4053390593274,30.8553390593274,0.));
#5954=CARTESIAN_POINT('Origin',(30.8553390593274,35.3553390593274,0.));
#5955=CARTESIAN_POINT('',(31.9053390593274,35.3553390593274,0.));
#5956=CARTESIAN_POINT('Origin',(35.3553390593274,35.3553390593274,0.));
#5957=CARTESIAN_POINT('',(37.5053390593274,35.3553390593274,0.));
#5958=CARTESIAN_POINT('Origin',(27.161117657149,31.4037583442682,0.));
#5959=CARTESIAN_POINT('Origin',(26.7060226895891,36.6055176262008,0.));
#5960=CARTESIAN_POINT('Origin',(35.3553390593274,35.3553390593274,0.));
#5961=UNCERTAINTY_MEASURE_WITH_UNIT(LENGTH_MEASURE(0.01),#5965,
'DISTANCE_ACCURACY_VALUE',
'Maximum model space distance between geometric entities at asserted c
onnectivities');
#5962=UNCERTAINTY_MEASURE_WITH_UNIT(LENGTH_MEASURE(0.01),#5965,
'DISTANCE_ACCURACY_VALUE',
'Maximum model space distance between geometric entities at asserted c
onnectivities');
#5963=(
GEOMETRIC_REPRESENTATION_CONTEXT(3)
GLOBAL_UNCERTAINTY_ASSIGNED_CONTEXT((#5961))
GLOBAL_UNIT_ASSIGNED_CONTEXT((#5965,#5967,#5968))
REPRESENTATION_CONTEXT('','3D')
);
#5964=(
GEOMETRIC_REPRESENTATION_CONTEXT(3)
GLOBAL_UNCERTAINTY_ASSIGNED_CONTEXT((#5962))
GLOBAL_UNIT_ASSIGNED_CONTEXT((#5965,#5967,#5968))
REPRESENTATION_CONTEXT('','3D')
);
#5965=(
LENGTH_UNIT()
NAMED_UNIT(*)
SI_UNIT(.MILLI.,.METRE.)
);
#5966=(
LENGTH_UNIT()
NAMED_UNIT(*)
SI_UNIT(.CENTI.,.METRE.)
);
#5967=(
NAMED_UNIT(*)
PLANE_ANGLE_UNIT()
SI_UNIT($,.RADIAN.)
);
#5968=(
NAMED_UNIT(*)
SI_UNIT($,.STERADIAN.)
SOLID_ANGLE_UNIT()
);
#5969=SHAPE_DEFINITION_REPRESENTATION(#5970,#5971);
#5970=PRODUCT_DEFINITION_SHAPE('',$,#5973);
#5971=SHAPE_REPRESENTATION('',(#3517),#5963);
#5972=PRODUCT_DEFINITION_CONTEXT('part definition',#5977,'design');
#5973=PRODUCT_DEFINITION('\X2\673A67B6\X0\','\X2\673A67B6\X0\',#5974,#5972);
#5974=PRODUCT_DEFINITION_FORMATION('',$,#5979);
#5975=PRODUCT_RELATED_PRODUCT_CATEGORY('\X2\673A67B6\X0\','\X2\673A67B6\X0\',
(#5979));
#5976=APPLICATION_PROTOCOL_DEFINITION('international standard',
'automotive_design',2009,#5977);
#5977=APPLICATION_CONTEXT(
'Core Data for Automotive Mechanical Design Process');
#5978=PRODUCT_CONTEXT('part definition',#5977,'mechanical');
#5979=PRODUCT('\X2\673A67B6\X0\','\X2\673A67B6\X0\',$,(#5978));
#5980=PRESENTATION_STYLE_ASSIGNMENT((#5981));
#5981=SURFACE_STYLE_USAGE(.BOTH.,#5984);
#5982=SURFACE_STYLE_RENDERING_WITH_PROPERTIES($,#5988,(#5983));
#5983=SURFACE_STYLE_TRANSPARENT(0.);
#5984=SURFACE_SIDE_STYLE('',(#5985,#5982));
#5985=SURFACE_STYLE_FILL_AREA(#5986);
#5986=FILL_AREA_STYLE('',(#5987));
#5987=FILL_AREA_STYLE_COLOUR('',#5988);
#5988=COLOUR_RGB('',0.749019607843137,0.749019607843137,0.749019607843137);
ENDSEC;
END-ISO-10303-21;
